duration,protocol_type,service,flag,src_bytes,dst_bytes,land,wrong_fragment,urgent,hot,num_failed_logins,logged_in,num_compromised,root_shell,su_attempted,num_root,num_file_creations,num_shells,num_access_files,num_outbound_cmds,is_host_login,is_guest_login,count,srv_count,serror_rate,srv_serror_rate,rerror_rate,srv_rerror_rate,same_srv_rate,diff_srv_rate,srv_diff_host_rate,dst_host_count,dst_host_srv_count,dst_host_same_srv_rate,dst_host_diff_srv_rate,dst_host_same_src_port_rate,dst_host_srv_diff_host_rate,dst_host_serror_rate,dst_host_srv_serror_rate,dst_host_rerror_rate,dst_host_srv_rerror_rate,label
0,tcp,private,S0,0,0,0,0,0,0,0,0,0,0,0,0,0,0,0,0,0,0,174,2,1.0,1.0,0.0,0.0,0.01,0.06,0.0,20,2,0.1,0.25,0.05,0.0,0.3,1.0,0.05,0.0,neptune
0,tcp,private,REJ,0,0,0,0,0,0,0,0,0,0,0,0,0,0,0,0,0,0,1,1,0.0,0.0,1.0,1.0,1.0,0.0,0.0,67,2,0.01,1.0,0.01,1.0,0.0,0.0,0.91,1.0,ipsweep
0,tcp,private,REJ,0,0,0,0,0,0,0,0,0,0,0,0,0,0,0,0,0,0,131,8,0.0,0.0,1.0,1.0,0.06,0.06,0.0,255,8,0.03,0.07,0.0,0.0,0.0,0.0,1.0,1.0,neptune
0,tcp,private,REJ,0,0,0,0,0,0,0,0,0,0,0,0,0,0,0,0,0,0,410,1,0.06,0.0,0.93,1.0,0.0,1.0,0.0,255,1,0.0,1.0,0.0,0.0,0.09,0.0,0.91,1.0,satan
0,tcp,http,SF,216,280,0,0,0,0,0,1,0,0,0,0,0,0,0,0,0,0,6,12,0.0,0.0,0.0,0.0,1.0,0.0,0.17,255,255,1.0,0.0,0.0,0.0,0.0,0.0,0.0,0.0,normal
1995,udp,other,SF,147,105,0,0,0,0,0,0,0,0,0,0,0,0,0,0,0,0,5,2,0.0,0.0,0.0,0.0,0.4,0.6,0.0,255,2,0.01,0.84,1.0,0.0,0.0,0.0,0.0,0.0,normal
0,tcp,private,S0,0,0,0,0,0,0,0,0,0,0,0,0,0,0,0,0,0,0,264,3,1.0,1.0,0.0,0.0,0.01,0.06,0.0,255,7,0.03,0.07,0.0,0.0,1.0,1.0,0.0,0.0,neptune
0,tcp,http,SF,369,1398,0,0,0,0,0,1,0,0,0,0,0,0,0,0,0,0,3,3,0.0,0.0,0.0,0.0,1.0,0.0,0.0,255,255,1.0,0.0,0.0,0.0,0.0,0.0,0.0,0.0,normal
0,tcp,ftp_data,SF,10044,0,0,0,0,0,0,1,0,0,0,0,0,0,0,0,0,0,13,13,0.0,0.0,0.0,0.0,1.0,0.0,0.0,125,85,0.3,0.02,0.3,0.02,0.0,0.0,0.0,0.0,normal
0,tcp,http,SF,231,479,0,0,0,0,0,1,0,0,0,0,0,0,0,0,0,0,4,4,0.0,0.0,0.0,0.0,1.0,0.0,0.0,38,133,1.0,0.0,0.03,0.05,0.0,0.0,0.0,0.0,normal
0,tcp,http,SF,191,887,0,0,0,0,0,1,0,0,0,0,0,0,0,0,0,0,9,12,0.0,0.0,0.0,0.0,1.0,0.0,0.17,255,255,1.0,0.0,0.0,0.0,0.0,0.0,0.0,0.0,normal
0,tcp,smtp,SF,130,238,0,0,0,0,0,1,0,0,0,0,0,0,0,0,0,0,1,1,0.0,0.0,0.0,0.0,1.0,0.0,0.0,112,11,0.1,0.63,0.01,0.0,0.0,0.0,0.6,0.0,normal
0,tcp,http,SF,262,392,0,0,0,0,0,1,0,0,0,0,0,0,0,0,0,0,36,36,0.0,0.0,0.0,0.0,1.0,0.0,0.0,255,255,1.0,0.0,0.0,0.0,0.0,0.0,0.0,0.0,normal
0,tcp,http,SF,238,5423,0,0,0,0,0,1,0,0,0,0,0,0,0,0,0,0,5,5,0.0,0.0,0.0,0.0,1.0,0.0,0.0,56,255,1.0,0.0,0.02,0.06,0.0,0.01,0.0,0.0,normal
0,tcp,ftp_data,S0,0,0,0,0,0,0,0,0,0,0,0,0,0,0,0,0,0,0,26,5,1.0,1.0,0.0,0.0,0.19,0.15,0.0,255,58,0.23,0.03,0.0,0.0,1.0,1.0,0.0,0.0,neptune
0,tcp,http,SF,232,2180,0,0,0,0,0,1,0,0,0,0,0,0,0,0,0,0,15,15,0.0,0.0,0.0,0.0,1.0,0.0,0.0,255,255,1.0,0.0,0.0,0.0,0.0,0.0,0.0,0.0,normal
1,tcp,whois,RSTOS0,0,0,0,0,0,0,0,0,0,0,0,0,0,0,0,0,0,0,161,2,0.69,0.5,0.31,0.5,0.01,0.39,0.0,255,2,0.01,0.24,0.63,0.0,0.44,0.5,0.2,0.5,portsweep
0,tcp,http,SF,325,870,0,0,0,0,0,1,0,0,0,0,0,0,0,0,0,0,12,12,0.0,0.0,0.0,0.0,1.0,0.0,0.0,200,255,1.0,0.0,0.0,0.01,0.0,0.0,0.0,0.01,normal
0,tcp,private,S0,0,0,0,0,0,0,0,0,0,0,0,0,0,0,0,0,0,0,219,10,1.0,1.0,0.0,0.0,0.05,0.07,0.0,255,12,0.05,0.06,0.0,0.0,1.0,1.0,0.0,0.0,neptune
0,tcp,http,REJ,0,0,0,0,0,0,0,0,0,0,0,0,0,0,0,0,0,0,1,1,0.0,0.0,1.0,1.0,1.0,0.0,0.0,12,253,1.0,0.0,0.08,0.15,0.0,0.0,1.0,1.0,normal
0,udp,domain_u,SF,42,42,0,0,0,0,0,0,0,0,0,0,0,0,0,0,0,0,12,21,0.0,0.0,0.0,0.0,1.0,0.0,0.24,255,255,1.0,0.0,0.0,0.0,0.0,0.0,0.0,0.0,normal
0,tcp,courier,REJ,0,0,0,0,0,0,0,0,0,0,0,0,0,0,0,0,0,0,106,7,0.0,0.0,1.0,1.0,0.07,0.07,0.0,255,7,0.03,0.05,0.0,0.0,0.0,0.0,1.0,1.0,neptune
0,tcp,smtp,SF,1721,388,0,0,0,0,0,1,0,0,0,0,0,0,0,0,0,0,1,1,0.0,0.0,0.0,0.0,1.0,0.0,0.0,141,174,0.53,0.03,0.01,0.01,0.01,0.0,0.05,0.0,normal
0,tcp,ftp_data,SF,1363,0,0,0,0,0,0,0,0,0,0,0,0,0,0,0,0,0,17,17,0.0,0.0,0.0,0.0,1.0,0.0,0.0,210,62,0.3,0.03,0.3,0.0,0.0,0.0,0.0,0.0,normal
0,tcp,http,SF,225,788,0,0,0,0,0,1,0,0,0,0,0,0,0,0,0,0,12,13,0.0,0.0,0.0,0.0,1.0,0.0,0.15,200,255,1.0,0.0,0.0,0.01,0.0,0.0,0.0,0.0,normal
23,tcp,ftp,SF,237,771,0,0,0,4,0,1,0,0,0,0,0,0,0,0,0,1,1,2,0.0,0.0,0.0,0.0,1.0,0.0,1.0,35,9,0.26,0.11,0.03,0.0,0.0,0.0,0.0,0.0,normal
0,icmp,ecr_i,SF,520,0,0,0,0,0,0,0,0,0,0,0,0,0,0,0,0,0,486,486,0.0,0.0,0.0,0.0,1.0,0.0,0.0,67,67,1.0,0.0,1.0,0.0,0.0,0.0,0.0,0.0,smurf
0,tcp,kshell,S0,0,0,0,0,0,0,0,0,0,0,0,0,0,0,0,0,0,0,131,20,1.0,1.0,0.0,0.0,0.15,0.05,0.0,255,20,0.08,0.06,0.0,0.0,1.0,1.0,0.0,0.0,neptune
0,tcp,http,S1,235,28746,0,0,0,0,0,1,0,0,0,0,0,0,0,0,0,0,1,1,1.0,1.0,0.0,0.0,1.0,0.0,0.0,67,251,1.0,0.0,0.01,0.09,0.01,0.0,0.99,0.99,normal
0,tcp,http,SF,221,354,0,0,0,0,0,1,0,0,0,0,0,0,0,0,0,0,17,34,0.0,0.0,0.0,0.0,1.0,0.0,0.06,108,255,1.0,0.0,0.01,0.04,0.0,0.0,0.0,0.0,normal
0,udp,domain_u,SF,33,93,0,0,0,0,0,0,0,0,0,0,0,0,0,0,0,0,4,4,0.0,0.0,0.0,0.0,1.0,0.0,0.0,255,242,0.95,0.01,0.01,0.0,0.0,0.0,0.0,0.0,normal
0,tcp,netbios_dgm,S0,0,0,0,0,0,0,0,0,0,0,0,0,0,0,0,0,0,0,110,22,1.0,1.0,0.0,0.0,0.2,0.05,0.0,255,22,0.09,0.05,0.0,0.0,1.0,1.0,0.0,0.0,neptune
0,tcp,http,SF,318,4214,0,0,0,0,0,1,0,0,0,0,0,0,0,0,0,0,6,6,0.0,0.0,0.0,0.0,1.0,0.0,0.0,255,255,1.0,0.0,0.0,0.0,0.0,0.0,0.0,0.0,normal
0,tcp,http,SF,209,957,0,0,0,0,0,1,0,0,0,0,0,0,0,0,0,0,3,4,0.0,0.0,0.0,0.0,1.0,0.0,0.5,42,255,1.0,0.0,0.02,0.03,0.0,0.0,0.0,0.0,normal
0,tcp,private,S0,0,0,0,0,0,0,0,0,0,0,0,0,0,0,0,0,0,0,99,10,1.0,1.0,0.0,0.0,0.1,0.06,0.0,255,33,0.13,0.05,0.0,0.0,1.0,1.0,0.0,0.0,neptune
0,tcp,auth,SF,9,38,0,0,0,0,0,1,0,0,0,0,0,0,0,0,0,0,1,1,0.0,0.0,0.0,0.0,1.0,0.0,0.0,93,3,0.01,0.05,0.01,0.67,0.0,0.0,0.0,0.0,normal
3,tcp,smtp,SF,1657,330,0,0,0,0,0,1,0,0,0,0,0,0,0,0,0,0,1,1,0.0,0.0,0.0,0.0,1.0,0.0,0.0,38,15,0.39,0.11,0.03,0.0,0.0,0.0,0.0,0.0,normal
539,tcp,other,RSTR,1,0,0,0,0,0,0,0,0,0,0,0,0,0,0,0,0,0,2,2,0.0,0.0,1.0,1.0,1.0,0.0,0.0,255,2,0.01,0.73,1.0,0.0,0.0,0.0,1.0,1.0,portsweep
0,tcp,http,SF,303,1075,0,0,0,0,0,1,0,0,0,0,0,0,0,0,0,0,2,2,0.0,0.0,0.0,0.0,1.0,0.0,0.0,255,243,0.95,0.01,0.0,0.0,0.0,0.0,0.0,0.0,normal
0,tcp,ftp_data,SF,245,0,0,0,0,0,0,0,0,0,0,0,0,0,0,0,0,0,2,2,0.0,0.0,0.0,0.0,1.0,0.0,0.0,46,2,0.04,0.09,0.04,0.0,0.0,0.0,0.0,0.0,normal
0,udp,domain_u,SF,37,97,0,0,0,0,0,0,0,0,0,0,0,0,0,0,0,0,1,8,0.0,0.0,0.0,0.0,1.0,0.0,0.38,42,26,0.62,0.07,0.02,0.0,0.0,0.0,0.0,0.0,normal
0,tcp,http,SF,54540,8314,0,0,0,2,0,1,1,0,0,0,0,0,0,0,0,0,6,7,0.0,0.0,0.0,0.14,1.0,0.0,0.29,129,129,1.0,0.0,0.01,0.0,0.0,0.0,0.05,0.05,back
0,tcp,http,SF,308,885,0,0,0,0,0,1,0,0,0,0,0,0,0,0,0,0,14,17,0.0,0.0,0.0,0.0,1.0,0.0,0.12,255,255,1.0,0.0,0.0,0.0,0.0,0.0,0.0,0.0,normal
1,tcp,pop_3,SF,48,251,0,0,0,0,0,1,0,0,0,0,0,0,0,0,0,0,1,1,0.0,0.0,0.0,0.0,1.0,0.0,0.0,255,1,0.0,0.02,0.0,0.0,0.0,0.0,0.85,0.0,normal
0,icmp,urp_i,SF,78,0,0,0,0,0,0,0,0,0,0,0,0,0,0,0,0,0,5,1,0.0,0.0,0.0,0.0,0.2,0.4,0.0,255,14,0.05,0.01,0.05,0.0,0.0,0.0,0.0,0.0,normal
0,icmp,ecr_i,SF,1032,0,0,0,0,0,0,0,0,0,0,0,0,0,0,0,0,0,510,510,0.0,0.0,0.0,0.0,1.0,0.0,0.0,255,144,0.56,0.04,0.56,0.0,0.0,0.0,0.0,0.0,smurf
0,udp,private,SF,1,26,0,0,0,0,0,0,0,0,0,0,0,0,0,0,0,0,25,12,0.0,0.0,0.0,0.0,0.48,0.12,0.0,255,12,0.05,0.82,0.19,0.0,0.16,0.0,0.65,0.0,satan
0,udp,domain_u,SF,43,77,0,0,0,0,0,0,0,0,0,0,0,0,0,0,0,0,218,218,0.0,0.0,0.0,0.0,1.0,0.01,0.01,255,254,1.0,0.01,0.0,0.0,0.0,0.0,0.0,0.0,normal
0,tcp,http,SF,221,342,0,0,0,0,0,1,0,0,0,0,0,0,0,0,0,0,9,9,0.0,0.0,0.0,0.0,1.0,0.0,0.0,255,255,1.0,0.0,0.0,0.0,0.0,0.0,0.0,0.0,normal
4,tcp,smtp,SF,1583,333,0,0,0,0,0,1,0,0,0,0,0,0,0,0,0,0,1,3,0.0,0.0,0.0,0.0,1.0,0.0,1.0,90,166,0.58,0.04,0.01,0.02,0.0,0.0,0.0,0.0,normal
0,tcp,supdup,S0,0,0,0,0,0,0,0,0,0,0,0,0,0,0,0,0,0,0,265,8,1.0,1.0,0.0,0.0,0.03,0.05,0.0,255,8,0.03,0.05,0.0,0.0,1.0,1.0,0.0,0.0,neptune
0,tcp,http,SF,164,4097,0,0,0,2,0,1,0,0,0,0,0,0,0,0,0,0,1,4,0.0,0.0,0.0,0.25,1.0,0.0,0.75,255,255,1.0,0.0,0.0,0.0,0.0,0.0,0.0,0.0,normal
0,tcp,http,SF,245,381,0,0,0,0,0,1,0,0,0,0,0,0,0,0,0,0,1,1,0.0,0.0,0.0,0.0,1.0,0.0,0.0,108,255,1.0,0.0,0.01,0.03,0.0,0.0,0.0,0.0,normal
0,udp,domain_u,SF,43,107,0,0,0,0,0,0,0,0,0,0,0,0,0,0,0,0,1,2,0.0,0.0,0.0,0.0,1.0,0.0,1.0,255,236,0.93,0.01,0.01,0.0,0.0,0.0,0.02,0.0,normal
0,tcp,iso_tsap,REJ,0,0,0,0,0,0,0,0,0,0,0,0,0,0,0,0,0,0,242,7,0.0,0.0,1.0,1.0,0.03,0.07,0.0,255,7,0.03,0.07,0.0,0.0,0.0,0.0,1.0,1.0,neptune
0,tcp,http,SF,213,646,0,0,0,0,0,1,0,0,0,0,0,0,0,0,0,0,1,2,0.0,0.0,0.0,0.0,1.0,0.0,1.0,16,255,1.0,0.0,0.06,0.03,0.0,0.0,0.0,0.0,normal
0,tcp,echo,S0,0,0,0,0,0,0,0,0,0,0,0,0,0,0,0,0,0,0,230,13,1.0,1.0,0.0,0.0,0.06,0.06,0.0,255,13,0.05,0.06,0.0,0.0,1.0,1.0,0.0,0.0,neptune
0,icmp,ecr_i,SF,8,0,0,0,0,0,0,0,0,0,0,0,0,0,0,0,0,0,3,3,0.0,0.0,0.0,0.0,1.0,0.0,0.0,3,3,1.0,0.0,1.0,0.0,0.0,0.0,0.0,0.0,ipsweep
0,icmp,ecr_i,SF,520,0,0,0,0,0,0,0,0,0,0,0,0,0,0,0,0,0,479,479,0.0,0.0,0.0,0.0,1.0,0.0,0.0,101,101,1.0,0.0,1.0,0.0,0.0,0.0,0.0,0.0,smurf
0,udp,private,SF,28,0,0,3,0,0,0,0,0,0,0,0,0,0,0,0,0,0,34,34,0.0,0.0,0.0,0.0,1.0,0.0,0.0,255,1,0.0,0.01,0.0,0.0,0.0,0.0,0.0,0.0,teardrop
0,tcp,smtp,SF,1215,340,0,0,0,0,0,1,0,0,0,0,0,0,0,0,0,0,1,1,0.0,0.0,0.0,0.0,1.0,0.0,0.0,161,154,0.65,0.03,0.01,0.01,0.0,0.0,0.0,0.0,normal
0,tcp,ftp_data,S3,12984,0,0,0,0,0,0,1,0,0,0,0,0,0,0,0,0,0,2,2,0.5,0.5,0.0,0.0,1.0,0.0,0.0,191,47,0.1,0.06,0.14,0.04,0.03,0.06,0.0,0.0,normal
3968,udp,other,SF,147,105,0,0,0,0,0,0,0,0,0,0,0,0,0,0,0,0,2,2,0.0,0.0,0.0,0.0,1.0,0.0,0.0,255,4,0.02,0.47,0.8,0.0,0.0,0.0,0.0,0.0,normal
0,udp,domain_u,SF,42,42,0,0,0,0,0,0,0,0,0,0,0,0,0,0,0,0,6,12,0.0,0.0,0.0,0.0,1.0,0.0,0.25,255,242,0.95,0.01,0.0,0.0,0.0,0.0,0.0,0.0,normal
0,tcp,http,SF,331,458,0,0,0,0,0,1,0,0,0,0,0,0,0,0,0,0,45,49,0.02,0.02,0.0,0.0,1.0,0.0,0.06,255,255,1.0,0.0,0.0,0.0,0.0,0.0,0.0,0.0,normal
0,tcp,http,SF,301,2698,0,0,0,0,0,1,0,0,0,0,0,0,1,0,0,0,2,2,0.0,0.0,0.0,0.0,1.0,0.0,0.0,255,252,0.99,0.01,0.0,0.0,0.0,0.0,0.0,0.0,normal
0,tcp,http,SF,340,283,0,0,0,0,0,1,0,0,0,0,0,0,0,0,0,0,8,8,0.0,0.0,0.0,0.0,1.0,0.0,0.0,255,244,0.96,0.01,0.0,0.0,0.0,0.0,0.0,0.0,normal
0,tcp,private,S0,0,0,0,0,0,0,0,0,0,0,0,0,0,0,0,0,0,0,14,6,1.0,1.0,0.0,0.0,0.43,0.21,0.0,255,8,0.03,0.07,0.0,0.0,1.0,1.0,0.0,0.0,neptune
0,tcp,http,SF,246,993,0,0,0,0,0,1,0,0,0,0,0,0,0,0,0,0,15,15,0.0,0.0,0.0,0.0,1.0,0.0,0.0,15,255,1.0,0.0,0.07,0.04,0.0,0.0,0.0,0.0,normal
0,tcp,http,SF,328,2701,0,0,0,0,0,1,0,0,0,0,0,0,0,0,0,0,4,6,0.25,0.17,0.0,0.0,1.0,0.0,0.33,4,255,1.0,0.0,0.25,0.04,0.25,0.0,0.0,0.0,normal
0,tcp,http,SF,286,426,0,0,0,0,0,1,0,0,0,0,0,0,0,0,0,0,15,18,0.0,0.0,0.0,0.0,1.0,0.0,0.22,30,255,1.0,0.0,0.03,0.03,0.0,0.0,0.0,0.0,normal
0,tcp,private,S0,0,0,0,0,0,0,0,0,0,0,0,0,0,0,0,0,0,0,89,2,1.0,1.0,0.0,0.0,0.02,0.07,0.0,255,18,0.07,0.06,0.0,0.0,1.0,1.0,0.0,0.0,neptune
19,tcp,smtp,SF,955,281,0,0,0,0,0,1,0,0,0,0,0,0,0,0,0,0,1,1,0.0,0.0,0.0,0.0,1.0,0.0,0.0,212,156,0.56,0.07,0.0,0.01,0.0,0.0,0.0,0.0,normal
0,tcp,http,S0,0,0,0,0,0,0,0,0,0,0,0,0,0,0,0,0,0,0,21,4,1.0,1.0,0.0,0.0,0.19,0.19,0.0,255,24,0.09,0.07,0.01,0.0,1.0,1.0,0.0,0.0,neptune
0,tcp,http,SF,303,8611,0,0,0,0,0,1,0,0,0,0,0,0,0,0,0,0,2,44,0.0,0.0,0.0,0.0,1.0,0.0,0.07,137,255,1.0,0.0,0.01,0.03,0.0,0.0,0.0,0.0,normal
0,icmp,eco_i,SF,8,0,0,0,0,0,0,0,0,0,0,0,0,0,0,0,0,0,1,8,0.0,0.0,0.0,0.0,1.0,0.0,1.0,2,58,1.0,0.0,1.0,0.5,0.0,0.0,0.0,0.0,ipsweep
0,tcp,http,SF,352,13335,0,0,0,0,0,1,0,0,0,0,0,0,0,0,0,0,11,13,0.0,0.0,0.0,0.0,1.0,0.0,0.15,191,255,1.0,0.0,0.01,0.03,0.01,0.0,0.0,0.0,normal
0,tcp,http,SF,205,1108,0,0,0,0,0,1,0,0,0,0,0,0,0,0,0,0,4,4,0.25,0.25,0.0,0.0,1.0,0.0,0.0,255,255,1.0,0.0,0.0,0.0,0.01,0.01,0.0,0.0,normal
0,tcp,pop_2,S0,0,0,0,0,0,0,0,0,0,0,0,0,0,0,0,0,0,0,244,17,1.0,1.0,0.0,0.0,0.07,0.07,0.0,255,17,0.07,0.07,0.0,0.0,1.0,1.0,0.0,0.0,neptune
0,tcp,smtp,SF,864,483,0,0,0,0,0,1,0,0,0,0,0,0,0,0,0,0,1,1,0.0,0.0,0.0,0.0,1.0,0.0,0.0,250,38,0.13,0.02,0.0,0.05,0.0,0.0,0.73,0.0,normal
0,tcp,http,SF,207,2561,0,0,0,0,0,1,0,0,0,0,0,0,0,0,0,0,21,21,0.0,0.0,0.0,0.0,1.0,0.0,0.0,85,255,1.0,0.0,0.01,0.01,0.01,0.0,0.0,0.0,normal
0,tcp,http,SF,340,2238,0,0,0,0,0,1,0,0,0,0,0,0,0,0,0,0,27,27,0.0,0.0,0.0,0.0,1.0,0.0,0.0,255,255,1.0,0.0,0.0,0.0,0.0,0.0,0.0,0.0,normal
0,tcp,ftp_data,SF,190,0,0,0,0,0,0,1,0,0,0,1,0,0,0,0,0,0,2,2,0.0,0.0,0.0,0.0,1.0,0.0,0.0,255,2,0.01,0.43,0.01,0.0,0.0,0.0,0.0,0.0,normal
0,tcp,http,SF,212,4570,0,0,0,0,0,1,0,0,0,0,0,0,0,0,0,0,3,4,0.33,0.25,0.0,0.0,1.0,0.0,0.5,255,255,1.0,0.0,0.0,0.0,0.0,0.0,0.0,0.0,normal
0,tcp,private,S0,0,0,0,0,0,0,0,0,0,0,0,0,0,0,0,0,0,0,142,18,1.0,1.0,0.0,0.0,0.13,0.06,0.0,255,15,0.06,0.07,0.0,0.0,1.0,1.0,0.0,0.0,neptune
0,udp,private,SF,28,0,0,3,0,0,0,0,0,0,0,0,0,0,0,0,0,0,24,24,0.0,0.0,0.0,0.0,1.0,0.0,0.0,227,24,0.11,0.05,0.11,0.0,0.02,0.0,0.0,0.0,teardrop
0,tcp,http,SF,294,685,0,0,0,0,0,1,0,0,0,0,0,0,0,0,0,0,11,14,0.0,0.0,0.0,0.0,1.0,0.0,0.21,255,255,1.0,0.0,0.0,0.0,0.0,0.0,0.0,0.0,normal
2593,udp,other,SF,146,105,0,0,0,0,0,0,0,0,0,0,0,0,0,0,0,0,1,1,0.0,0.0,0.0,0.0,1.0,0.0,0.0,255,2,0.01,0.87,1.0,0.0,0.0,0.0,0.0,0.0,normal
0,tcp,http,SF,322,3461,0,0,0,0,0,1,0,0,0,0,0,0,0,0,0,0,1,8,0.0,0.0,0.0,0.0,1.0,0.0,0.62,107,255,1.0,0.0,0.01,0.04,0.0,0.0,0.0,0.0,normal
0,tcp,http,SF,299,3943,0,0,0,0,0,1,0,0,0,0,0,0,0,0,0,0,1,1,0.0,0.0,0.0,0.0,1.0,0.0,0.0,116,255,1.0,0.0,0.01,0.05,0.01,0.01,0.01,0.01,normal
0,tcp,http,SF,162,2966,0,0,0,0,0,1,0,0,0,0,0,0,0,0,0,0,1,1,0.0,0.0,0.0,0.0,1.0,0.0,0.0,1,255,1.0,0.0,1.0,0.02,0.0,0.0,0.0,0.0,normal
2,tcp,smtp,SF,1743,404,0,0,0,0,0,1,0,0,0,0,0,0,0,0,0,0,1,6,0.0,0.0,0.0,0.0,1.0,0.0,1.0,145,184,0.63,0.02,0.01,0.02,0.01,0.01,0.0,0.0,normal
0,udp,domain_u,SF,46,46,0,0,0,0,0,0,0,0,0,0,0,0,0,0,0,0,239,239,0.0,0.0,0.0,0.0,1.0,0.0,0.0,255,255,1.0,0.0,0.0,0.0,0.0,0.0,0.0,0.0,normal
0,tcp,http,SF,227,647,0,0,0,0,0,1,0,0,0,0,0,0,0,0,0,0,50,50,0.0,0.0,0.0,0.0,1.0,0.0,0.0,255,255,1.0,0.0,0.0,0.0,0.0,0.0,0.0,0.0,normal
0,tcp,http,SF,200,955,0,0,0,0,0,1,0,0,0,0,0,0,0,0,0,0,14,14,0.0,0.0,0.0,0.0,1.0,0.0,0.0,170,255,1.0,0.0,0.01,0.04,0.0,0.0,0.0,0.0,normal
0,udp,domain_u,SF,45,115,0,0,0,0,0,0,0,0,0,0,0,0,0,0,0,0,2,2,0.0,0.0,0.0,0.0,0.5,1.0,1.0,255,234,0.92,0.01,0.0,0.0,0.0,0.0,0.02,0.0,normal
0,tcp,private,S0,0,0,0,0,0,0,0,0,0,0,0,0,0,0,0,0,0,0,185,5,1.0,1.0,0.0,0.0,0.03,0.09,0.0,255,5,0.02,0.08,0.0,0.0,1.0,1.0,0.0,0.0,neptune
0,tcp,private,REJ,0,0,0,0,0,0,0,0,0,0,0,0,0,0,0,0,0,0,130,10,0.0,0.0,1.0,1.0,0.08,0.06,0.0,255,7,0.03,0.07,0.0,0.0,0.0,0.0,1.0,1.0,neptune
0,tcp,smtp,SF,1702,331,0,0,0,0,0,1,0,0,0,0,0,0,0,0,0,0,1,2,0.0,0.0,0.0,0.0,1.0,0.0,1.0,255,144,0.56,0.03,0.0,0.0,0.0,0.01,0.0,0.0,normal
0,icmp,ecr_i,SF,520,0,0,0,0,0,0,0,0,0,0,0,0,0,0,0,0,0,58,58,0.0,0.0,0.0,0.0,1.0,0.0,0.0,255,255,1.0,0.0,1.0,0.0,0.0,0.0,0.0,0.0,smurf
0,udp,domain_u,SF,43,125,0,0,0,0,0,0,0,0,0,0,0,0,0,0,0,0,196,196,0.0,0.0,0.0,0.0,1.0,0.0,0.0,255,255,1.0,0.0,0.0,0.0,0.0,0.0,0.0,0.0,normal
0,tcp,smtp,SF,4170,391,0,0,0,0,0,1,0,0,0,0,0,0,0,0,0,0,1,1,0.0,0.0,0.0,0.0,1.0,0.0,0.0,255,64,0.25,0.02,0.0,0.0,0.53,0.0,0.0,0.0,normal
0,tcp,private,S0,0,0,0,0,0,0,0,0,0,0,0,0,0,0,0,0,0,0,201,9,1.0,1.0,0.0,0.0,0.04,0.05,0.0,255,9,0.04,0.06,0.0,0.0,1.0,1.0,0.0,0.0,neptune
0,tcp,sunrpc,S0,0,0,0,0,0,0,0,0,0,0,0,0,0,0,0,0,0,0,231,8,1.0,1.0,0.0,0.0,0.03,0.07,0.0,255,8,0.03,0.07,0.0,0.0,1.0,1.0,0.0,0.0,neptune
0,tcp,http,SF,346,1943,0,0,0,0,0,1,0,0,0,0,0,0,0,0,0,0,36,36,0.0,0.0,0.0,0.0,1.0,0.0,0.0,255,255,1.0,0.0,0.0,0.0,0.0,0.0,0.0,0.0,normal
0,tcp,domain,S0,0,0,0,0,0,0,0,0,0,0,0,0,0,0,0,0,0,0,275,8,1.0,1.0,0.0,0.0,0.03,0.06,0.0,255,8,0.03,0.07,0.0,0.0,1.0,1.0,0.0,0.0,neptune
0,tcp,private,S0,0,0,0,0,0,0,0,0,0,0,0,0,0,0,0,0,0,0,266,19,1.0,1.0,0.0,0.0,0.07,0.06,0.0,255,18,0.07,0.06,0.0,0.0,1.0,1.0,0.0,0.0,neptune
13919,tcp,telnet,RSTR,125,3319,0,0,0,1,0,1,3,0,0,0,0,0,0,0,0,0,2,2,0.0,0.0,1.0,1.0,1.0,0.0,0.0,255,25,0.1,0.06,0.01,0.0,0.51,0.08,0.02,0.16,normal
0,tcp,http,SF,227,7488,0,0,0,0,0,1,0,0,0,0,0,0,0,0,0,0,3,3,0.0,0.0,0.0,0.0,1.0,0.0,0.0,72,255,1.0,0.0,0.01,0.04,0.0,0.0,0.0,0.0,normal
0,tcp,exec,S0,0,0,0,0,0,0,0,0,0,0,0,0,0,0,0,0,0,0,84,3,1.0,1.0,0.0,0.0,0.04,0.07,0.0,255,3,0.01,0.06,0.0,0.0,1.0,1.0,0.0,0.0,neptune
0,tcp,exec,S0,0,0,0,0,0,0,0,0,0,0,0,0,0,0,0,0,0,0,124,2,1.0,1.0,0.0,0.0,0.02,0.06,0.0,255,5,0.02,0.07,0.0,0.0,1.0,1.0,0.0,0.0,neptune
1,tcp,smtp,SF,2807,339,0,0,0,0,0,1,0,0,0,0,0,0,2,0,0,0,1,2,0.0,0.0,0.0,0.0,1.0,0.0,1.0,163,156,0.65,0.03,0.01,0.01,0.0,0.0,0.0,0.0,normal
0,tcp,private,S0,0,0,0,0,0,0,0,0,0,0,0,0,0,0,0,0,0,0,267,6,1.0,1.0,0.0,0.0,0.02,0.07,0.0,255,6,0.02,0.09,0.0,0.0,1.0,1.0,0.0,0.0,neptune
0,tcp,private,S0,0,0,0,0,0,0,0,0,0,0,0,0,0,0,0,0,0,0,116,14,1.0,1.0,0.0,0.0,0.12,0.07,0.0,255,17,0.07,0.06,0.0,0.0,1.0,1.0,0.0,0.0,neptune
1,tcp,smtp,SF,1355,331,0,0,0,0,0,1,0,0,0,0,0,0,0,0,0,0,1,3,0.0,0.0,0.0,0.0,1.0,0.0,1.0,100,178,0.71,0.05,0.01,0.01,0.0,0.0,0.0,0.0,normal
0,tcp,efs,REJ,0,0,0,0,0,0,0,0,0,0,0,0,0,0,0,0,0,0,127,1,0.0,0.0,1.0,1.0,0.01,0.06,0.0,255,1,0.0,0.07,0.0,0.0,0.0,0.0,1.0,1.0,neptune
0,tcp,ftp_data,SF,554,0,0,0,0,0,0,1,0,0,0,6,0,0,0,0,0,0,1,1,0.0,0.0,0.0,0.0,1.0,0.0,0.0,57,14,0.25,0.05,0.25,0.0,0.0,0.0,0.0,0.0,normal
0,udp,domain_u,SF,45,45,0,0,0,0,0,0,0,0,0,0,0,0,0,0,0,0,108,108,0.0,0.0,0.0,0.0,1.0,0.0,0.0,255,254,1.0,0.01,0.0,0.0,0.0,0.0,0.0,0.0,normal
0,tcp,private,REJ,0,0,0,0,0,0,0,0,0,0,0,0,0,0,0,0,0,0,1,1,0.0,0.0,1.0,1.0,1.0,0.0,0.0,40,2,0.03,1.0,0.03,1.0,0.0,0.0,0.93,1.0,ipsweep
0,tcp,private,REJ,0,0,0,0,0,0,0,0,0,0,0,0,0,0,0,0,0,0,109,6,0.0,0.0,1.0,1.0,0.06,0.06,0.0,255,6,0.02,0.08,0.0,0.0,0.0,0.0,1.0,1.0,neptune
0,tcp,private,S0,0,0,0,0,0,0,0,0,0,0,0,0,0,0,0,0,0,0,140,11,1.0,1.0,0.0,0.0,0.08,0.06,0.0,61,20,0.33,0.13,0.02,0.0,1.0,1.0,0.0,0.0,neptune
0,tcp,private,S0,0,0,0,0,0,0,0,0,0,0,0,0,0,0,0,0,0,0,127,16,1.0,1.0,0.0,0.0,0.13,0.06,0.0,255,36,0.14,0.05,0.0,0.0,1.0,1.0,0.0,0.0,neptune
0,udp,other,SF,113,0,0,0,0,0,0,0,0,0,0,0,0,0,0,0,0,0,23,22,0.0,0.0,0.0,0.0,0.96,0.09,0.0,255,22,0.09,0.55,0.09,0.0,0.0,0.0,0.0,0.0,normal
0,tcp,http,SF,227,990,0,0,0,0,0,1,0,0,0,0,0,0,0,0,0,0,3,3,0.0,0.0,0.0,0.0,1.0,0.0,0.0,10,255,1.0,0.0,0.1,0.08,0.0,0.0,0.0,0.0,normal
0,tcp,courier,S0,0,0,0,0,0,0,0,0,0,0,0,0,0,0,0,0,0,0,137,7,1.0,1.0,0.0,0.0,0.05,0.07,0.0,255,1,0.0,0.07,0.0,0.0,1.0,1.0,0.0,0.0,neptune
0,tcp,http,SF,265,1594,0,0,0,0,0,1,0,0,0,0,0,0,0,0,0,0,11,11,0.0,0.0,0.0,0.0,1.0,0.0,0.0,255,255,1.0,0.0,0.0,0.0,0.0,0.0,0.0,0.0,normal
0,tcp,http,SF,220,731,0,0,0,0,0,1,0,0,0,0,0,0,0,0,0,0,9,17,0.0,0.0,0.0,0.0,1.0,0.0,0.12,135,145,1.0,0.0,0.01,0.02,0.01,0.01,0.0,0.0,normal
0,icmp,urp_i,SF,183,0,0,0,0,0,0,0,0,0,0,0,0,0,0,0,0,0,2,1,0.0,0.0,0.0,0.0,0.5,1.0,0.0,255,40,0.16,0.01,0.18,0.0,0.0,0.0,0.0,0.0,normal
0,tcp,whois,S0,0,0,0,0,0,0,0,0,0,0,0,0,0,0,0,0,0,0,203,1,1.0,1.0,0.0,0.0,0.0,0.06,0.0,255,1,0.0,0.06,0.0,0.0,1.0,1.0,0.0,0.0,neptune
0,tcp,supdup,S0,0,0,0,0,0,0,0,0,0,0,0,0,0,0,0,0,0,0,92,7,1.0,1.0,0.0,0.0,0.08,0.08,0.0,255,7,0.03,0.08,0.0,0.0,1.0,1.0,0.0,0.0,neptune
0,icmp,eco_i,SF,8,0,0,0,0,0,0,0,0,0,0,0,0,0,0,0,0,0,1,17,0.0,0.0,0.0,0.0,1.0,0.0,1.0,2,132,1.0,0.0,1.0,0.5,0.0,0.0,0.0,0.0,ipsweep
0,tcp,ftp_data,S0,0,0,0,0,0,0,0,0,0,0,0,0,0,0,0,0,0,0,10,4,1.0,1.0,0.0,0.0,0.4,0.3,0.0,255,24,0.09,0.07,0.0,0.0,1.0,1.0,0.0,0.0,neptune
0,tcp,http,SF,191,20165,0,0,0,0,0,1,0,0,0,0,0,0,0,0,0,0,3,3,0.0,0.0,0.0,0.0,1.0,0.0,0.0,67,255,1.0,0.0,0.01,0.01,0.0,0.0,0.0,0.0,normal
0,tcp,ctf,S0,0,0,0,0,0,0,0,0,0,0,0,0,0,0,0,0,0,0,274,22,1.0,1.0,0.0,0.0,0.08,0.04,0.0,255,22,0.09,0.05,0.0,0.0,1.0,1.0,0.0,0.0,neptune
0,tcp,netstat,S0,0,0,0,0,0,0,0,0,0,0,0,0,0,0,0,0,0,0,193,12,1.0,1.0,0.0,0.0,0.06,0.08,0.0,255,12,0.05,0.08,0.0,0.0,1.0,1.0,0.0,0.0,neptune
0,icmp,eco_i,SF,8,0,0,0,0,0,0,0,0,0,0,0,0,0,0,0,0,0,1,51,0.0,0.0,0.0,0.0,1.0,0.0,1.0,1,245,1.0,0.0,1.0,0.5,0.0,0.0,0.0,0.0,ipsweep
0,tcp,http,SF,202,1296,0,0,0,0,0,1,0,0,0,0,0,0,0,0,0,0,1,1,0.0,0.0,0.0,0.0,1.0,0.0,0.0,1,255,1.0,0.0,1.0,0.04,0.0,0.0,0.0,0.0,normal
0,tcp,netbios_ns,REJ,0,0,0,0,0,0,0,0,0,0,0,0,0,0,0,0,0,0,172,11,0.0,0.0,1.0,1.0,0.06,0.07,0.0,255,11,0.04,0.07,0.0,0.0,0.0,0.0,1.0,1.0,neptune
0,tcp,private,S0,0,0,0,0,0,0,0,0,0,0,0,0,0,0,0,0,0,0,107,7,1.0,1.0,0.0,0.0,0.07,0.07,0.0,255,10,0.04,0.07,0.0,0.0,1.0,1.0,0.0,0.0,neptune
0,tcp,http,SF,199,398456,0,0,0,0,0,1,0,0,0,0,0,0,0,0,0,0,9,11,0.0,0.0,0.0,0.0,1.0,0.0,0.18,54,255,1.0,0.0,0.02,0.01,0.0,0.01,0.0,0.0,normal
0,tcp,smtp,SF,672,331,0,0,0,0,0,1,0,0,0,0,0,0,0,0,0,0,1,2,0.0,0.0,0.0,0.0,1.0,0.0,1.0,1,1,1.0,0.0,1.0,0.0,0.0,0.0,0.0,0.0,normal
0,tcp,private,REJ,0,0,0,0,0,0,0,0,0,0,0,0,0,0,0,0,0,0,2,1,0.0,0.0,1.0,1.0,0.5,1.0,0.0,245,1,0.0,0.1,0.07,0.0,0.0,0.0,0.08,1.0,portsweep
0,udp,domain_u,SF,42,128,0,0,0,0,0,0,0,0,0,0,0,0,0,0,0,0,197,277,0.0,0.0,0.0,0.0,1.0,0.0,0.01,255,253,0.99,0.01,0.0,0.0,0.0,0.0,0.0,0.0,normal
0,tcp,smtp,SF,1225,333,0,0,0,0,0,1,0,0,0,0,1,0,0,0,0,0,1,1,0.0,0.0,0.0,0.0,1.0,0.0,0.0,156,104,0.67,0.05,0.01,0.0,0.02,0.01,0.0,0.0,normal
0,tcp,iso_tsap,S0,0,0,0,0,0,0,0,0,0,0,0,0,0,0,0,0,0,0,218,6,1.0,1.0,0.0,0.0,0.03,0.06,0.0,255,6,0.02,0.06,0.0,0.0,1.0,1.0,0.0,0.0,neptune
0,tcp,http,SF,273,881,0,0,0,0,0,1,0,0,0,0,0,0,0,0,0,0,1,1,0.0,0.0,0.0,0.0,1.0,0.0,0.0,135,255,1.0,0.0,0.01,0.05,0.0,0.0,0.0,0.0,normal
0,tcp,smtp,SF,678,332,0,0,0,0,0,1,0,0,0,0,0,0,0,0,0,0,1,1,0.0,0.0,0.0,0.0,1.0,0.0,0.0,255,28,0.11,0.53,0.0,0.0,0.0,0.0,0.0,0.0,normal
0,tcp,http,SF,216,5575,0,0,0,0,0,1,0,0,0,0,0,0,0,0,0,0,35,35,0.0,0.0,0.0,0.0,1.0,0.0,0.0,255,255,1.0,0.0,0.0,0.0,0.0,0.0,0.0,0.0,normal
1,tcp,time,SF,0,4,0,0,0,0,0,0,0,0,0,0,0,0,0,0,0,0,1,1,0.0,0.0,0.0,0.0,1.0,0.0,0.0,11,11,1.0,0.0,0.09,0.0,0.0,0.0,0.0,0.0,normal
0,tcp,http,REJ,0,0,0,0,0,0,0,0,0,0,0,0,0,0,0,0,0,0,18,18,0.0,0.0,0.72,0.72,1.0,0.0,0.0,18,255,1.0,0.0,0.06,0.01,0.0,0.0,0.72,0.07,normal
0,tcp,finger,RSTR,0,0,0,0,0,0,0,0,0,0,0,0,0,0,0,0,0,0,1,1,0.0,0.0,1.0,1.0,1.0,0.0,0.0,127,6,0.02,0.62,0.62,0.33,0.05,0.33,0.61,0.17,portsweep
0,tcp,smtp,SF,667,327,0,0,0,0,0,1,0,0,0,0,0,0,0,0,0,0,1,1,0.0,0.0,0.0,0.0,1.0,0.0,0.0,255,164,0.64,0.02,0.0,0.0,0.0,0.0,0.0,0.0,normal
0,tcp,http,S0,0,0,0,0,0,0,0,0,0,0,0,0,0,0,0,0,0,0,44,14,1.0,1.0,0.0,0.0,0.32,0.09,0.0,255,63,0.25,0.02,0.01,0.0,1.0,1.0,0.0,0.0,neptune
0,tcp,ctf,S0,0,0,0,0,0,0,0,0,0,0,0,0,0,0,0,0,0,0,229,8,1.0,1.0,0.0,0.0,0.03,0.06,0.0,255,8,0.03,0.06,0.0,0.0,1.0,1.0,0.0,0.0,neptune
0,udp,private,SF,1,0,0,0,0,0,0,0,0,0,0,0,0,0,0,0,0,0,5,5,0.0,0.0,0.0,0.0,1.0,0.0,0.0,73,5,0.07,0.07,0.11,0.0,0.0,0.0,0.0,0.0,satan
0,udp,private,SF,105,146,0,0,0,0,0,0,0,0,0,0,0,0,0,0,0,0,2,1,0.0,0.0,0.0,0.0,0.5,1.0,0.0,255,241,0.95,0.01,0.01,0.0,0.0,0.0,0.0,0.0,normal
0,tcp,smtp,S0,0,0,0,0,0,0,0,0,0,0,0,0,0,0,0,0,0,0,244,11,1.0,1.0,0.0,0.0,0.05,0.06,0.0,255,11,0.04,0.07,0.0,0.0,1.0,1.0,0.0,0.0,neptune
0,icmp,eco_i,SF,8,0,0,0,0,0,0,0,0,0,0,0,0,0,0,0,0,0,1,6,0.0,0.0,0.0,0.0,1.0,0.0,1.0,2,122,1.0,0.0,1.0,0.5,0.0,0.0,0.0,0.0,ipsweep
0,tcp,link,S0,0,0,0,0,0,0,0,0,0,0,0,0,0,0,0,0,0,0,241,13,1.0,1.0,0.0,0.0,0.05,0.06,0.0,255,13,0.05,0.07,0.0,0.0,1.0,1.0,0.0,0.0,neptune
0,tcp,http,SF,293,1193,0,0,0,0,0,1,0,0,0,0,0,0,0,0,0,0,6,9,0.0,0.0,0.0,0.0,1.0,0.0,0.22,255,255,1.0,0.0,0.0,0.0,0.0,0.0,0.0,0.0,normal
0,tcp,private,S0,0,0,0,0,0,0,0,0,0,0,0,0,0,0,0,0,0,0,123,9,1.0,1.0,0.0,0.0,0.07,0.06,0.0,255,1,0.0,0.07,0.0,0.0,1.0,1.0,0.0,0.0,neptune
0,tcp,nnsp,S0,0,0,0,0,0,0,0,0,0,0,0,0,0,0,0,0,0,0,128,4,1.0,1.0,0.0,0.0,0.03,0.07,0.0,255,4,0.02,0.06,0.0,0.0,1.0,1.0,0.0,0.0,neptune
0,udp,domain_u,SF,46,129,0,0,0,0,0,0,0,0,0,0,0,0,0,0,0,0,197,197,0.0,0.0,0.0,0.0,1.0,0.0,0.0,122,83,0.68,0.02,0.01,0.0,0.0,0.0,0.0,0.0,normal
0,tcp,private,S0,0,0,0,0,0,0,0,0,0,0,0,0,0,0,0,0,0,0,299,20,1.0,1.0,0.0,0.0,0.07,0.05,0.0,255,17,0.07,0.08,0.0,0.0,1.0,1.0,0.0,0.0,neptune
0,tcp,http,REJ,0,0,0,0,0,0,0,0,0,0,0,0,0,0,0,0,0,0,1,2,0.0,0.0,1.0,1.0,1.0,0.0,1.0,68,255,1.0,0.0,0.01,0.15,0.0,0.01,1.0,0.99,normal
0,udp,domain_u,SF,44,44,0,0,0,0,0,0,0,0,0,0,0,0,0,0,0,0,162,161,0.0,0.0,0.0,0.0,0.99,0.01,0.0,255,254,1.0,0.01,0.0,0.0,0.0,0.0,0.0,0.0,normal
0,tcp,http,SF,294,560,0,0,0,0,0,1,0,0,0,0,0,0,0,0,0,0,1,1,0.0,0.0,0.0,0.0,1.0,0.0,0.0,3,255,1.0,0.0,0.33,0.04,0.33,0.0,0.0,0.0,normal
0,tcp,http,SF,215,1623,0,0,0,0,0,1,0,0,0,0,0,0,0,0,0,0,13,15,0.0,0.0,0.0,0.0,1.0,0.0,0.13,76,255,1.0,0.0,0.01,0.04,0.0,0.0,0.0,0.0,normal
0,udp,domain_u,SF,45,137,0,0,0,0,0,0,0,0,0,0,0,0,0,0,0,0,73,151,0.0,0.0,0.0,0.0,1.0,0.0,0.01,255,232,0.91,0.01,0.01,0.0,0.0,0.0,0.0,0.0,normal
0,tcp,smtp,SF,975,333,0,0,0,0,0,1,0,0,0,0,0,0,0,0,0,0,1,1,0.0,0.0,0.0,0.0,1.0,0.0,0.0,223,171,0.77,0.02,0.0,0.0,0.0,0.0,0.0,0.0,normal
0,tcp,http,SF,307,3222,0,0,0,0,0,1,0,0,0,0,0,0,0,0,0,0,1,1,0.0,0.0,0.0,0.0,1.0,0.0,0.0,255,253,0.99,0.01,0.0,0.0,0.0,0.0,0.0,0.0,normal
0,icmp,eco_i,SF,30,0,0,0,0,0,0,0,0,0,0,0,0,0,0,0,0,0,1,1,0.0,0.0,0.0,0.0,1.0,0.0,0.0,1,107,1.0,0.0,1.0,0.5,0.0,0.0,0.0,0.0,normal
0,icmp,ecr_i,SF,520,0,0,0,0,0,0,0,0,0,0,0,0,0,0,0,0,0,386,386,0.0,0.0,0.0,0.0,1.0,0.0,0.0,255,255,1.0,0.0,1.0,0.0,0.0,0.0,0.0,0.0,smurf
0,tcp,telnet,S0,0,0,0,0,0,0,0,0,0,0,0,0,0,0,0,0,0,0,34,8,1.0,1.0,0.0,0.0,0.24,0.12,0.0,255,64,0.25,0.02,0.01,0.0,1.0,1.0,0.0,0.0,neptune
0,tcp,link,S0,0,0,0,0,0,0,0,0,0,0,0,0,0,0,0,0,0,0,272,7,1.0,1.0,0.0,0.0,0.03,0.07,0.0,255,7,0.03,0.07,0.0,0.0,1.0,1.0,0.0,0.0,neptune
0,tcp,private,S0,0,0,0,0,0,0,0,0,0,0,0,0,0,0,0,0,0,0,194,4,1.0,1.0,0.0,0.0,0.02,0.07,0.0,255,4,0.02,0.07,0.0,0.0,1.0,1.0,0.0,0.0,neptune
0,tcp,http,SF,222,2822,0,0,0,0,0,1,0,0,0,0,0,0,0,0,0,0,9,9,0.0,0.0,0.0,0.0,1.0,0.0,0.0,44,255,1.0,0.0,0.02,0.04,0.0,0.0,0.0,0.0,normal
0,tcp,http,SF,248,6787,0,0,0,0,0,1,0,0,0,0,0,0,0,0,0,0,2,2,0.0,0.0,0.0,0.0,1.0,0.0,0.0,2,255,1.0,0.0,0.5,0.04,0.0,0.0,0.0,0.0,normal
0,tcp,http,SF,168,1476,0,0,0,0,0,1,0,0,0,0,0,0,0,0,0,0,2,2,0.0,0.0,0.0,0.0,1.0,0.0,0.0,8,255,1.0,0.0,0.12,0.04,0.0,0.0,0.0,0.0,normal
0,tcp,ftp_data,SF,8325,0,0,0,0,0,0,0,0,0,0,0,0,0,0,0,0,0,15,15,0.0,0.0,0.0,0.0,1.0,0.0,0.0,21,86,1.0,0.0,1.0,0.02,0.0,0.0,0.0,0.0,normal
0,tcp,http,SF,349,9146,0,0,0,0,0,1,0,0,0,0,0,0,0,0,0,0,20,31,0.0,0.0,0.0,0.0,1.0,0.0,0.06,255,255,1.0,0.0,0.0,0.0,0.0,0.0,0.0,0.0,normal
0,udp,private,SF,105,147,0,0,0,0,0,0,0,0,0,0,0,0,0,0,0,0,1,1,0.0,0.0,0.0,0.0,1.0,0.0,0.0,48,47,0.98,0.04,0.02,0.0,0.0,0.0,0.0,0.0,normal
0,tcp,private,S0,0,0,0,0,0,0,0,0,0,0,0,0,0,0,0,0,0,0,216,7,1.0,1.0,0.0,0.0,0.03,0.06,0.0,255,7,0.03,0.07,0.0,0.0,1.0,1.0,0.0,0.0,neptune
0,tcp,http,SF,325,2358,0,0,0,0,0,1,0,0,0,0,0,0,0,0,0,0,26,27,0.0,0.0,0.0,0.0,1.0,0.0,0.07,74,255,1.0,0.0,0.01,0.03,0.0,0.0,0.0,0.0,normal
0,tcp,http,SF,317,609,0,0,0,0,0,1,0,0,0,0,0,0,0,0,0,0,2,4,0.0,0.0,0.0,0.0,1.0,0.0,0.5,253,255,1.0,0.0,0.0,0.01,0.0,0.0,0.0,0.0,normal
0,tcp,http,SF,282,9161,0,0,0,0,0,1,0,0,0,0,0,0,0,0,0,0,1,1,0.0,0.0,0.0,0.0,1.0,0.0,0.0,229,255,1.0,0.0,0.0,0.02,0.0,0.0,0.0,0.0,normal
0,udp,private,SF,105,146,0,0,0,0,0,0,0,0,0,0,0,0,0,0,0,0,7,1,0.0,0.0,0.0,0.0,0.14,0.29,0.0,255,225,0.88,0.01,0.01,0.0,0.0,0.0,0.0,0.0,normal
0,tcp,other,REJ,0,0,0,0,0,0,0,0,0,0,0,0,0,0,0,0,0,0,329,1,0.06,0.0,0.9,1.0,0.0,1.0,0.0,255,1,0.0,1.0,0.0,0.0,0.08,0.0,0.89,1.0,satan
0,tcp,ssh,REJ,0,0,0,0,0,0,0,0,0,0,0,0,0,0,0,0,0,0,119,9,0.0,0.0,1.0,1.0,0.08,0.08,0.0,255,9,0.04,0.07,0.0,0.0,0.0,0.0,1.0,1.0,neptune
0,tcp,vmnet,S0,0,0,0,0,0,0,0,0,0,0,0,0,0,0,0,0,0,0,265,14,1.0,1.0,0.0,0.0,0.05,0.05,0.0,255,14,0.05,0.05,0.0,0.0,1.0,1.0,0.0,0.0,neptune
0,tcp,http,RSTO,0,0,0,0,0,0,0,1,0,0,0,0,0,0,0,0,0,0,1,1,0.0,0.0,1.0,1.0,1.0,0.0,0.0,255,244,0.96,0.01,0.0,0.0,0.0,0.0,0.03,0.03,normal
0,tcp,http,SF,242,2616,0,0,0,0,0,1,0,0,0,0,0,0,0,0,0,0,2,18,0.0,0.0,0.0,0.0,1.0,0.0,0.11,21,255,1.0,0.0,0.05,0.01,0.0,0.0,0.0,0.0,normal
0,tcp,ctf,S0,0,0,0,0,0,0,0,0,0,0,0,0,0,0,0,0,0,0,109,7,1.0,1.0,0.0,0.0,0.06,0.07,0.0,89,7,0.08,0.09,0.01,0.0,1.0,1.0,0.0,0.0,neptune
0,tcp,http,SF,208,15041,0,0,0,0,0,1,0,0,0,0,0,0,0,0,0,0,29,29,0.0,0.0,0.0,0.0,1.0,0.0,0.0,55,255,1.0,0.0,0.02,0.03,0.0,0.0,0.0,0.0,normal
0,udp,private,SF,105,146,0,0,0,0,0,0,0,0,0,0,0,0,0,0,0,0,5,1,0.0,0.0,0.0,0.0,0.2,0.4,0.0,255,240,0.94,0.01,0.01,0.0,0.0,0.0,0.0,0.0,normal
0,tcp,ftp_data,SF,768,0,0,0,0,0,0,0,0,0,0,0,0,0,0,0,0,0,16,16,0.0,0.0,0.0,0.0,1.0,0.0,0.0,54,22,0.41,0.06,0.41,0.0,0.0,0.0,0.0,0.0,normal
0,tcp,http,SF,312,487,0,0,0,0,0,1,0,0,0,0,0,0,0,0,0,0,27,30,0.0,0.0,0.0,0.0,1.0,0.0,0.1,255,255,1.0,0.0,0.0,0.0,0.0,0.0,0.0,0.0,normal
1,tcp,smtp,SF,1078,369,0,0,0,0,0,1,0,0,0,0,0,0,0,0,0,0,1,3,0.0,0.0,0.0,0.0,1.0,0.0,1.0,194,196,0.71,0.02,0.01,0.01,0.0,0.0,0.0,0.0,normal
0,tcp,courier,S0,0,0,0,0,0,0,0,0,0,0,0,0,0,0,0,0,0,0,122,1,1.0,1.0,0.0,0.0,0.01,0.07,0.0,255,1,0.0,0.08,0.0,0.0,1.0,1.0,0.0,0.0,neptune
0,tcp,http,SF,223,290,0,0,0,0,0,1,0,0,0,0,0,0,0,0,0,0,40,45,0.0,0.0,0.0,0.0,1.0,0.0,0.07,255,255,1.0,0.0,0.0,0.0,0.0,0.0,0.0,0.0,normal
0,icmp,urp_i,SF,181,0,0,0,0,0,0,0,0,0,0,0,0,0,0,0,0,0,3,3,0.0,0.0,0.0,0.0,1.0,0.0,0.0,255,127,0.5,0.01,0.65,0.0,0.0,0.0,0.0,0.0,normal
0,tcp,telnet,S1,0,0,0,0,0,0,0,0,0,0,0,0,0,0,0,0,0,0,1,1,1.0,1.0,0.0,0.0,1.0,0.0,0.0,77,1,0.01,0.06,0.01,0.0,0.01,1.0,0.0,0.0,normal
0,tcp,http,SF,215,1604,0,0,0,0,0,1,0,0,0,0,0,0,0,0,0,0,22,23,0.0,0.0,0.0,0.0,1.0,0.0,0.09,22,255,1.0,0.0,0.05,0.03,0.0,0.0,0.0,0.0,normal
0,udp,private,SF,105,146,0,0,0,0,0,0,0,0,0,0,0,0,0,0,0,0,5,1,0.0,0.0,0.0,0.0,0.2,0.4,0.0,255,230,0.9,0.01,0.0,0.0,0.0,0.0,0.0,0.0,normal
0,tcp,courier,REJ,0,0,0,0,0,0,0,0,0,0,0,0,0,0,0,0,0,0,105,20,0.0,0.0,1.0,1.0,0.19,0.07,0.0,255,20,0.08,0.06,0.0,0.0,0.0,0.0,1.0,1.0,neptune
0,tcp,http,SF,310,436,0,0,0,0,0,1,0,0,0,0,0,0,0,0,0,0,16,16,0.0,0.0,0.0,0.0,1.0,0.0,0.0,16,255,1.0,0.0,0.06,0.02,0.0,0.0,0.0,0.0,normal
0,tcp,gopher,S0,0,0,0,0,0,0,0,0,0,0,0,0,0,0,0,0,0,0,229,2,1.0,1.0,0.0,0.0,0.01,0.06,0.0,255,2,0.01,0.06,0.0,0.0,1.0,1.0,0.0,0.0,neptune
0,udp,private,SF,105,145,0,0,0,0,0,0,0,0,0,0,0,0,0,0,0,0,1,1,0.0,0.0,0.0,0.0,1.0,0.0,0.0,21,13,0.62,0.14,0.1,0.0,0.0,0.0,0.0,0.0,normal
0,tcp,http,SF,221,3914,0,0,0,0,0,1,0,0,0,0,0,0,0,0,0,0,23,23,0.0,0.0,0.0,0.0,1.0,0.0,0.0,255,255,1.0,0.0,0.0,0.0,0.0,0.0,0.0,0.0,normal
4175,udp,other,SF,146,105,0,0,0,0,0,0,0,0,0,0,0,0,0,0,0,0,1,1,0.0,0.0,0.0,0.0,1.0,0.0,0.0,255,2,0.01,0.58,0.97,0.0,0.0,0.0,0.0,0.0,normal
0,tcp,http,SF,302,1203,0,0,0,0,0,1,0,0,0,0,0,0,0,0,0,0,15,21,0.0,0.0,0.0,0.0,1.0,0.0,0.14,69,255,1.0,0.0,0.01,0.02,0.0,0.0,0.0,0.0,normal
0,tcp,http,SF,281,447,0,0,0,0,0,1,0,0,0,0,0,0,0,0,0,0,2,2,0.0,0.0,0.0,0.0,1.0,0.0,0.0,2,255,1.0,0.0,0.5,0.04,0.0,0.0,0.0,0.0,normal
1,tcp,smtp,SF,2472,333,0,0,0,0,0,1,0,0,0,0,0,0,0,0,0,0,1,1,0.0,0.0,0.0,0.0,1.0,0.0,0.0,26,153,0.77,0.12,0.04,0.01,0.0,0.01,0.0,0.0,normal
0,udp,domain_u,SF,44,72,0,0,0,0,0,0,0,0,0,0,0,0,0,0,0,0,83,83,0.0,0.0,0.0,0.0,1.0,0.0,0.0,255,227,0.89,0.01,0.01,0.0,0.0,0.0,0.0,0.0,normal
0,udp,domain_u,SF,45,128,0,0,0,0,0,0,0,0,0,0,0,0,0,0,0,0,139,219,0.0,0.0,0.0,0.0,1.0,0.0,0.01,255,255,1.0,0.0,0.0,0.0,0.0,0.0,0.0,0.0,normal
0,tcp,http,SF,54540,8314,0,0,0,2,0,1,1,0,0,0,0,0,0,0,0,0,4,19,0.0,0.0,0.0,0.0,1.0,0.0,0.16,61,61,1.0,0.0,0.02,0.0,0.02,0.02,0.02,0.02,back
0,tcp,http,REJ,0,0,0,0,0,0,0,0,0,0,0,0,0,0,0,0,0,0,1,2,0.0,0.0,1.0,1.0,1.0,0.0,1.0,4,253,1.0,0.0,0.25,0.19,0.0,0.0,1.0,0.99,normal
8197,tcp,other,RSTR,1,0,0,0,0,0,0,0,0,0,0,0,0,0,0,0,0,0,2,2,0.0,0.0,1.0,1.0,1.0,0.0,0.0,255,2,0.01,0.64,1.0,0.0,0.0,0.0,1.0,1.0,portsweep
0,tcp,http,SF,310,4382,0,0,0,0,0,1,0,0,0,0,0,0,0,0,0,0,3,3,0.0,0.0,0.0,0.0,1.0,0.0,0.0,31,255,1.0,0.0,0.03,0.02,0.0,0.0,0.0,0.0,normal
0,tcp,finger,S0,0,0,0,0,0,0,0,0,0,0,0,0,0,0,0,0,0,0,7,1,1.0,1.0,0.0,0.0,0.14,0.57,0.0,255,61,0.24,0.02,0.01,0.0,1.0,1.0,0.0,0.0,neptune
0,tcp,http,SF,200,4320,0,0,0,0,0,1,0,0,0,0,0,0,0,0,0,0,2,2,0.0,0.0,0.0,0.0,1.0,0.0,0.0,2,255,1.0,0.0,0.5,0.04,0.0,0.0,0.0,0.0,normal
0,tcp,smtp,SF,761,332,0,0,0,0,0,1,0,0,0,0,0,0,0,0,0,0,3,3,0.0,0.0,0.0,0.0,0.33,0.67,1.0,69,54,0.78,0.06,0.01,0.0,0.0,0.0,0.0,0.0,normal
0,tcp,http,SF,161,4141,0,0,0,0,0,1,0,0,0,0,0,0,0,0,0,0,2,2,0.0,0.0,0.0,0.0,1.0,0.0,0.0,55,255,1.0,0.0,0.02,0.05,0.0,0.0,0.0,0.0,normal
0,tcp,time,RSTO,0,0,0,0,0,0,0,0,0,0,0,0,0,0,0,0,0,0,236,18,0.0,0.0,1.0,1.0,0.08,0.07,0.0,255,18,0.07,0.07,0.0,0.0,0.0,0.0,1.0,1.0,neptune
0,tcp,http,SF,225,682,0,0,0,0,0,1,0,0,0,0,0,0,0,0,0,0,20,20,0.0,0.0,0.0,0.0,1.0,0.0,0.0,255,255,1.0,0.0,0.0,0.0,0.0,0.0,0.02,0.02,normal
0,tcp,http,REJ,0,0,0,0,0,0,0,0,0,0,0,0,0,0,0,0,0,0,1,2,0.0,0.0,1.0,1.0,1.0,0.0,1.0,48,255,1.0,0.0,0.02,0.18,0.0,0.01,1.0,0.99,normal
0,tcp,http,S0,0,0,0,0,0,0,0,0,0,0,0,0,0,0,0,0,0,0,22,7,1.0,1.0,0.0,0.0,0.32,0.14,0.0,255,62,0.24,0.02,0.0,0.0,1.0,1.0,0.0,0.0,neptune
27,tcp,ftp,SF,1207,3380,0,0,0,24,0,1,0,0,0,0,0,0,0,0,0,1,1,1,0.0,0.0,0.0,0.0,1.0,0.0,0.0,236,39,0.17,0.01,0.0,0.0,0.0,0.0,0.0,0.0,normal
0,udp,domain_u,SF,42,82,0,0,0,0,0,0,0,0,0,0,0,0,0,0,0,0,147,147,0.0,0.0,0.0,0.0,1.0,0.0,0.0,255,255,1.0,0.0,0.0,0.0,0.0,0.0,0.0,0.0,normal
0,icmp,ecr_i,SF,1032,0,0,0,0,0,0,0,0,0,0,0,0,0,0,0,0,0,220,220,0.0,0.0,0.0,0.0,1.0,0.0,0.0,255,220,0.86,0.01,0.86,0.0,0.0,0.0,0.0,0.0,smurf
0,tcp,smtp,SF,2074,331,0,0,0,0,0,1,0,0,0,0,0,0,0,0,0,0,1,1,0.0,0.0,0.0,0.0,1.0,0.0,0.0,132,165,0.54,0.05,0.01,0.01,0.0,0.0,0.0,0.0,normal
0,tcp,http,SF,303,25087,0,0,0,0,0,1,0,0,0,0,0,0,0,0,0,0,7,7,0.0,0.0,0.0,0.0,1.0,0.0,0.0,25,255,1.0,0.0,0.04,0.09,0.0,0.0,0.0,0.0,normal
0,tcp,private,S0,0,0,0,0,0,0,0,0,0,0,0,0,0,0,0,0,0,0,134,16,1.0,1.0,0.0,0.0,0.12,0.07,0.0,255,17,0.07,0.06,0.0,0.0,1.0,1.0,0.0,0.0,neptune
0,tcp,private,S0,0,0,0,0,0,0,0,0,0,0,0,0,0,0,0,0,0,0,140,23,1.0,1.0,0.0,0.0,0.16,0.04,0.0,255,23,0.09,0.06,0.0,0.0,1.0,1.0,0.0,0.0,neptune
0,tcp,ftp_data,SF,641,0,0,0,0,0,0,1,0,0,0,0,0,0,0,0,0,0,1,3,0.0,0.0,0.0,0.0,1.0,0.0,1.0,29,71,0.17,0.1,0.17,0.03,0.0,0.0,0.07,0.0,normal
0,icmp,eco_i,SF,8,0,0,0,0,0,0,0,0,0,0,0,0,0,0,0,0,0,1,14,0.0,0.0,0.0,0.0,1.0,0.0,1.0,2,90,1.0,0.0,1.0,0.51,0.0,0.0,0.0,0.0,ipsweep
0,tcp,http,SF,300,1400,0,0,0,0,0,1,0,0,0,0,0,0,0,0,0,0,43,50,0.0,0.0,0.0,0.02,1.0,0.0,0.08,255,255,1.0,0.0,0.0,0.0,0.0,0.0,0.0,0.0,normal
0,tcp,http,S0,0,0,0,0,0,0,0,0,0,0,0,0,0,0,0,0,0,0,3,3,0.33,0.33,0.0,0.0,1.0,0.0,0.0,3,255,1.0,0.0,0.67,0.03,0.33,0.01,0.0,0.0,normal
0,tcp,finger,S0,0,0,0,0,0,0,0,0,0,0,0,0,0,0,0,0,0,0,47,11,1.0,1.0,0.0,0.0,0.23,0.09,0.0,255,62,0.24,0.02,0.0,0.0,1.0,1.0,0.0,0.0,neptune
0,tcp,private,S0,0,0,0,0,0,0,0,0,0,0,0,0,0,0,0,0,0,0,132,11,1.0,1.0,0.0,0.0,0.08,0.06,0.0,243,9,0.04,0.08,0.0,0.0,1.0,1.0,0.0,0.0,neptune
0,tcp,http,SF,151,9518,0,0,0,0,0,1,0,0,0,0,0,0,0,0,0,0,1,1,0.0,0.0,0.0,0.0,1.0,0.0,0.0,62,255,1.0,0.0,0.02,0.01,0.0,0.0,0.0,0.0,normal
0,tcp,http,SF,241,310,0,0,0,0,0,1,0,0,0,0,0,0,0,0,0,0,3,22,0.0,0.0,0.0,0.0,1.0,0.0,0.18,3,255,1.0,0.0,0.33,0.02,0.0,0.0,0.0,0.01,normal
13618,tcp,other,RSTR,1,0,0,0,0,0,0,0,0,0,0,0,0,0,0,0,0,0,2,2,0.0,0.0,1.0,1.0,1.0,0.0,0.0,255,2,0.01,0.68,1.0,0.0,0.0,0.0,1.0,1.0,portsweep
0,tcp,http,SF,242,337,0,0,0,0,0,1,0,0,0,0,0,0,0,0,0,0,7,8,0.0,0.0,0.0,0.0,1.0,0.0,0.25,255,255,1.0,0.0,0.0,0.0,0.0,0.0,0.0,0.0,normal
0,udp,domain_u,SF,45,135,0,0,0,0,0,0,0,0,0,0,0,0,0,0,0,0,214,294,0.0,0.0,0.0,0.0,1.0,0.0,0.01,255,253,0.99,0.01,0.0,0.0,0.0,0.0,0.0,0.0,normal
0,udp,domain_u,SF,43,107,0,0,0,0,0,0,0,0,0,0,0,0,0,0,0,0,1,2,0.0,0.0,0.0,0.0,1.0,0.0,1.0,255,234,0.92,0.01,0.01,0.0,0.0,0.0,0.02,0.0,normal
0,tcp,daytime,S0,0,0,0,0,0,0,0,0,0,0,0,0,0,0,0,0,0,0,280,25,1.0,1.0,0.0,0.0,0.09,0.05,0.0,255,25,0.1,0.05,0.0,0.0,1.0,1.0,0.0,0.0,neptune
0,tcp,http,SF,54540,8314,0,0,0,2,0,1,1,0,0,0,0,0,0,0,0,0,5,5,0.0,0.0,0.0,0.0,1.0,0.0,0.0,255,255,1.0,0.0,0.0,0.0,0.01,0.01,0.02,0.02,back
27,tcp,ftp,SF,1486,4152,0,0,0,30,0,1,0,0,0,0,0,0,0,0,0,1,1,1,0.0,0.0,0.0,0.0,1.0,0.0,0.0,30,14,0.47,0.17,0.07,0.0,0.0,0.0,0.0,0.0,normal
0,udp,domain_u,SF,45,126,0,0,0,0,0,0,0,0,0,0,0,0,0,0,0,0,141,223,0.0,0.0,0.0,0.0,1.0,0.0,0.02,255,255,1.0,0.0,0.0,0.0,0.0,0.0,0.0,0.0,normal
0,tcp,private,S0,0,0,0,0,0,0,0,0,0,0,0,0,0,0,0,0,0,0,151,20,0.99,1.0,0.0,0.0,0.13,0.06,0.0,255,20,0.08,0.06,0.0,0.0,1.0,1.0,0.0,0.0,neptune
0,icmp,eco_i,SF,8,0,0,0,0,0,0,0,0,0,0,0,0,0,0,0,0,0,1,4,0.0,0.0,0.0,0.0,1.0,0.0,1.0,1,35,1.0,0.0,1.0,0.51,0.0,0.0,0.0,0.0,ipsweep
0,tcp,supdup,S0,0,0,0,0,0,0,0,0,0,0,0,0,0,0,0,0,0,0,216,19,1.0,1.0,0.0,0.0,0.09,0.06,0.0,255,17,0.07,0.08,0.0,0.0,1.0,1.0,0.0,0.0,neptune
0,tcp,http,SF,300,1569,0,0,0,0,0,1,0,0,0,0,0,0,0,0,0,0,32,55,0.0,0.0,0.0,0.0,1.0,0.0,0.05,32,255,1.0,0.0,0.03,0.04,0.0,0.0,0.0,0.0,normal
0,tcp,time,S2,0,0,0,0,0,1,0,0,0,0,0,0,0,0,0,0,0,0,2,2,1.0,1.0,0.0,0.0,1.0,0.0,0.0,15,15,1.0,0.0,0.13,0.0,0.13,0.13,0.0,0.0,normal
0,tcp,http,SF,190,3703,0,0,0,0,0,1,0,0,0,0,0,0,0,0,0,0,6,6,0.0,0.0,0.0,0.0,1.0,0.0,0.0,172,172,1.0,0.0,0.01,0.0,0.0,0.0,0.0,0.0,normal
2,tcp,smtp,SF,2297,328,0,0,0,0,0,1,0,0,0,0,0,0,0,0,0,0,1,1,0.0,0.0,0.0,0.0,1.0,0.0,0.0,214,88,0.31,0.03,0.0,0.02,0.0,0.0,0.0,0.0,normal
0,tcp,http,SF,203,18905,0,0,0,0,0,1,0,0,0,0,0,0,0,0,0,0,13,13,0.0,0.0,0.0,0.0,1.0,0.0,0.0,51,255,1.0,0.0,0.02,0.03,0.0,0.0,0.0,0.0,normal
0,tcp,private,S0,0,0,0,0,0,0,0,0,0,0,0,0,0,0,0,0,0,0,146,12,1.0,1.0,0.0,0.0,0.08,0.05,0.0,255,12,0.05,0.04,0.0,0.0,1.0,1.0,0.0,0.0,neptune
0,icmp,eco_i,SF,30,0,0,0,0,0,0,0,0,0,0,0,0,0,0,0,0,0,2,1,0.0,0.0,0.0,0.0,0.5,1.0,0.0,255,4,0.02,0.01,0.02,0.0,0.0,0.0,0.0,0.0,normal
0,udp,private,SF,105,147,0,0,0,0,0,0,0,0,0,0,0,0,0,0,0,0,6,1,0.0,0.0,0.0,0.0,0.17,0.33,0.0,255,238,0.93,0.01,0.0,0.0,0.0,0.0,0.0,0.0,normal
0,tcp,ftp_data,S0,0,0,0,0,0,0,0,0,0,0,0,0,0,0,0,0,0,0,59,13,1.0,1.0,0.0,0.0,0.22,0.07,0.0,255,63,0.25,0.03,0.01,0.0,1.0,1.0,0.0,0.0,neptune
0,icmp,eco_i,SF,30,0,0,0,0,0,0,0,0,0,0,0,0,0,0,0,0,0,1,1,0.0,0.0,0.0,0.0,1.0,0.0,0.0,238,58,0.24,0.01,0.24,0.0,0.0,0.0,0.0,0.0,normal
0,tcp,Z39_50,REJ,0,0,0,0,0,0,0,0,0,0,0,0,0,0,0,0,0,0,266,15,0.0,0.0,1.0,1.0,0.06,0.06,0.0,255,15,0.06,0.08,0.0,0.0,0.0,0.0,1.0,1.0,neptune
4501,tcp,other,RSTR,1,0,0,0,0,0,0,0,0,0,0,0,0,0,0,0,0,0,2,2,0.0,0.0,1.0,1.0,1.0,0.0,0.0,255,2,0.01,0.74,1.0,0.0,0.0,0.0,1.0,1.0,portsweep
0,tcp,http,SF,232,1534,0,0,0,0,0,1,0,0,0,0,0,0,0,0,0,0,3,4,0.0,0.0,0.0,0.0,1.0,0.0,0.5,67,255,1.0,0.0,0.01,0.05,0.0,0.0,0.0,0.0,normal
0,icmp,eco_i,SF,8,0,0,0,0,0,0,0,0,0,0,0,0,0,0,0,0,0,1,30,0.0,0.0,0.0,0.0,1.0,0.0,1.0,1,195,1.0,0.0,1.0,0.5,0.0,0.0,0.0,0.0,ipsweep
0,tcp,http,SF,218,573,0,0,0,0,0,1,0,0,0,0,0,0,0,0,0,0,15,29,0.0,0.0,0.0,0.0,1.0,0.0,0.1,255,255,1.0,0.0,0.0,0.0,0.0,0.0,0.0,0.0,normal
3,tcp,smtp,SF,693,337,0,0,0,0,0,1,0,0,0,0,0,0,0,0,0,0,1,1,0.0,0.0,0.0,0.0,1.0,0.0,0.0,69,52,0.75,0.04,0.01,0.0,0.0,0.0,0.0,0.0,normal
0,tcp,http,S0,0,0,0,0,0,0,0,0,0,0,0,0,0,0,0,0,0,0,53,17,1.0,1.0,0.0,0.0,0.32,0.08,0.0,255,64,0.25,0.02,0.01,0.0,1.0,1.0,0.0,0.0,neptune
0,tcp,ftp_data,SF,748,0,0,0,0,0,0,1,0,0,0,9,0,0,0,0,0,0,1,1,0.0,0.0,0.0,0.0,1.0,0.0,0.0,62,37,0.02,0.06,0.02,0.05,0.0,0.0,0.0,0.0,normal
0,tcp,private,REJ,0,0,0,0,0,0,0,0,0,0,0,0,0,0,0,0,0,0,2,1,0.0,0.0,1.0,1.0,0.5,1.0,0.0,255,1,0.0,0.95,0.94,0.0,0.0,0.0,0.94,1.0,portsweep
0,tcp,ftp_data,S0,0,0,0,0,0,0,0,0,0,0,0,0,0,0,0,0,0,0,204,11,1.0,1.0,0.0,0.0,0.05,0.06,0.0,255,11,0.04,0.07,0.0,0.0,1.0,1.0,0.0,0.0,neptune
0,tcp,http,SF,294,1357,0,0,0,0,0,1,0,0,0,0,0,0,0,0,0,0,6,6,0.0,0.0,0.0,0.0,1.0,0.0,0.0,77,255,1.0,0.0,0.01,0.03,0.0,0.0,0.0,0.0,normal
0,tcp,private,S0,0,0,0,0,0,0,0,0,0,0,0,0,0,0,0,0,0,0,139,17,1.0,1.0,0.0,0.0,0.12,0.06,0.0,42,17,0.4,0.1,0.02,0.0,1.0,1.0,0.0,0.0,neptune
0,icmp,eco_i,SF,8,0,0,0,0,0,0,0,0,0,0,0,0,0,0,0,0,0,1,36,0.0,0.0,0.0,0.0,1.0,0.0,1.0,1,39,1.0,0.0,1.0,0.51,0.0,0.0,0.0,0.0,ipsweep
0,tcp,telnet,S0,0,0,0,0,0,0,0,0,0,0,0,0,0,0,0,0,0,0,29,2,1.0,1.0,0.0,0.0,0.07,0.14,0.0,255,62,0.24,0.02,0.01,0.0,1.0,1.0,0.0,0.0,neptune
0,tcp,domain,REJ,0,0,0,0,0,0,0,0,0,0,0,0,0,0,0,0,0,0,285,13,0.0,0.0,1.0,1.0,0.05,0.06,0.0,255,13,0.05,0.07,0.0,0.0,0.0,0.0,1.0,1.0,neptune
0,udp,domain_u,SF,44,76,0,0,0,0,0,0,0,0,0,0,0,0,0,0,0,0,213,213,0.0,0.0,0.0,0.0,1.0,0.0,0.0,255,254,1.0,0.01,0.0,0.0,0.0,0.0,0.0,0.0,normal
0,tcp,http,SF,295,1292,0,0,0,0,0,1,0,0,0,0,0,0,0,0,0,0,67,68,0.0,0.0,0.0,0.0,1.0,0.0,0.03,134,255,1.0,0.0,0.01,0.03,0.0,0.0,0.0,0.0,normal
0,tcp,other,REJ,0,0,0,0,0,0,0,0,0,0,0,0,0,0,0,0,0,0,362,1,0.06,0.0,0.91,1.0,0.0,1.0,0.0,255,1,0.0,1.0,0.0,0.0,0.08,0.0,0.9,1.0,satan
0,tcp,private,REJ,0,0,0,0,0,0,0,0,0,0,0,0,0,0,0,0,0,0,272,10,0.0,0.0,1.0,1.0,0.04,0.06,0.0,255,10,0.04,0.07,0.0,0.0,0.0,0.0,1.0,1.0,neptune
0,tcp,private,S0,0,0,0,0,0,0,0,0,0,0,0,0,0,0,0,0,0,0,231,4,1.0,1.0,0.0,0.0,0.02,0.05,0.0,92,4,0.04,0.11,0.01,0.0,0.85,1.0,0.01,0.0,neptune
1,tcp,auth,SF,10,37,0,0,0,0,0,1,0,0,0,0,0,0,0,0,0,0,3,1,0.0,0.0,0.0,0.0,0.33,1.0,0.0,159,10,0.06,0.06,0.01,0.2,0.0,0.0,0.0,0.0,normal
0,tcp,smtp,SF,1030,375,0,0,0,0,0,1,0,0,0,0,0,0,0,0,0,0,1,1,0.0,0.0,0.0,0.0,1.0,0.0,0.0,85,201,0.81,0.05,0.01,0.01,0.0,0.0,0.0,0.0,normal
0,tcp,http,SF,314,6924,0,0,0,0,0,1,0,0,0,0,0,0,0,0,0,0,21,34,0.0,0.0,0.0,0.0,1.0,0.0,0.06,215,255,1.0,0.0,0.0,0.01,0.0,0.0,0.0,0.0,normal
0,icmp,urp_i,SF,181,0,0,0,0,0,0,0,0,0,0,0,0,0,0,0,0,0,2,1,0.0,0.0,0.0,0.0,0.5,1.0,0.0,255,45,0.18,0.01,0.22,0.0,0.0,0.0,0.0,0.0,normal
0,tcp,private,S0,0,0,0,0,0,0,0,0,0,0,0,0,0,0,0,0,0,0,31,1,1.0,1.0,0.0,0.0,0.03,0.13,0.0,255,16,0.06,0.07,0.0,0.0,1.0,1.0,0.0,0.0,neptune
0,udp,domain_u,SF,44,44,0,0,0,0,0,0,0,0,0,0,0,0,0,0,0,0,42,42,0.0,0.0,0.0,0.0,1.0,0.0,0.0,255,255,1.0,0.0,0.0,0.0,0.0,0.0,0.0,0.0,normal
0,tcp,http,SF,291,388,0,0,0,0,0,1,0,0,0,0,0,0,0,0,0,0,8,8,0.0,0.0,0.0,0.0,1.0,0.0,0.0,255,255,1.0,0.0,0.0,0.0,0.0,0.0,0.0,0.0,normal
0,tcp,http,S2,256,15968,0,0,0,0,0,1,0,0,0,0,0,0,0,0,0,0,1,24,1.0,0.04,0.0,0.0,1.0,0.0,0.08,179,255,1.0,0.0,0.01,0.01,0.01,0.0,0.01,0.0,normal
0,tcp,http,SF,244,3177,0,0,0,0,0,1,0,0,0,0,0,0,0,0,0,0,10,11,0.0,0.0,0.0,0.0,1.0,0.0,0.18,255,255,1.0,0.0,0.01,0.0,0.0,0.0,0.0,0.0,normal
0,tcp,http,SF,238,188,0,0,0,0,0,1,0,0,0,0,0,0,0,0,0,0,1,24,0.0,0.0,0.0,0.0,1.0,0.0,0.17,64,255,1.0,0.0,0.02,0.04,0.02,0.01,0.0,0.01,normal
1,tcp,smtp,SF,571,330,0,0,0,0,0,1,0,0,0,0,0,0,0,0,0,0,1,2,0.0,0.0,0.0,0.0,1.0,0.0,1.0,209,118,0.55,0.03,0.0,0.02,0.0,0.0,0.0,0.0,normal
0,tcp,private,S0,0,0,0,0,0,0,0,0,0,0,0,0,0,0,0,0,0,0,141,12,1.0,1.0,0.0,0.0,0.09,0.06,0.0,255,19,0.07,0.05,0.0,0.0,1.0,1.0,0.0,0.0,neptune
27181,tcp,private,RSTR,1,0,0,0,0,0,0,0,0,0,0,0,0,0,0,0,0,0,2,2,0.0,0.0,1.0,1.0,1.0,0.0,0.0,255,2,0.01,0.74,1.0,0.0,0.0,0.0,1.0,1.0,portsweep
0,tcp,ftp_data,SF,748,0,0,0,0,0,0,1,0,0,0,9,0,0,0,0,0,0,1,1,0.0,0.0,0.0,0.0,1.0,0.0,0.0,255,1,0.0,0.02,0.0,0.0,0.0,0.0,0.85,0.0,normal
0,tcp,nnsp,S0,0,0,0,0,0,0,0,0,0,0,0,0,0,0,0,0,0,0,125,7,1.0,1.0,0.0,0.0,0.06,0.06,0.0,255,7,0.03,0.07,0.0,0.0,1.0,1.0,0.0,0.0,neptune
0,tcp,http,REJ,0,0,0,0,0,0,0,0,0,0,0,0,0,0,0,0,0,0,1,2,0.0,0.0,1.0,1.0,1.0,0.0,1.0,33,255,1.0,0.0,0.03,0.18,0.0,0.0,1.0,1.0,normal
1,tcp,smtp,SF,1537,332,0,0,0,0,0,1,0,0,0,0,0,0,0,0,0,0,1,3,0.0,0.0,0.0,0.0,1.0,0.0,1.0,202,171,0.68,0.03,0.0,0.01,0.0,0.0,0.0,0.0,normal
0,tcp,iso_tsap,S0,0,0,0,0,0,0,0,0,0,0,0,0,0,0,0,0,0,0,218,15,1.0,1.0,0.0,0.0,0.07,0.07,0.0,255,15,0.06,0.07,0.0,0.0,1.0,1.0,0.0,0.0,neptune
0,tcp,http,SF,270,1419,0,0,0,0,0,1,0,0,0,0,0,0,0,0,0,0,1,2,0.0,0.0,0.0,0.0,1.0,0.0,1.0,98,255,1.0,0.0,0.01,0.03,0.0,0.0,0.0,0.0,normal
0,tcp,finger,S0,0,0,0,0,0,0,0,0,0,0,0,0,0,0,0,0,0,0,194,11,1.0,1.0,0.0,0.0,0.06,0.07,0.0,255,11,0.04,0.08,0.0,0.0,1.0,1.0,0.0,0.0,neptune
0,tcp,efs,S0,0,0,0,0,0,0,0,0,0,0,0,0,0,0,0,0,0,0,141,13,1.0,1.0,0.0,0.0,0.09,0.06,0.0,255,13,0.05,0.06,0.0,0.0,1.0,1.0,0.0,0.0,neptune
0,udp,domain_u,SF,45,77,0,0,0,0,0,0,0,0,0,0,0,0,0,0,0,0,215,215,0.0,0.0,0.0,0.0,1.0,0.01,0.01,255,254,1.0,0.01,0.0,0.0,0.0,0.0,0.0,0.0,normal
0,tcp,http,SF,172,2987,0,0,0,0,0,1,0,0,0,0,0,0,0,0,0,0,8,8,0.0,0.0,0.0,0.0,1.0,0.0,0.0,19,255,1.0,0.0,0.05,0.05,0.0,0.0,0.0,0.0,normal
0,tcp,uucp,S0,0,0,0,0,0,0,0,0,0,0,0,0,0,0,0,0,0,0,144,14,1.0,1.0,0.0,0.0,0.1,0.06,0.0,255,20,0.08,0.07,0.0,0.0,1.0,1.0,0.0,0.0,neptune
0,tcp,http,REJ,0,0,0,0,0,0,0,0,0,0,0,0,0,0,0,0,0,0,35,35,0.0,0.0,0.89,0.89,1.0,0.0,0.0,188,199,1.0,0.0,0.01,0.03,0.01,0.01,0.37,0.4,normal
0,tcp,http,SF,166,20578,0,0,0,0,0,1,0,0,0,0,0,0,0,0,0,0,1,4,0.0,0.0,0.0,0.0,1.0,0.0,0.5,133,255,1.0,0.0,0.01,0.03,0.0,0.0,0.0,0.0,normal
0,tcp,http,SF,200,1726,0,0,0,0,0,1,0,0,0,0,0,0,0,0,0,0,4,4,0.0,0.0,0.0,0.0,1.0,0.0,0.0,255,255,1.0,0.0,0.0,0.0,0.0,0.0,0.0,0.0,normal
0,tcp,ftp_data,SF,852,0,0,0,0,0,0,1,0,0,0,0,0,0,0,0,0,0,7,7,0.0,0.0,0.0,0.0,1.0,0.0,0.0,13,13,1.0,0.0,1.0,0.0,0.0,0.0,0.0,0.0,normal
0,tcp,http,SF,307,7462,0,0,0,0,0,1,0,0,0,0,0,0,0,0,0,0,6,8,0.0,0.0,0.0,0.0,1.0,0.0,0.25,6,255,1.0,0.0,0.17,0.04,0.0,0.0,0.0,0.0,normal
0,tcp,http,SF,222,397,0,0,0,0,0,1,0,0,0,0,0,0,0,0,0,0,12,12,0.0,0.0,0.0,0.0,1.0,0.0,0.0,255,255,1.0,0.0,0.0,0.0,0.0,0.0,0.0,0.0,normal
5863,udp,other,SF,147,105,0,0,0,0,0,0,0,0,0,0,0,0,0,0,0,0,1,1,0.0,0.0,0.0,0.0,1.0,0.0,0.0,255,1,0.0,0.7,0.94,0.0,0.0,0.0,0.0,0.0,normal
0,icmp,ecr_i,SF,520,0,0,0,0,0,0,0,0,0,0,0,0,0,0,0,0,0,479,479,0.0,0.0,0.0,0.0,1.0,0.0,0.0,145,145,1.0,0.0,1.0,0.0,0.0,0.0,0.0,0.0,smurf
0,tcp,http,SF,303,304,0,0,0,0,0,1,0,0,0,0,0,0,0,0,0,0,2,2,0.0,0.0,0.0,0.0,1.0,0.0,0.0,75,255,1.0,0.0,0.01,0.01,0.0,0.0,0.0,0.0,normal
0,tcp,smtp,SF,602,285,0,0,0,0,0,1,0,0,0,0,0,0,0,0,0,0,1,1,0.0,0.0,0.0,0.0,1.0,0.0,0.0,140,115,0.49,0.06,0.01,0.02,0.01,0.02,0.01,0.0,normal
292,tcp,telnet,SF,204,6185,0,0,0,0,0,1,2,0,0,0,0,0,0,0,0,0,1,1,0.0,0.0,0.0,0.0,1.0,0.0,0.0,255,34,0.13,0.04,0.0,0.0,0.1,0.0,0.02,0.12,normal
0,icmp,ecr_i,SF,1032,0,0,0,0,0,0,0,0,0,0,0,0,0,0,0,0,0,511,511,0.0,0.0,0.0,0.0,1.0,0.0,0.0,255,227,0.89,0.01,0.89,0.0,0.0,0.0,0.0,0.0,smurf
0,icmp,ecr_i,SF,1032,0,0,0,0,0,0,0,0,0,0,0,0,0,0,0,0,0,511,511,0.0,0.0,0.0,0.0,1.0,0.0,0.0,255,7,0.03,0.2,0.03,0.0,0.19,0.0,0.0,0.0,smurf
0,udp,domain_u,SF,44,73,0,0,0,0,0,0,0,0,0,0,0,0,0,0,0,0,224,224,0.0,0.0,0.0,0.0,1.0,0.0,0.0,255,250,0.98,0.01,0.01,0.0,0.0,0.0,0.0,0.0,normal
0,tcp,efs,S0,0,0,0,0,0,0,0,0,0,0,0,0,0,0,0,0,0,0,116,1,1.0,1.0,0.0,0.0,0.01,0.07,0.0,255,1,0.0,0.06,0.0,0.0,1.0,1.0,0.0,0.0,neptune
0,tcp,http,SF,292,2537,0,0,0,0,0,1,0,0,0,0,0,0,0,0,0,0,12,12,0.0,0.0,0.0,0.0,1.0,0.0,0.0,70,255,1.0,0.0,0.01,0.06,0.0,0.0,0.0,0.0,normal
0,tcp,other,REJ,0,0,0,0,0,0,0,0,0,0,0,0,0,0,0,0,0,0,511,1,0.16,0.0,0.84,1.0,0.0,1.0,0.0,255,1,0.0,1.0,0.01,0.0,0.15,0.0,0.85,1.0,satan
0,tcp,gopher,S0,0,0,0,0,0,0,0,0,0,0,0,0,0,0,0,0,0,0,231,13,1.0,1.0,0.0,0.0,0.06,0.06,0.0,255,13,0.05,0.07,0.0,0.0,1.0,1.0,0.0,0.0,neptune
0,tcp,echo,RSTO,0,0,0,0,0,0,0,0,0,0,0,0,0,0,0,0,0,0,189,1,0.0,0.0,1.0,1.0,0.01,0.07,0.0,255,1,0.0,0.07,0.0,0.0,0.0,0.0,1.0,1.0,neptune
0,tcp,http,SF,287,1728,0,0,0,0,0,1,0,0,0,0,0,0,0,0,0,0,10,10,0.0,0.0,0.0,0.0,1.0,0.0,0.0,94,255,1.0,0.0,0.01,0.02,0.0,0.01,0.0,0.0,normal
0,tcp,http_443,S0,0,0,0,0,0,0,0,0,0,0,0,0,0,0,0,0,0,0,143,13,1.0,1.0,0.0,0.0,0.09,0.06,0.0,255,12,0.05,0.06,0.0,0.0,1.0,1.0,0.0,0.0,neptune
0,icmp,eco_i,SF,8,0,0,0,0,0,0,0,0,0,0,0,0,0,0,0,0,0,1,14,0.0,0.0,0.0,0.0,1.0,0.0,1.0,1,7,1.0,0.0,1.0,0.57,0.0,0.0,0.0,0.0,ipsweep
0,tcp,iso_tsap,S0,0,0,0,0,0,0,0,0,0,0,0,0,0,0,0,0,0,0,255,2,1.0,1.0,0.0,0.0,0.01,0.07,0.0,255,2,0.01,0.08,0.0,0.0,1.0,1.0,0.0,0.0,neptune
0,tcp,private,REJ,0,0,0,0,0,0,0,0,0,0,0,0,0,0,0,0,0,0,146,18,0.0,0.0,1.0,1.0,0.12,0.05,0.0,221,18,0.08,0.06,0.0,0.0,0.0,0.0,1.0,1.0,neptune
1,tcp,smtp,SF,895,327,0,0,0,0,0,1,0,0,0,0,0,0,0,0,0,0,1,3,0.0,0.0,0.0,0.0,1.0,0.0,1.0,169,144,0.41,0.02,0.01,0.01,0.0,0.0,0.0,0.0,normal
0,tcp,http,SF,243,4005,0,0,0,0,0,1,0,0,0,0,0,0,0,0,0,0,16,16,0.0,0.0,0.0,0.0,1.0,0.0,0.0,255,255,1.0,0.0,0.01,0.0,0.0,0.0,0.0,0.0,normal
0,tcp,private,S0,0,0,0,0,0,0,0,0,0,0,0,0,0,0,0,0,0,0,85,2,1.0,1.0,0.0,0.0,0.02,0.07,0.0,255,4,0.02,0.07,0.0,0.0,1.0,1.0,0.0,0.0,neptune
0,icmp,eco_i,SF,8,0,0,0,0,0,0,0,0,0,0,0,0,0,0,0,0,0,1,35,0.0,0.0,0.0,0.0,1.0,0.0,1.0,2,130,1.0,0.0,1.0,0.5,0.0,0.0,0.0,0.0,ipsweep
0,tcp,http,SF,340,269,0,0,0,0,0,1,0,0,0,0,0,0,0,0,0,0,18,18,0.0,0.0,0.0,0.0,1.0,0.0,0.0,85,255,1.0,0.0,0.01,0.09,0.0,0.0,0.15,0.55,normal
0,tcp,hostnames,S0,0,0,0,0,0,0,0,0,0,0,0,0,0,0,0,0,0,0,208,6,1.0,1.0,0.0,0.0,0.03,0.07,0.0,255,6,0.02,0.07,0.0,0.0,1.0,1.0,0.0,0.0,neptune
0,tcp,http,SF,231,3817,0,0,0,0,0,1,0,0,0,0,0,0,0,0,0,0,10,10,0.0,0.0,0.0,0.0,1.0,0.0,0.0,255,255,1.0,0.0,0.01,0.0,0.0,0.0,0.0,0.0,normal
0,tcp,private,S0,0,0,0,0,0,0,0,0,0,0,0,0,0,0,0,0,0,0,135,5,1.0,1.0,0.0,0.0,0.04,0.06,0.0,255,3,0.01,0.07,0.0,0.0,1.0,1.0,0.0,0.0,neptune
0,tcp,smtp,SF,1420,328,0,0,0,0,0,1,0,0,0,0,0,0,0,0,0,0,1,1,0.0,0.0,0.0,0.0,1.0,0.0,0.0,89,80,0.21,0.8,0.01,0.03,0.0,0.0,0.73,0.0,normal
0,tcp,http,SF,221,333,0,0,0,0,0,1,0,0,0,0,0,0,0,0,0,0,3,17,0.0,0.0,0.0,0.0,1.0,0.0,0.12,168,255,1.0,0.0,0.01,0.03,0.0,0.0,0.0,0.0,normal
0,icmp,eco_i,SF,8,0,0,0,0,0,0,0,0,0,0,0,0,0,0,0,0,0,1,52,0.0,0.0,0.0,0.0,1.0,0.0,1.0,1,71,1.0,0.0,1.0,0.51,0.0,0.0,0.0,0.0,ipsweep
0,tcp,private,S0,0,0,0,0,0,0,0,0,0,0,0,0,0,0,0,0,0,0,112,3,1.0,1.0,0.0,0.0,0.03,0.06,0.0,255,7,0.03,0.07,0.0,0.0,1.0,1.0,0.0,0.0,neptune
0,icmp,ecr_i,SF,1032,0,0,0,0,0,0,0,0,0,0,0,0,0,0,0,0,0,510,510,0.0,0.0,0.0,0.0,1.0,0.0,0.0,255,139,0.55,0.17,0.55,0.0,0.0,0.0,0.0,0.0,smurf
0,tcp,private,S0,0,0,0,0,0,0,0,0,0,0,0,0,0,0,0,0,0,0,248,9,1.0,1.0,0.0,0.0,0.04,0.07,0.0,255,9,0.04,0.08,0.0,0.0,1.0,1.0,0.0,0.0,neptune
0,tcp,http,SF,309,4396,0,0,0,0,0,1,0,0,0,0,0,0,0,0,0,0,25,25,0.0,0.0,0.0,0.0,1.0,0.0,0.0,53,255,1.0,0.0,0.02,0.01,0.0,0.0,0.0,0.0,normal
0,tcp,private,REJ,0,0,0,0,0,0,0,0,0,0,0,0,0,0,0,0,0,0,275,1,0.03,0.0,0.95,1.0,0.0,1.0,0.0,255,1,0.0,0.97,0.0,0.0,0.04,0.0,0.92,1.0,satan
0,tcp,ftp_data,SF,9198,0,0,0,0,0,0,1,0,0,0,0,0,0,0,0,0,0,6,6,0.0,0.0,0.0,0.0,1.0,0.0,0.0,255,34,0.13,0.05,0.13,0.0,0.45,0.0,0.02,0.0,normal
0,tcp,private,S0,0,0,0,0,0,0,0,0,0,0,0,0,0,0,0,0,0,0,158,13,1.0,1.0,0.0,0.0,0.08,0.06,0.0,255,13,0.05,0.06,0.0,0.0,1.0,1.0,0.0,0.0,neptune
0,tcp,ftp_data,SF,1339,0,0,0,0,0,0,0,0,0,0,0,0,0,0,0,0,0,2,2,0.0,0.0,0.0,0.0,1.0,0.0,0.0,134,31,0.23,0.04,0.23,0.0,0.02,0.0,0.0,0.0,normal
0,tcp,ftp_data,SF,3676,0,0,0,0,0,0,1,0,0,0,0,0,0,0,0,0,0,9,9,0.0,0.0,0.0,0.0,1.0,0.0,0.0,210,106,0.33,0.07,0.33,0.02,0.02,0.04,0.0,0.0,normal
0,tcp,bgp,REJ,0,0,0,0,0,0,0,0,0,0,0,0,0,0,0,0,0,0,253,7,0.0,0.0,1.0,1.0,0.03,0.07,0.0,255,7,0.03,0.08,0.0,0.0,0.0,0.0,1.0,1.0,neptune
0,udp,domain_u,SF,43,71,0,0,0,0,0,0,0,0,0,0,0,0,0,0,0,0,194,194,0.0,0.0,0.0,0.0,1.0,0.0,0.0,255,230,0.9,0.01,0.01,0.0,0.0,0.0,0.0,0.0,normal
0,tcp,netbios_ssn,S0,0,0,0,0,0,0,0,0,0,0,0,0,0,0,0,0,0,0,14,5,1.0,1.0,0.0,0.0,0.36,0.43,0.0,255,5,0.02,0.09,0.0,0.0,1.0,1.0,0.0,0.0,neptune
0,tcp,http,SF,292,269,0,0,0,0,0,1,0,0,0,0,0,0,0,0,0,0,5,11,0.0,0.09,0.0,0.0,1.0,0.0,0.36,255,255,1.0,0.0,0.0,0.0,0.0,0.0,0.0,0.0,normal
0,tcp,supdup,S0,0,0,0,0,0,0,0,0,0,0,0,0,0,0,0,0,0,0,111,15,1.0,1.0,0.0,0.0,0.14,0.05,0.0,255,15,0.06,0.05,0.0,0.0,1.0,1.0,0.0,0.0,neptune
0,tcp,netbios_ssn,S0,0,0,0,0,0,0,0,0,0,0,0,0,0,0,0,0,0,0,104,18,1.0,1.0,0.0,0.0,0.17,0.06,0.0,255,6,0.02,0.07,0.0,0.0,1.0,1.0,0.0,0.0,neptune
0,tcp,http,SF,328,2565,0,0,0,0,0,1,0,0,0,0,0,0,0,0,0,0,32,32,0.0,0.0,0.0,0.0,1.0,0.0,0.0,216,255,1.0,0.0,0.0,0.02,0.0,0.01,0.02,0.02,normal
0,tcp,http,SF,326,234,0,0,0,0,0,1,0,0,0,0,0,0,0,0,0,0,4,5,0.0,0.0,0.0,0.0,1.0,0.0,0.4,60,255,1.0,0.0,0.02,0.03,0.0,0.0,0.0,0.0,normal
0,tcp,http,SF,259,868,0,0,0,0,0,1,0,0,0,0,0,0,0,0,0,0,13,16,0.0,0.0,0.0,0.06,1.0,0.0,0.19,255,255,1.0,0.0,0.0,0.0,0.0,0.0,0.0,0.0,normal
0,tcp,http,SF,334,2488,0,0,0,0,0,1,0,0,0,0,0,0,0,0,0,0,7,10,0.0,0.0,0.0,0.0,1.0,0.0,0.3,185,221,1.0,0.0,0.01,0.02,0.0,0.0,0.0,0.0,normal
0,tcp,private,REJ,0,0,0,0,0,0,0,0,0,0,0,0,0,0,0,0,0,0,124,1,0.01,0.0,0.94,1.0,0.01,1.0,0.0,249,1,0.0,0.53,0.0,0.0,0.0,0.0,0.48,1.0,satan
0,udp,domain_u,SF,42,42,0,0,0,0,0,0,0,0,0,0,0,0,0,0,0,0,16,27,0.0,0.0,0.0,0.0,1.0,0.0,0.15,255,255,1.0,0.0,0.0,0.0,0.0,0.0,0.0,0.0,normal
0,tcp,http,SF,241,573,0,0,0,0,0,1,0,0,0,0,0,0,0,0,0,0,8,9,0.0,0.0,0.0,0.0,1.0,0.0,0.22,118,255,1.0,0.0,0.01,0.02,0.0,0.0,0.0,0.0,normal
0,tcp,http,SF,274,17066,0,0,0,0,0,1,0,0,0,0,0,0,0,0,0,0,1,2,0.0,0.0,0.0,0.0,1.0,0.0,1.0,33,255,1.0,0.0,0.03,0.03,0.0,0.0,0.0,0.0,normal
0,tcp,vmnet,S0,0,0,0,0,0,0,0,0,0,0,0,0,0,0,0,0,0,0,296,18,1.0,1.0,0.0,0.0,0.06,0.05,0.0,255,18,0.07,0.06,0.0,0.0,1.0,1.0,0.0,0.0,neptune
0,tcp,http,SF,225,1075,0,0,0,0,0,1,0,0,0,0,0,0,0,0,0,0,3,2,0.0,0.0,0.0,0.0,0.67,0.67,0.0,255,249,0.98,0.01,0.0,0.0,0.0,0.0,0.0,0.0,normal
1,tcp,smtp,SF,0,90,0,0,0,0,0,1,0,0,0,0,0,0,0,0,0,0,1,1,0.0,0.0,0.0,0.0,1.0,0.0,0.0,6,115,0.17,1.0,0.17,0.03,0.0,0.0,0.83,0.0,ipsweep
0,tcp,http,SF,264,14602,0,0,0,2,0,1,0,0,0,0,0,0,0,0,0,0,1,3,0.0,0.0,0.0,0.33,1.0,0.0,0.67,255,255,1.0,0.0,0.0,0.0,0.0,0.0,0.0,0.0,normal
0,tcp,http,SF,210,8539,0,0,0,0,0,1,0,0,0,0,0,0,0,0,0,0,4,4,0.0,0.0,0.0,0.0,1.0,0.0,0.0,195,255,1.0,0.0,0.01,0.03,0.0,0.0,0.0,0.0,normal
0,tcp,http,SF,291,261,0,0,0,0,0,1,0,0,0,0,0,0,0,0,0,0,7,7,0.0,0.0,0.0,0.0,1.0,0.0,0.0,255,255,1.0,0.0,0.0,0.0,0.0,0.0,0.0,0.0,normal
0,udp,domain_u,SF,33,0,0,0,0,0,0,0,0,0,0,0,0,0,0,0,0,0,1,5,0.0,0.0,0.0,0.0,1.0,0.0,0.6,142,22,0.13,0.05,0.13,0.09,0.0,0.0,0.0,0.0,normal
0,tcp,http,SF,215,6603,0,0,0,0,0,1,0,0,0,0,0,0,0,0,0,0,1,9,0.0,0.0,0.0,0.0,1.0,0.0,0.44,5,255,1.0,0.0,0.2,0.02,0.0,0.0,0.0,0.0,normal
0,tcp,http,SF,195,160,0,0,0,0,0,1,0,0,0,0,0,0,0,0,0,0,1,1,0.0,0.0,0.0,0.0,1.0,0.0,0.0,2,255,1.0,0.0,0.5,0.02,0.0,0.0,0.0,0.0,normal
0,tcp,ftp_data,SF,12,0,0,0,0,0,0,1,0,0,0,0,0,0,0,0,0,0,1,1,0.0,0.0,0.0,0.0,1.0,0.0,0.0,119,86,0.38,0.03,0.38,0.03,0.0,0.0,0.0,0.0,normal
0,udp,domain_u,SF,91,0,0,0,0,0,0,0,0,0,0,0,0,0,0,0,0,0,5,5,0.0,0.0,0.0,0.0,1.0,0.0,0.0,60,37,0.62,0.03,0.62,0.0,0.0,0.0,0.0,0.0,normal
0,tcp,http,SF,213,632,0,0,0,0,0,1,0,0,0,0,0,0,0,0,0,0,15,15,0.0,0.0,0.0,0.0,1.0,0.0,0.0,40,255,1.0,0.0,0.03,0.04,0.0,0.0,0.0,0.0,normal
0,tcp,http,SF,224,487,0,0,0,0,0,1,0,0,0,0,0,0,0,0,0,0,4,4,0.0,0.0,0.0,0.0,1.0,0.0,0.0,170,255,1.0,0.0,0.01,0.05,0.01,0.0,0.0,0.0,normal
0,tcp,http,SF,229,816,0,0,0,0,0,1,0,0,0,0,0,0,0,0,0,0,6,6,0.0,0.0,0.0,0.0,1.0,0.0,0.0,47,255,1.0,0.0,0.02,0.02,0.0,0.0,0.0,0.0,normal
0,tcp,http,SF,310,1237,0,0,0,0,0,1,0,0,0,0,0,0,0,0,0,0,9,25,0.0,0.0,0.0,0.0,1.0,0.0,0.08,39,255,1.0,0.0,0.03,0.03,0.0,0.0,0.0,0.0,normal
0,tcp,http,SF,231,636,0,0,0,0,0,1,0,0,0,0,0,0,0,0,0,0,3,4,0.0,0.0,0.0,0.0,1.0,0.0,0.5,11,255,1.0,0.0,0.09,0.02,0.0,0.01,0.0,0.0,normal
0,udp,private,SF,105,145,0,0,0,0,0,0,0,0,0,0,0,0,0,0,0,0,4,1,0.0,0.0,0.0,0.0,0.25,0.5,0.0,255,116,0.45,0.01,0.0,0.0,0.0,0.0,0.0,0.0,normal
0,tcp,private,S0,0,0,0,0,0,0,0,0,0,0,0,0,0,0,0,0,0,0,215,15,1.0,1.0,0.0,0.0,0.07,0.07,0.0,255,15,0.06,0.09,0.0,0.0,1.0,1.0,0.0,0.0,neptune
0,icmp,eco_i,SF,8,0,0,0,0,0,0,0,0,0,0,0,0,0,0,0,0,0,1,51,0.0,0.0,0.0,0.0,1.0,0.0,1.0,1,119,1.0,0.0,1.0,0.5,0.0,0.0,0.0,0.0,ipsweep
0,tcp,domain,S0,0,0,0,0,0,0,0,0,0,0,0,0,0,0,0,0,0,0,203,15,1.0,1.0,0.0,0.0,0.07,0.06,0.0,255,18,0.07,0.06,0.0,0.0,1.0,1.0,0.0,0.0,neptune
0,icmp,eco_i,SF,8,0,0,0,0,0,0,0,0,0,0,0,0,0,0,0,0,0,1,38,0.0,0.0,0.0,0.0,1.0,0.0,1.0,2,56,1.0,0.0,1.0,0.5,0.0,0.0,0.0,0.0,ipsweep
0,udp,domain_u,SF,45,76,0,0,0,0,0,0,0,0,0,0,0,0,0,0,0,0,161,161,0.0,0.0,0.0,0.0,1.0,0.0,0.0,255,203,0.8,0.01,0.0,0.0,0.0,0.0,0.0,0.0,normal
0,tcp,http,SF,172,2595,0,0,0,0,0,1,0,0,0,0,0,0,0,0,0,0,1,1,0.0,0.0,0.0,0.0,1.0,0.0,0.0,31,255,1.0,0.0,0.03,0.02,0.0,0.0,0.0,0.0,normal
0,udp,domain_u,SF,42,71,0,0,0,0,0,0,0,0,0,0,0,0,0,0,0,0,248,248,0.0,0.0,0.0,0.0,1.0,0.0,0.0,255,254,1.0,0.01,0.0,0.0,0.0,0.0,0.0,0.0,normal
0,tcp,http,SF,399,229,0,0,0,0,0,1,0,0,0,0,0,0,0,0,0,0,2,23,0.0,0.0,0.0,0.0,1.0,0.0,0.17,56,255,1.0,0.0,0.02,0.04,0.0,0.0,0.0,0.0,normal
0,tcp,http,SF,221,3330,0,0,0,0,0,1,0,0,0,0,0,0,0,0,0,0,34,34,0.0,0.0,0.0,0.0,1.0,0.0,0.0,34,255,1.0,0.0,0.03,0.05,0.0,0.0,0.0,0.0,normal
0,tcp,courier,S0,0,0,0,0,0,0,0,0,0,0,0,0,0,0,0,0,0,0,140,18,1.0,1.0,0.0,0.0,0.13,0.06,0.0,255,3,0.01,0.07,0.0,0.0,1.0,1.0,0.0,0.0,neptune
0,tcp,http,SF,224,347,0,0,0,0,0,1,0,0,0,0,0,0,0,0,0,0,7,7,0.0,0.0,0.0,0.0,1.0,0.0,0.0,45,255,1.0,0.0,0.02,0.05,0.0,0.0,0.0,0.0,normal
0,tcp,http,S0,0,0,0,0,0,0,0,0,0,0,0,0,0,0,0,0,0,0,45,11,1.0,1.0,0.0,0.0,0.24,0.09,0.0,255,28,0.11,0.04,0.0,0.0,1.0,1.0,0.0,0.0,neptune
0,tcp,http,SF,239,2197,0,0,0,0,0,1,0,0,0,0,0,0,0,0,0,0,5,5,0.0,0.0,0.0,0.0,1.0,0.0,0.0,219,255,1.0,0.0,0.0,0.01,0.0,0.0,0.0,0.0,normal
0,tcp,http,SF,205,175,0,0,0,0,0,1,0,0,0,0,0,0,0,0,0,0,14,14,0.0,0.0,0.0,0.0,1.0,0.0,0.0,86,255,1.0,0.0,0.01,0.04,0.0,0.0,0.0,0.0,normal
0,tcp,smtp,SF,1339,325,0,0,0,0,0,1,0,0,0,0,0,0,0,0,0,0,1,1,0.0,0.0,0.0,0.0,1.0,0.0,0.0,32,189,0.69,0.09,0.03,0.01,0.0,0.0,0.0,0.0,normal
0,tcp,ftp_data,SF,192,0,0,0,0,0,0,1,0,0,0,0,0,0,0,0,0,0,2,2,0.0,0.0,0.0,0.0,1.0,0.0,0.0,199,97,0.3,0.07,0.3,0.02,0.02,0.04,0.0,0.0,normal
2440,udp,other,SF,145,105,0,0,0,0,0,0,0,0,0,0,0,0,0,0,0,0,1,1,0.0,0.0,0.0,0.0,1.0,0.0,0.0,255,1,0.0,0.69,0.97,0.0,0.0,0.0,0.0,0.0,normal
0,tcp,http,SF,299,4073,0,0,0,0,0,1,0,0,0,0,0,0,0,0,0,0,3,5,0.0,0.0,0.0,0.0,1.0,0.0,0.4,35,255,1.0,0.0,0.03,0.06,0.06,0.01,0.0,0.0,normal
0,tcp,vmnet,S0,0,0,0,0,0,0,0,0,0,0,0,0,0,0,0,0,0,0,127,16,1.0,1.0,0.0,0.0,0.13,0.06,0.0,255,16,0.06,0.05,0.0,0.0,1.0,1.0,0.0,0.0,neptune
0,tcp,http,SF,239,3637,0,0,0,0,0,1,0,0,0,0,0,0,0,0,0,0,2,2,0.0,0.0,0.0,0.0,1.0,0.0,0.0,159,255,1.0,0.0,0.01,0.09,0.0,0.0,0.45,0.6,normal
0,tcp,http,SF,331,478,0,0,0,0,0,1,0,0,0,0,0,0,0,0,0,0,11,11,0.0,0.0,0.0,0.0,1.0,0.0,0.0,255,255,1.0,0.0,0.0,0.0,0.0,0.0,0.0,0.0,normal
0,tcp,auth,S0,0,0,0,0,0,0,0,0,0,0,0,0,0,0,0,0,0,0,278,24,1.0,1.0,0.0,0.0,0.09,0.05,0.0,255,24,0.09,0.05,0.0,0.0,1.0,1.0,0.0,0.0,neptune
0,udp,private,SF,1,0,0,0,0,0,0,0,0,0,0,0,0,0,0,0,0,0,21,8,0.0,0.0,0.0,0.0,0.38,0.1,0.0,255,47,0.18,0.26,0.97,0.0,0.0,0.0,0.03,0.0,satan
0,tcp,http_443,S0,0,0,0,0,0,0,0,0,0,0,0,0,0,0,0,0,0,0,106,4,1.0,1.0,0.0,0.0,0.04,0.07,0.0,255,15,0.06,0.06,0.0,0.0,1.0,1.0,0.0,0.0,neptune
0,udp,private,SF,105,105,0,0,0,0,0,0,0,0,0,0,0,0,0,0,0,0,10,1,0.0,0.0,0.0,0.0,0.1,0.2,0.0,255,240,0.94,0.01,0.0,0.0,0.0,0.0,0.0,0.0,normal
0,tcp,vmnet,S0,0,0,0,0,0,0,0,0,0,0,0,0,0,0,0,0,0,0,132,21,1.0,1.0,0.0,0.0,0.16,0.05,0.0,255,21,0.08,0.05,0.0,0.0,1.0,1.0,0.0,0.0,neptune
0,tcp,private,S0,0,0,0,0,0,0,0,0,0,0,0,0,0,0,0,0,0,0,178,4,1.0,1.0,0.0,0.0,0.02,0.06,0.0,255,17,0.07,0.07,0.0,0.0,1.0,1.0,0.0,0.0,neptune
0,tcp,private,REJ,0,0,0,0,0,0,0,0,0,0,0,0,0,0,0,0,0,0,33,13,0.0,0.0,1.0,1.0,0.39,0.09,0.0,255,19,0.07,0.06,0.0,0.0,0.0,0.0,1.0,1.0,neptune
0,icmp,eco_i,SF,30,0,0,0,0,0,0,0,0,0,0,0,0,0,0,0,0,0,2,1,0.0,0.0,0.0,0.0,0.5,1.0,0.0,255,4,0.02,0.01,0.08,0.0,0.0,0.0,0.0,0.0,normal
0,tcp,http,SF,328,17829,0,0,0,0,0,1,0,0,0,0,0,0,0,0,0,0,3,3,0.0,0.0,0.0,0.0,1.0,0.0,0.0,247,255,1.0,0.0,0.01,0.01,0.0,0.0,0.01,0.01,normal
0,tcp,ftp_data,SF,9178,0,0,0,0,0,0,1,0,0,0,0,0,0,0,0,0,0,7,7,0.0,0.0,0.0,0.0,1.0,0.0,0.0,66,100,0.26,0.06,0.26,0.02,0.0,0.0,0.0,0.0,normal
0,tcp,whois,S0,0,0,0,0,0,0,0,0,0,0,0,0,0,0,0,0,0,0,121,1,1.0,1.0,0.0,0.0,0.01,0.06,0.0,255,1,0.0,0.06,0.0,0.0,1.0,1.0,0.0,0.0,neptune
0,tcp,http,REJ,0,0,0,0,0,0,0,0,0,0,0,0,0,0,0,0,0,0,1,1,0.0,0.0,1.0,1.0,1.0,0.0,0.0,71,255,1.0,0.0,0.01,0.1,0.0,0.0,0.66,0.91,normal
0,tcp,http,SF,178,1110,0,0,0,0,0,1,0,0,0,0,0,0,0,0,0,0,1,1,0.0,0.0,0.0,0.0,1.0,0.0,0.0,45,255,1.0,0.0,0.02,0.05,0.0,0.0,0.0,0.0,normal
0,tcp,http,SF,282,2469,0,0,0,0,0,1,0,0,0,0,0,0,0,0,0,0,10,15,0.0,0.0,0.0,0.0,1.0,0.0,0.13,255,255,1.0,0.0,0.0,0.0,0.0,0.0,0.0,0.0,normal
27,tcp,ftp,SF,1491,4152,0,0,0,30,0,1,0,0,0,0,0,0,0,0,0,1,1,1,0.0,0.0,0.0,0.0,1.0,0.0,0.0,8,4,0.5,0.25,0.12,0.0,0.0,0.0,0.0,0.0,normal
0,tcp,http,REJ,0,0,0,0,0,0,0,0,0,0,0,0,0,0,0,0,0,0,1,1,0.0,0.0,1.0,1.0,1.0,0.0,0.0,9,255,1.0,0.0,0.11,0.33,0.0,0.0,1.0,0.99,normal
0,tcp,http,SF,228,666,0,0,0,0,0,1,0,0,0,0,0,0,0,0,0,0,4,4,0.0,0.0,0.0,0.0,1.0,0.0,0.0,139,230,1.0,0.0,0.01,0.02,0.0,0.0,0.0,0.0,normal
0,tcp,systat,S0,0,0,0,0,0,0,0,0,0,0,0,0,0,0,0,0,0,0,264,14,1.0,1.0,0.0,0.0,0.05,0.05,0.0,255,14,0.05,0.05,0.0,0.0,1.0,1.0,0.0,0.0,neptune
0,icmp,eco_i,SF,8,0,0,0,0,0,0,0,0,0,0,0,0,0,0,0,0,0,1,20,0.0,0.0,0.0,0.0,1.0,0.0,1.0,1,59,1.0,0.0,1.0,0.51,0.0,0.0,0.0,0.0,ipsweep
0,tcp,http,SF,216,265,0,0,0,0,0,1,0,0,0,0,0,0,0,0,0,0,15,15,0.0,0.0,0.0,0.0,1.0,0.0,0.0,42,255,1.0,0.0,0.02,0.05,0.0,0.0,0.0,0.0,normal
0,tcp,smtp,SF,1321,388,0,0,0,0,0,1,0,0,0,0,0,0,0,0,0,0,1,1,0.0,0.0,0.0,0.0,1.0,0.0,0.0,255,85,0.33,0.02,0.0,0.0,0.47,0.0,0.0,0.0,normal
4,tcp,smtp,SF,1116,333,0,0,0,0,0,1,0,0,0,0,0,0,0,0,0,0,1,2,0.0,0.0,0.0,0.0,1.0,0.0,1.0,105,63,0.6,0.05,0.01,0.0,0.01,0.02,0.0,0.0,normal
0,tcp,ssh,S0,0,0,0,0,0,0,0,0,0,0,0,0,0,0,0,0,0,0,296,11,1.0,1.0,0.0,0.0,0.04,0.05,0.0,255,11,0.04,0.05,0.0,0.0,1.0,1.0,0.0,0.0,neptune
0,tcp,http,SF,295,9591,0,0,0,0,0,1,0,0,0,0,0,0,0,0,0,0,7,7,0.0,0.0,0.0,0.0,1.0,0.0,0.0,7,255,1.0,0.0,0.14,0.02,0.0,0.0,0.0,0.0,normal
0,tcp,systat,S0,0,0,0,0,0,0,0,0,0,0,0,0,0,0,0,0,0,0,234,11,1.0,1.0,0.0,0.0,0.05,0.07,0.0,255,11,0.04,0.08,0.0,0.0,1.0,1.0,0.0,0.0,neptune
0,tcp,auth,S0,0,0,0,0,0,0,0,0,0,0,0,0,0,0,0,0,0,0,250,4,1.0,1.0,0.0,0.0,0.02,0.05,0.0,255,4,0.02,0.05,0.0,0.0,1.0,1.0,0.0,0.0,neptune
0,tcp,http,SF,204,182,0,0,0,0,0,1,0,0,0,0,0,0,0,0,0,0,31,32,0.0,0.0,0.0,0.0,1.0,0.0,0.06,255,255,1.0,0.0,0.0,0.0,0.0,0.0,0.0,0.0,normal
0,icmp,ecr_i,SF,520,0,0,0,0,0,0,0,0,0,0,0,0,0,0,0,0,0,322,322,0.0,0.0,0.0,0.0,1.0,0.0,0.0,255,255,1.0,0.0,1.0,0.0,0.0,0.0,0.0,0.0,smurf
0,tcp,private,S0,0,0,0,0,0,0,0,0,0,0,0,0,0,0,0,0,0,0,283,20,1.0,1.0,0.0,0.0,0.07,0.05,0.0,255,20,0.08,0.06,0.0,0.0,1.0,1.0,0.0,0.0,neptune
0,tcp,vmnet,REJ,0,0,0,0,0,0,0,0,0,0,0,0,0,0,0,0,0,0,208,4,0.0,0.0,1.0,1.0,0.02,0.07,0.0,255,4,0.02,0.08,0.0,0.0,0.0,0.0,1.0,1.0,neptune
0,tcp,ftp_data,SF,748,0,0,0,0,0,0,1,0,0,0,9,0,0,0,0,0,0,1,1,0.0,0.0,0.0,0.0,1.0,0.0,0.0,2,75,0.5,1.0,0.5,0.03,0.0,0.01,0.0,0.0,normal
0,tcp,finger,S0,0,0,0,0,0,0,0,0,0,0,0,0,0,0,0,0,0,0,26,10,1.0,1.0,0.0,0.0,0.38,0.15,0.0,255,70,0.27,0.02,0.01,0.0,1.0,1.0,0.0,0.0,neptune
0,tcp,http,SF,207,1918,0,0,0,0,0,1,0,0,0,0,0,0,0,0,0,0,6,6,0.0,0.0,0.0,0.0,1.0,0.0,0.0,64,255,1.0,0.0,0.02,0.03,0.0,0.0,0.0,0.0,normal
0,udp,domain_u,SF,36,0,0,0,0,0,0,0,0,0,0,0,0,0,0,0,0,0,13,14,0.0,0.0,0.0,0.0,1.0,0.0,0.14,26,214,1.0,0.0,1.0,0.01,0.0,0.0,0.0,0.0,normal
0,tcp,http,SF,211,1695,0,0,0,0,0,1,0,0,0,0,0,0,0,0,0,0,7,7,0.0,0.0,0.0,0.0,1.0,0.0,0.0,255,255,1.0,0.0,0.0,0.0,0.0,0.0,0.0,0.0,normal
0,tcp,telnet,RSTO,0,0,0,0,0,0,0,0,0,0,0,0,0,0,0,0,0,0,230,10,0.0,0.0,1.0,1.0,0.04,0.07,0.0,255,10,0.04,0.08,0.0,0.0,0.0,0.0,1.0,1.0,neptune
0,udp,private,SF,215,0,0,0,0,0,0,0,0,0,0,0,0,0,0,0,0,0,1,1,0.0,0.0,0.0,0.0,1.0,0.0,0.0,95,79,0.83,0.02,0.83,0.0,0.0,0.0,0.0,0.0,nmap
0,tcp,http,SF,343,418,0,0,0,0,0,1,0,0,0,0,0,0,0,0,0,0,18,39,0.0,0.0,0.0,0.0,1.0,0.0,0.05,255,255,1.0,0.0,0.0,0.0,0.0,0.0,0.0,0.0,normal
5,tcp,smtp,SF,708,480,0,0,0,0,0,1,0,0,0,0,0,0,0,0,0,0,1,1,0.0,0.0,0.0,0.0,1.0,0.0,0.0,255,6,0.02,0.01,0.0,0.0,0.0,0.0,0.01,0.0,normal
0,tcp,http,SF,227,255,0,0,0,0,0,1,0,0,0,0,0,0,0,0,0,0,16,16,0.0,0.0,0.0,0.0,1.0,0.0,0.0,255,255,1.0,0.0,0.0,0.0,0.0,0.0,0.0,0.0,normal
0,tcp,http,SF,248,630,0,0,0,0,0,1,0,0,0,0,0,0,0,0,0,0,13,13,0.0,0.0,0.0,0.0,1.0,0.0,0.0,201,255,1.0,0.0,0.0,0.02,0.0,0.0,0.0,0.0,normal
0,tcp,private,S0,0,0,0,0,0,0,0,0,0,0,0,0,0,0,0,0,0,0,142,5,1.0,1.0,0.0,0.0,0.04,0.06,0.0,255,25,0.1,0.05,0.0,0.0,1.0,1.0,0.0,0.0,neptune
0,tcp,http,SF,220,11892,0,0,0,0,0,1,0,0,0,0,0,0,0,0,0,0,12,12,0.0,0.0,0.0,0.0,1.0,0.0,0.0,255,255,1.0,0.0,0.0,0.0,0.0,0.0,0.0,0.0,normal
0,tcp,http,SF,232,674,0,0,0,0,0,1,0,0,0,0,0,0,0,0,0,0,24,31,0.0,0.0,0.0,0.0,1.0,0.0,0.19,255,255,1.0,0.0,0.0,0.0,0.0,0.0,0.0,0.0,normal
0,tcp,telnet,S0,0,0,0,0,0,0,0,0,0,0,0,0,0,0,0,0,0,0,65,14,1.0,1.0,0.0,0.0,0.22,0.06,0.0,255,56,0.22,0.04,0.02,0.0,1.0,1.0,0.0,0.0,neptune
0,tcp,nntp,S0,0,0,0,0,0,0,0,0,0,0,0,0,0,0,0,0,0,0,211,13,1.0,1.0,0.0,0.0,0.06,0.06,0.0,255,13,0.05,0.07,0.0,0.0,1.0,1.0,0.0,0.0,neptune
0,tcp,csnet_ns,REJ,0,0,0,0,0,0,0,0,0,0,0,0,0,0,0,0,0,0,275,18,0.0,0.0,1.0,1.0,0.07,0.06,0.0,255,18,0.07,0.07,0.0,0.0,0.0,0.0,1.0,1.0,neptune
49,tcp,telnet,SF,187,7751,0,0,0,1,0,1,10,0,0,10,0,0,0,0,1,0,1,1,0.0,0.0,0.0,0.0,1.0,0.0,0.0,255,18,0.07,0.58,0.0,0.0,0.58,0.17,0.0,0.06,normal
0,tcp,smtp,SF,1232,328,0,0,0,0,0,1,0,0,0,0,0,0,0,0,0,0,9,3,0.0,0.0,0.0,0.0,0.11,0.22,1.0,55,39,0.71,0.07,0.02,0.0,0.0,0.0,0.0,0.0,normal
0,tcp,http,SF,325,312,0,0,0,0,0,1,0,0,0,0,0,0,0,0,0,0,2,2,0.0,0.0,0.0,0.0,1.0,0.0,0.0,255,255,1.0,0.0,0.0,0.0,0.0,0.0,0.0,0.0,normal
0,tcp,uucp,RSTO,0,0,0,0,0,0,0,0,0,0,0,0,0,0,0,0,0,0,108,6,0.0,0.0,1.0,1.0,0.06,0.07,0.0,255,6,0.02,0.07,0.0,0.0,0.0,0.0,1.0,1.0,neptune
0,tcp,exec,S0,0,0,0,0,0,0,0,0,0,0,0,0,0,0,0,0,0,0,94,2,1.0,1.0,0.0,0.0,0.02,0.07,0.0,255,15,0.06,0.07,0.0,0.0,1.0,1.0,0.0,0.0,neptune
0,tcp,http,SF,204,4286,0,0,0,0,0,1,0,0,0,0,0,0,0,0,0,0,1,5,0.0,0.0,0.0,0.0,1.0,0.0,0.6,26,255,1.0,0.0,0.04,0.05,0.0,0.0,0.0,0.0,normal
0,tcp,private,REJ,0,0,0,0,0,0,0,0,0,0,0,0,0,0,0,0,0,0,1,1,0.0,0.0,1.0,1.0,1.0,0.0,0.0,46,2,0.02,1.0,0.02,1.0,0.0,0.0,0.96,1.0,ipsweep
0,udp,domain_u,SF,45,134,0,0,0,0,0,0,0,0,0,0,0,0,0,0,0,0,143,145,0.0,0.0,0.0,0.0,1.0,0.0,0.02,255,194,0.76,0.01,0.0,0.0,0.0,0.0,0.0,0.0,normal
0,udp,domain_u,SF,44,76,0,0,0,0,0,0,0,0,0,0,0,0,0,0,0,0,49,49,0.0,0.0,0.0,0.0,1.0,0.0,0.0,118,99,0.84,0.02,0.01,0.0,0.0,0.0,0.0,0.0,normal
0,tcp,klogin,REJ,0,0,0,0,0,0,0,0,0,0,0,0,0,0,0,0,0,0,131,2,0.0,0.0,1.0,1.0,0.02,0.07,0.0,255,2,0.01,0.07,0.0,0.0,0.0,0.0,1.0,1.0,neptune
4,tcp,telnet,SF,105,2259,0,0,0,0,0,1,0,0,0,0,0,0,0,0,0,0,1,1,0.0,0.0,0.0,0.0,1.0,0.0,0.0,111,3,0.02,0.05,0.01,0.67,0.0,0.0,0.0,0.0,normal
0,tcp,netbios_ssn,S0,0,0,0,0,0,0,0,0,0,0,0,0,0,0,0,0,0,0,294,12,1.0,1.0,0.0,0.0,0.04,0.05,0.0,255,4,0.02,0.09,0.0,0.0,1.0,1.0,0.0,0.0,neptune
0,udp,domain_u,SF,44,126,0,0,0,0,0,0,0,0,0,0,0,0,0,0,0,0,72,152,0.0,0.0,0.0,0.0,1.0,0.0,0.01,255,235,0.92,0.01,0.0,0.0,0.0,0.0,0.0,0.0,normal
0,udp,other,SF,1,0,0,0,0,0,0,0,0,0,0,0,0,0,0,0,0,0,7,2,0.0,0.0,0.0,0.0,0.29,0.43,0.0,255,2,0.01,0.17,1.0,0.0,0.0,0.0,0.0,0.0,satan
6,tcp,finger,SF,9,0,0,0,0,0,0,0,0,0,0,0,0,0,0,0,0,0,1,1,0.0,0.0,0.0,0.0,1.0,0.0,0.0,105,4,0.03,0.04,0.01,0.5,0.01,0.0,0.0,0.0,normal
27,tcp,ftp,SF,290,903,0,0,0,5,0,1,0,0,0,0,0,0,0,0,0,1,2,1,0.0,0.0,0.0,0.0,0.5,1.0,0.0,19,1,0.05,0.26,0.05,0.0,0.0,0.0,0.0,0.0,normal
0,tcp,ftp_data,SF,383,0,0,0,0,0,0,1,0,0,0,0,0,0,0,0,0,0,2,2,0.0,0.0,0.0,0.0,1.0,0.0,0.0,255,115,0.45,0.03,0.45,0.0,0.0,0.0,0.0,0.0,normal
0,tcp,http,REJ,0,0,0,0,0,0,0,0,0,0,0,0,0,0,0,0,0,0,1,1,0.0,0.0,1.0,1.0,1.0,0.0,0.0,118,118,1.0,0.0,0.01,0.0,0.0,0.0,1.0,1.0,normal
0,udp,other,SF,145,0,0,0,0,0,0,0,0,0,0,0,0,0,0,0,0,0,1,1,0.0,0.0,0.0,0.0,1.0,0.0,0.0,255,3,0.01,0.62,0.96,0.0,0.0,0.0,0.0,0.0,normal
0,tcp,http,SF,358,5943,0,0,0,0,0,1,0,0,0,0,0,0,0,0,0,0,6,6,0.0,0.0,0.0,0.0,1.0,0.0,0.0,255,255,1.0,0.0,0.0,0.0,0.0,0.0,0.0,0.0,normal
0,tcp,http,SF,203,1704,0,0,0,0,0,1,0,0,0,0,0,0,0,0,0,0,13,13,0.0,0.0,0.0,0.0,1.0,0.0,0.0,73,255,1.0,0.0,0.01,0.04,0.0,0.0,0.0,0.0,normal
0,tcp,ssh,S0,0,0,0,0,0,0,0,0,0,0,0,0,0,0,0,0,0,0,95,2,1.0,1.0,0.0,0.0,0.02,0.05,0.0,255,2,0.01,0.06,0.0,0.0,1.0,1.0,0.0,0.0,neptune
4,tcp,smtp,SF,14157,1437,0,0,0,0,0,1,0,0,0,0,0,0,0,0,0,0,1,2,0.0,0.0,0.0,0.0,1.0,0.0,1.0,190,133,0.51,0.02,0.01,0.02,0.0,0.0,0.0,0.0,normal
0,tcp,time,S0,0,0,0,0,0,0,0,0,0,0,0,0,0,0,0,0,0,0,233,14,1.0,1.0,0.0,0.0,0.06,0.07,0.0,255,14,0.05,0.07,0.0,0.0,1.0,1.0,0.0,0.0,neptune
0,tcp,private,REJ,0,0,0,0,0,0,0,0,0,0,0,0,0,0,0,0,0,0,1,1,0.0,0.0,1.0,1.0,1.0,0.0,0.0,48,2,0.02,1.0,0.02,1.0,0.0,0.0,0.92,1.0,ipsweep
0,tcp,http,SF,269,520,0,0,0,0,0,1,0,0,0,0,0,0,0,0,0,0,1,1,0.0,0.0,0.0,0.0,1.0,0.0,0.0,16,255,1.0,0.0,0.06,0.05,0.0,0.0,0.0,0.0,normal
0,tcp,ftp_data,SF,71,0,0,0,0,0,0,1,0,0,0,0,0,0,0,0,0,0,1,1,0.0,0.0,0.0,0.0,1.0,0.0,0.0,255,60,0.24,0.02,0.04,0.0,0.74,0.83,0.0,0.0,normal
0,tcp,private,S0,0,0,0,0,0,0,0,0,0,0,0,0,0,0,0,0,0,0,291,13,1.0,1.0,0.0,0.0,0.04,0.05,0.0,255,13,0.05,0.06,0.0,0.0,1.0,1.0,0.0,0.0,neptune
0,tcp,auth,REJ,0,0,0,0,0,0,0,0,0,0,0,0,0,0,0,0,0,0,1,1,0.0,0.0,1.0,1.0,1.0,0.0,0.0,182,11,0.06,0.03,0.01,0.0,0.02,0.0,0.09,1.0,normal
0,tcp,sql_net,REJ,0,0,0,0,0,0,0,0,0,0,0,0,0,0,0,0,0,0,297,20,0.0,0.0,1.0,1.0,0.07,0.06,0.0,255,20,0.08,0.08,0.0,0.0,0.0,0.0,1.0,1.0,neptune
0,tcp,http,SF,234,1486,0,0,0,0,0,1,0,0,0,0,0,0,0,0,0,0,6,6,0.0,0.0,0.0,0.0,1.0,0.0,0.0,24,255,1.0,0.0,0.04,0.02,0.0,0.0,0.0,0.0,normal
0,tcp,private,S0,0,0,0,0,0,0,0,0,0,0,0,0,0,0,0,0,0,0,296,17,1.0,1.0,0.0,0.0,0.06,0.05,0.0,255,3,0.01,0.07,0.0,0.0,1.0,1.0,0.0,0.0,neptune
0,tcp,http,REJ,0,0,0,0,0,0,0,0,0,0,0,0,0,0,0,0,0,0,1,2,0.0,0.0,1.0,1.0,1.0,0.0,1.0,35,118,1.0,0.0,0.03,0.22,0.0,0.0,1.0,1.0,normal
0,tcp,smtp,SF,835,389,0,0,0,0,0,1,0,0,0,0,0,0,0,0,0,0,1,2,0.0,0.0,0.0,0.0,1.0,0.0,1.0,243,129,0.48,0.01,0.0,0.02,0.82,0.78,0.0,0.0,normal
0,tcp,private,REJ,0,0,0,0,0,0,0,0,0,0,0,0,0,0,0,0,0,0,132,13,0.0,0.0,1.0,1.0,0.1,0.06,0.0,255,13,0.05,0.06,0.0,0.0,0.0,0.0,1.0,1.0,neptune
0,tcp,ftp_data,REJ,0,0,0,0,0,0,0,0,0,0,0,0,0,0,0,0,0,0,296,18,0.0,0.0,1.0,1.0,0.06,0.06,0.0,255,18,0.07,0.07,0.0,0.0,0.0,0.0,1.0,1.0,neptune
0,tcp,ftp_data,SF,26408,0,0,0,0,0,0,1,0,0,0,0,0,0,0,0,0,0,6,6,0.0,0.0,0.0,0.0,1.0,0.0,0.0,144,122,0.61,0.03,0.61,0.02,0.01,0.0,0.0,0.0,normal
0,tcp,private,REJ,0,0,0,0,0,0,0,0,0,0,0,0,0,0,0,0,0,0,160,1,0.01,0.0,0.96,1.0,0.01,1.0,0.0,255,1,0.0,0.65,0.0,0.0,0.0,0.0,0.61,1.0,satan
0,tcp,private,S0,0,0,0,0,0,0,0,0,0,0,0,0,0,0,0,0,0,0,190,24,1.0,1.0,0.0,0.0,0.13,0.05,0.0,255,24,0.09,0.05,0.0,0.0,1.0,1.0,0.0,0.0,neptune
0,tcp,hostnames,S0,0,0,0,0,0,0,0,0,0,0,0,0,0,0,0,0,0,0,113,1,1.0,1.0,0.0,0.0,0.01,0.07,0.0,255,1,0.0,0.08,0.0,0.0,1.0,1.0,0.0,0.0,neptune
0,tcp,private,REJ,0,0,0,0,0,0,0,0,0,0,0,0,0,0,0,0,0,0,321,1,0.03,0.0,0.95,1.0,0.0,1.0,0.0,255,1,0.0,1.0,0.0,0.0,0.04,0.0,0.96,1.0,satan
0,tcp,http,SF,292,1691,0,0,0,0,0,1,0,0,0,0,0,0,0,0,0,0,4,14,0.0,0.0,0.0,0.0,1.0,0.0,0.21,123,255,1.0,0.0,0.01,0.02,0.0,0.0,0.0,0.0,normal
0,tcp,http,SF,309,3222,0,0,0,0,0,1,0,0,0,0,0,0,0,0,0,0,4,4,0.0,0.0,0.0,0.0,1.0,0.0,0.0,255,234,0.92,0.02,0.0,0.0,0.0,0.0,0.0,0.0,normal
0,tcp,auth,S0,0,0,0,0,0,0,0,0,0,0,0,0,0,0,0,0,0,0,212,6,1.0,1.0,0.0,0.0,0.03,0.06,0.0,255,6,0.02,0.06,0.0,0.0,1.0,1.0,0.0,0.0,neptune
0,tcp,ftp_data,SF,1699,0,0,0,0,0,0,1,0,0,0,0,0,0,0,0,0,0,4,4,0.0,0.0,0.0,0.0,1.0,0.0,0.0,54,40,0.3,0.04,0.3,0.05,0.0,0.0,0.0,0.0,normal
0,udp,other,SF,5,0,0,0,0,0,0,0,0,0,0,0,0,0,0,0,0,0,478,1,0.0,0.0,0.0,0.0,0.0,0.0,0.0,255,1,0.0,0.02,0.0,0.0,0.0,0.0,0.0,0.0,satan
0,tcp,http,SF,302,560,0,0,0,0,0,1,0,0,0,0,0,0,0,0,0,0,19,19,0.0,0.0,0.0,0.0,1.0,0.0,0.0,19,255,1.0,0.0,0.05,0.01,0.0,0.0,0.0,0.0,normal
18396,tcp,IRC,RSTR,3088,11688,0,0,0,0,0,0,0,0,0,0,0,0,0,0,0,0,2,1,0.0,0.0,0.5,1.0,0.5,1.0,0.0,29,7,0.24,0.07,0.03,0.0,0.0,0.0,0.24,1.0,normal
0,tcp,vmnet,REJ,0,0,0,0,0,0,0,0,0,0,0,0,0,0,0,0,0,0,144,18,0.0,0.0,1.0,1.0,0.12,0.06,0.0,255,8,0.03,0.07,0.0,0.0,0.0,0.0,1.0,1.0,neptune
0,tcp,private,REJ,0,0,0,0,0,0,0,0,0,0,0,0,0,0,0,0,0,0,88,8,0.0,0.0,1.0,1.0,0.09,0.08,0.0,255,8,0.03,0.07,0.0,0.0,0.0,0.0,1.0,1.0,neptune
0,tcp,http,SF,308,392,0,0,0,0,0,1,0,0,0,0,0,0,0,0,0,0,17,17,0.0,0.0,0.0,0.0,1.0,0.0,0.0,255,255,1.0,0.0,0.0,0.0,0.0,0.0,0.0,0.0,normal
0,tcp,http,SF,214,849,0,0,0,0,0,1,0,0,0,0,0,0,0,0,0,0,36,36,0.0,0.0,0.0,0.0,1.0,0.0,0.0,154,255,1.0,0.0,0.01,0.02,0.0,0.0,0.0,0.0,normal
0,tcp,ftp_data,SF,3775,0,0,0,0,0,0,0,0,0,0,0,0,0,0,0,0,0,19,19,0.0,0.0,0.0,0.0,1.0,0.0,0.0,198,75,0.38,0.03,0.38,0.0,0.0,0.0,0.0,0.0,normal
0,icmp,eco_i,SF,8,0,0,0,0,0,0,0,0,0,0,0,0,0,0,0,0,0,1,1,0.0,0.0,0.0,0.0,1.0,0.0,0.0,2,98,1.0,0.0,1.0,0.5,0.0,0.0,0.0,0.0,ipsweep
0,tcp,other,REJ,0,0,0,0,0,0,0,0,0,0,0,0,0,0,0,0,0,0,509,1,0.09,0.0,0.91,1.0,0.0,1.0,0.0,255,1,0.0,1.0,0.0,0.0,0.08,0.0,0.92,1.0,satan
0,tcp,http,SF,304,2785,0,0,0,0,0,1,0,0,0,0,0,0,0,0,0,0,10,28,0.0,0.0,0.0,0.0,1.0,0.0,0.07,255,255,1.0,0.0,0.0,0.0,0.0,0.0,0.0,0.0,normal
0,tcp,private,S0,0,0,0,0,0,0,0,0,0,0,0,0,0,0,0,0,0,0,132,12,1.0,1.0,0.0,0.0,0.09,0.07,0.0,255,32,0.13,0.05,0.0,0.0,1.0,1.0,0.0,0.0,neptune
0,udp,domain_u,SF,42,42,0,0,0,0,0,0,0,0,0,0,0,0,0,0,0,0,197,197,0.0,0.0,0.0,0.0,1.0,0.0,0.0,255,255,1.0,0.0,0.0,0.0,0.0,0.0,0.0,0.0,normal
6647,udp,other,SF,146,105,0,0,0,0,0,0,0,0,0,0,0,0,0,0,0,0,1,1,0.0,0.0,0.0,0.0,1.0,0.0,0.0,255,2,0.01,0.64,0.95,0.0,0.0,0.0,0.0,0.0,normal
0,tcp,http,SF,339,7914,0,0,0,0,0,1,0,0,0,0,0,0,0,0,0,0,4,4,0.0,0.0,0.0,0.0,1.0,0.0,0.0,255,255,1.0,0.0,0.01,0.0,0.0,0.0,0.0,0.0,normal
0,tcp,http,SF,235,13382,0,0,0,0,0,1,0,0,0,0,0,0,0,0,0,0,6,6,0.0,0.0,0.0,0.0,1.0,0.0,0.0,103,255,1.0,0.0,0.01,0.01,0.0,0.0,0.0,0.0,normal
0,tcp,smtp,SF,1355,326,0,0,0,0,0,1,0,0,0,0,0,0,0,0,0,0,1,1,0.0,0.0,0.0,0.0,1.0,0.0,0.0,91,183,0.79,0.04,0.01,0.02,0.0,0.0,0.0,0.0,normal
0,tcp,http,SF,208,1006,0,0,0,0,0,1,0,0,0,0,0,0,0,0,0,0,6,10,0.0,0.0,0.0,0.0,1.0,0.0,0.2,255,255,1.0,0.0,0.0,0.0,0.0,0.0,0.0,0.0,normal
0,tcp,smtp,SF,2323,332,0,0,0,0,0,1,0,0,0,0,0,0,0,0,0,0,1,3,0.0,0.0,0.0,0.0,1.0,0.0,1.0,142,112,0.54,0.04,0.01,0.02,0.0,0.0,0.0,0.0,normal
0,tcp,daytime,S0,0,0,0,0,0,0,0,0,0,0,0,0,0,0,0,0,0,0,276,8,1.0,1.0,0.0,0.0,0.03,0.06,0.0,255,8,0.03,0.07,0.0,0.0,1.0,1.0,0.0,0.0,neptune
0,udp,other,SF,1,0,0,0,0,0,0,0,0,0,0,0,0,0,0,0,0,0,14,1,0.0,0.0,0.0,0.0,0.07,0.64,0.0,255,1,0.0,0.22,1.0,0.0,0.0,0.0,0.0,0.0,satan
1,tcp,smtp,SF,551,333,0,0,0,0,0,1,0,0,0,0,0,0,0,0,0,0,1,2,0.0,0.0,0.0,0.0,1.0,0.0,1.0,130,92,0.71,0.08,0.01,0.0,0.01,0.0,0.0,0.0,normal
2,tcp,smtp,SF,1841,329,0,0,0,0,0,1,0,0,0,0,0,0,0,0,0,0,1,1,0.0,0.0,0.0,0.0,1.0,0.0,0.0,8,128,1.0,0.0,0.12,0.02,0.0,0.0,0.0,0.0,normal
0,udp,domain_u,SF,44,127,0,0,0,0,0,0,0,0,0,0,0,0,0,0,0,0,111,191,0.0,0.0,0.0,0.0,1.0,0.0,0.01,255,254,1.0,0.01,0.0,0.0,0.0,0.0,0.0,0.0,normal
0,tcp,private,S0,0,0,0,0,0,0,0,0,0,0,0,0,0,0,0,0,0,0,121,15,1.0,1.0,0.0,0.0,0.12,0.06,0.0,255,15,0.06,0.07,0.0,0.0,1.0,1.0,0.0,0.0,neptune
0,tcp,http,SF,252,5691,0,0,0,0,0,1,0,0,0,0,0,0,0,0,0,0,7,7,0.0,0.0,0.0,0.0,1.0,0.0,0.0,18,255,1.0,0.0,0.06,0.02,0.0,0.0,0.0,0.0,normal
0,tcp,imap4,S0,0,0,0,0,0,0,0,0,0,0,0,0,0,0,0,0,0,0,240,7,1.0,1.0,0.0,0.0,0.03,0.06,0.0,255,7,0.03,0.07,0.0,0.0,1.0,1.0,0.0,0.0,neptune
0,tcp,http,SF,319,3588,0,0,0,0,0,1,0,0,0,0,0,0,0,0,0,0,8,10,0.0,0.0,0.0,0.0,1.0,0.0,0.2,18,255,1.0,0.0,0.06,0.05,0.0,0.0,0.0,0.0,normal
0,tcp,efs,S0,0,0,0,0,0,0,0,0,0,0,0,0,0,0,0,0,0,0,139,14,1.0,1.0,0.0,0.0,0.1,0.06,0.0,255,14,0.05,0.06,0.0,0.0,1.0,1.0,0.0,0.0,neptune
0,udp,domain_u,SF,46,123,0,0,0,0,0,0,0,0,0,0,0,0,0,0,0,0,247,248,0.0,0.0,0.0,0.0,1.0,0.0,0.01,255,204,0.8,0.01,0.0,0.0,0.0,0.0,0.0,0.0,normal
0,tcp,http,SF,203,904,0,0,0,0,0,1,0,0,0,0,0,0,0,0,0,0,17,18,0.0,0.0,0.0,0.0,1.0,0.0,0.11,255,255,1.0,0.0,0.0,0.0,0.0,0.0,0.0,0.0,normal
0,udp,domain_u,SF,43,43,0,0,0,0,0,0,0,0,0,0,0,0,0,0,0,0,141,141,0.0,0.0,0.0,0.0,1.0,0.0,0.0,255,249,0.98,0.01,0.0,0.0,0.0,0.0,0.0,0.0,normal
0,tcp,private,REJ,0,0,0,0,0,0,0,0,0,0,0,0,0,0,0,0,0,0,338,1,0.03,0.0,0.96,1.0,0.0,1.0,0.0,255,1,0.0,1.0,0.0,0.0,0.03,0.0,0.97,1.0,satan
0,tcp,ftp_data,SF,1010,0,0,0,0,0,0,1,0,0,0,0,0,0,0,0,0,0,2,2,0.0,0.0,0.0,0.0,1.0,0.0,0.0,11,7,0.27,0.27,0.27,0.29,0.0,0.0,0.0,0.0,normal
0,tcp,http,SF,239,6160,0,0,0,2,0,1,0,0,0,0,0,0,0,0,0,0,1,1,0.0,0.0,0.0,0.0,1.0,0.0,0.0,12,255,1.0,0.0,0.08,0.01,0.0,0.0,0.0,0.0,normal
14101,udp,other,SF,147,105,0,0,0,0,0,0,0,0,0,0,0,0,0,0,0,0,4,2,0.0,0.0,0.0,0.0,0.5,0.5,0.0,255,4,0.02,0.58,0.97,0.0,0.0,0.0,0.0,0.0,normal
0,udp,domain_u,SF,46,46,0,0,0,0,0,0,0,0,0,0,0,0,0,0,0,0,110,190,0.0,0.0,0.0,0.0,1.0,0.0,0.01,255,254,1.0,0.01,0.01,0.0,0.0,0.0,0.0,0.0,normal
0,tcp,http,SF,288,2307,0,0,0,0,0,1,0,0,0,0,0,0,0,0,0,0,9,28,0.0,0.0,0.0,0.0,1.0,0.0,0.11,112,255,1.0,0.0,0.01,0.03,0.01,0.01,0.0,0.0,normal
0,tcp,ftp_data,SF,12,0,0,0,0,0,0,0,0,0,0,0,0,0,0,0,0,0,2,2,0.0,0.0,0.0,0.0,1.0,0.0,0.0,67,44,0.42,0.04,0.42,0.05,0.0,0.0,0.0,0.0,normal
0,icmp,eco_i,SF,8,0,0,0,0,0,0,0,0,0,0,0,0,0,0,0,0,0,1,28,0.0,0.0,0.0,0.0,1.0,0.0,1.0,1,113,1.0,0.0,1.0,0.5,0.0,0.0,0.0,0.0,ipsweep
0,tcp,smtp,SF,1694,325,0,0,0,0,0,1,0,0,0,0,0,0,0,0,0,0,1,26,0.0,0.96,0.0,0.0,1.0,0.0,0.08,63,187,0.73,0.05,0.02,0.01,0.0,0.0,0.0,0.0,normal
0,tcp,http,SF,256,2625,0,0,0,0,0,1,0,0,0,0,0,0,0,0,0,0,12,22,0.0,0.0,0.0,0.0,1.0,0.0,0.09,97,255,1.0,0.0,0.01,0.01,0.0,0.0,0.0,0.0,normal
0,tcp,http,SF,217,537,0,0,0,0,0,1,0,0,0,0,0,0,0,0,0,0,19,19,0.0,0.0,0.0,0.0,1.0,0.0,0.0,44,255,1.0,0.0,0.02,0.05,0.02,0.01,0.0,0.0,normal
0,tcp,domain,REJ,0,0,0,0,0,0,0,0,0,0,0,0,0,0,0,0,0,0,213,1,0.0,0.0,1.0,1.0,0.0,0.07,0.0,255,1,0.0,0.08,0.0,0.0,0.0,0.0,1.0,1.0,neptune
0,tcp,http,SF,315,308,0,0,0,0,0,1,0,0,0,0,0,0,0,0,0,0,22,23,0.0,0.0,0.0,0.0,1.0,0.0,0.09,255,255,1.0,0.0,0.0,0.0,0.0,0.0,0.0,0.0,normal
0,tcp,http,SF,151,193,0,0,0,0,0,1,0,0,0,0,0,0,0,0,0,0,1,1,0.0,0.0,0.0,0.0,1.0,0.0,0.0,12,255,1.0,0.0,0.08,0.04,0.0,0.0,0.0,0.0,normal
0,icmp,ecr_i,SF,1032,0,0,0,0,0,0,0,0,0,0,0,0,0,0,0,0,0,511,511,0.0,0.0,0.0,0.0,1.0,0.0,0.0,255,172,0.67,0.16,0.67,0.0,0.0,0.0,0.0,0.0,smurf
0,icmp,eco_i,SF,8,0,0,0,0,0,0,0,0,0,0,0,0,0,0,0,0,0,1,19,0.0,0.0,0.0,0.0,1.0,0.0,1.0,1,86,1.0,0.0,1.0,0.51,0.0,0.0,0.0,0.0,ipsweep
0,tcp,discard,S0,0,0,0,0,0,0,0,0,0,0,0,0,0,0,0,0,0,0,240,6,1.0,1.0,0.0,0.0,0.03,0.05,0.0,255,6,0.02,0.06,0.0,0.0,1.0,1.0,0.0,0.0,neptune
0,tcp,private,S0,0,0,0,0,0,0,0,0,0,0,0,0,0,0,0,0,0,0,121,20,1.0,1.0,0.0,0.0,0.17,0.06,0.0,255,2,0.01,0.07,0.0,0.0,1.0,1.0,0.0,0.0,neptune
0,tcp,http,SF,148,18275,0,0,0,0,0,1,0,0,0,0,0,0,0,0,0,0,4,4,0.0,0.0,0.0,0.0,1.0,0.0,0.0,255,255,1.0,0.0,0.0,0.0,0.0,0.0,0.0,0.0,normal
0,tcp,private,REJ,0,0,0,0,0,0,0,0,0,0,0,0,0,0,0,0,0,0,277,16,0.0,0.0,1.0,1.0,0.06,0.06,0.0,255,16,0.06,0.09,0.0,0.0,0.0,0.0,1.0,1.0,neptune
3,tcp,http,SF,152,11753,0,0,0,0,0,1,0,0,0,0,0,0,0,0,0,0,1,1,0.0,0.0,0.0,0.0,1.0,0.0,0.0,74,255,1.0,0.0,0.01,0.03,0.0,0.0,0.0,0.0,normal
0,tcp,private,S0,0,0,0,0,0,0,0,0,0,0,0,0,0,0,0,0,0,0,283,15,1.0,1.0,0.0,0.0,0.05,0.06,0.0,255,10,0.04,0.06,0.0,0.0,1.0,1.0,0.0,0.0,neptune
0,tcp,http,SF,308,3567,0,0,0,0,0,1,0,0,0,0,0,0,0,0,0,0,11,28,0.0,0.0,0.0,0.0,1.0,0.0,0.07,255,255,1.0,0.0,0.0,0.0,0.0,0.0,0.0,0.0,normal
0,tcp,http,SF,246,12922,0,0,0,0,0,1,0,0,0,0,0,0,0,0,0,0,8,8,0.0,0.0,0.0,0.0,1.0,0.0,0.0,255,255,1.0,0.0,0.0,0.0,0.0,0.0,0.0,0.0,normal
0,tcp,smtp,SF,1501,453,0,0,0,0,0,1,0,0,0,0,0,0,0,0,0,0,1,4,0.0,0.0,0.0,0.0,1.0,0.0,1.0,201,109,0.54,0.03,0.0,0.0,0.0,0.0,0.01,0.0,normal
0,tcp,http,SF,285,1868,0,0,0,0,0,1,0,0,0,0,0,0,0,0,0,0,33,37,0.0,0.0,0.0,0.0,1.0,0.0,0.08,255,255,1.0,0.0,0.0,0.0,0.0,0.0,0.0,0.0,normal
9645,udp,other,SF,145,105,0,0,0,0,0,0,0,0,0,0,0,0,0,0,0,0,3,2,0.0,0.0,0.0,0.0,0.67,0.67,0.0,255,2,0.01,0.53,0.8,0.0,0.0,0.0,0.0,0.0,normal
30,tcp,ftp,SF,1060,3081,0,0,0,22,0,1,0,0,0,0,0,0,0,0,0,1,1,1,0.0,0.0,0.0,0.0,1.0,0.0,0.0,239,64,0.27,0.02,0.0,0.0,0.0,0.0,0.0,0.0,normal
0,tcp,smtp,SF,1510,310,0,0,0,0,0,1,0,0,0,0,0,0,0,0,0,0,1,1,0.0,0.0,0.0,0.0,1.0,0.0,0.0,85,77,0.18,0.84,0.01,0.03,0.0,0.0,0.76,0.0,normal
0,udp,private,SF,28,0,0,3,0,0,0,0,0,0,0,0,0,0,0,0,0,0,78,78,0.0,0.0,0.0,0.0,1.0,0.0,0.0,255,78,0.31,0.64,0.31,0.0,0.01,0.0,0.52,0.0,teardrop
0,udp,private,SF,105,145,0,0,0,0,0,0,0,0,0,0,0,0,0,0,0,0,1,1,0.0,0.0,0.0,0.0,1.0,0.0,0.0,199,193,0.97,0.02,0.01,0.0,0.0,0.0,0.0,0.0,normal
0,tcp,http,SF,246,11889,0,0,0,0,0,1,0,0,0,0,0,0,0,0,0,0,5,5,0.0,0.0,0.0,0.0,1.0,0.0,0.0,149,149,1.0,0.0,0.01,0.0,0.0,0.0,0.0,0.0,normal
0,tcp,telnet,S0,0,0,0,0,0,0,0,0,0,0,0,0,0,0,0,0,0,0,60,11,1.0,1.0,0.0,0.0,0.18,0.07,0.0,255,66,0.26,0.02,0.02,0.0,1.0,1.0,0.0,0.0,neptune
7999,udp,other,SF,147,105,0,0,0,0,0,0,0,0,0,0,0,0,0,0,0,0,1,1,0.0,0.0,0.0,0.0,1.0,0.0,0.0,255,2,0.01,0.74,1.0,0.0,0.0,0.0,0.0,0.0,normal
0,tcp,http,SF,285,403,0,0,0,0,0,1,0,0,0,0,0,0,0,0,0,0,7,7,0.0,0.0,0.0,0.0,1.0,0.0,0.0,105,255,1.0,0.0,0.01,0.04,0.0,0.0,0.0,0.0,normal
0,udp,domain_u,SF,46,494,0,0,0,0,0,0,0,0,0,0,0,0,0,0,0,0,81,161,0.0,0.0,0.0,0.0,0.99,0.02,0.01,215,166,0.77,0.02,0.0,0.0,0.0,0.0,0.0,0.0,normal
0,tcp,netbios_dgm,S0,0,0,0,0,0,0,0,0,0,0,0,0,0,0,0,0,0,0,269,6,1.0,1.0,0.0,0.0,0.02,0.06,0.0,255,6,0.02,0.08,0.0,0.0,1.0,1.0,0.0,0.0,neptune
0,tcp,nnsp,S0,0,0,0,0,0,0,0,0,0,0,0,0,0,0,0,0,0,0,101,17,1.0,1.0,0.0,0.0,0.17,0.06,0.0,255,17,0.07,0.07,0.0,0.0,1.0,1.0,0.0,0.0,neptune
0,tcp,nnsp,RSTR,0,0,0,0,0,0,0,0,0,0,0,0,0,0,0,0,0,0,1,1,0.0,0.0,1.0,1.0,1.0,0.0,0.0,255,1,0.0,1.0,1.0,0.0,0.0,0.0,1.0,1.0,portsweep
0,tcp,ftp,S0,0,0,0,0,0,0,0,0,0,0,0,0,0,0,0,0,0,0,230,2,1.0,1.0,0.0,0.0,0.01,0.06,0.0,255,2,0.01,0.06,0.0,0.0,1.0,1.0,0.0,0.0,neptune
0,tcp,courier,S0,0,0,0,0,0,0,0,0,0,0,0,0,0,0,0,0,0,0,125,23,1.0,1.0,0.0,0.0,0.18,0.06,0.0,255,23,0.09,0.05,0.0,0.0,1.0,1.0,0.0,0.0,neptune
0,icmp,ecr_i,SF,1480,0,0,1,0,0,0,0,0,0,0,0,0,0,0,0,0,0,1,3,0.0,0.0,0.0,0.0,1.0,0.0,0.67,1,3,1.0,0.0,1.0,0.67,0.0,0.0,0.0,0.0,pod
0,tcp,http,SF,209,3556,0,0,0,0,0,1,0,0,0,0,0,0,0,0,0,0,2,2,0.0,0.0,0.0,0.0,1.0,0.0,0.0,26,255,1.0,0.0,0.04,0.04,0.0,0.0,0.0,0.0,normal
0,tcp,http,SF,200,4028,0,0,0,0,0,1,0,0,0,0,0,0,0,0,0,0,7,36,0.0,0.0,0.0,0.0,1.0,0.0,0.14,7,255,1.0,0.0,0.14,0.03,0.0,0.0,0.0,0.0,normal
0,tcp,ftp_data,SF,59,0,0,0,0,0,0,1,0,0,0,0,0,0,0,0,0,0,11,11,0.0,0.0,0.0,0.0,1.0,0.0,0.0,140,119,0.71,0.02,0.71,0.02,0.0,0.0,0.0,0.0,normal
0,tcp,http,REJ,0,0,0,0,0,0,0,0,0,0,0,0,0,0,0,0,0,0,1,1,0.0,0.0,1.0,1.0,1.0,0.0,0.0,145,231,1.0,0.0,0.01,0.11,0.0,0.0,0.47,0.67,normal
0,tcp,ldap,S0,0,0,0,0,0,0,0,0,0,0,0,0,0,0,0,0,0,0,89,2,1.0,1.0,0.0,0.0,0.02,0.07,0.0,255,4,0.02,0.07,0.0,0.0,1.0,1.0,0.0,0.0,neptune
5,udp,private,SF,105,145,0,0,0,0,0,0,0,0,0,0,0,0,0,0,0,0,2,2,0.0,0.0,0.0,0.0,1.0,0.0,0.0,255,244,0.96,0.01,0.01,0.0,0.0,0.0,0.0,0.0,normal
0,tcp,private,S0,0,0,0,0,0,0,0,0,0,0,0,0,0,0,0,0,0,0,122,12,1.0,1.0,0.0,0.0,0.1,0.06,0.0,255,7,0.03,0.06,0.0,0.0,1.0,1.0,0.0,0.0,neptune
0,tcp,http,SF,332,636,0,0,0,0,0,1,0,0,0,0,0,0,0,0,0,0,3,4,0.0,0.0,0.0,0.0,1.0,0.0,0.5,49,255,1.0,0.0,0.02,0.01,0.0,0.01,0.0,0.0,normal
0,tcp,csnet_ns,S0,0,0,0,0,0,0,0,0,0,0,0,0,0,0,0,0,0,0,241,16,1.0,1.0,0.0,0.0,0.07,0.05,0.0,255,16,0.06,0.05,0.0,0.0,1.0,1.0,0.0,0.0,neptune
0,tcp,ftp_data,SF,3690,0,0,0,0,0,0,1,0,0,0,0,0,0,0,0,0,0,3,3,0.0,0.0,0.0,0.0,1.0,0.0,0.0,67,95,0.55,0.04,0.55,0.02,0.0,0.0,0.03,0.0,normal
0,tcp,private,S0,0,0,0,0,0,0,0,0,0,0,0,0,0,0,0,0,0,0,261,15,1.0,1.0,0.0,0.0,0.06,0.05,0.0,255,11,0.04,0.08,0.0,0.0,1.0,1.0,0.0,0.0,neptune
0,tcp,private,S0,0,0,0,0,0,0,0,0,0,0,0,0,0,0,0,0,0,0,128,9,1.0,1.0,0.0,0.0,0.07,0.05,0.0,255,13,0.05,0.08,0.0,0.0,1.0,1.0,0.0,0.0,neptune
629,udp,other,SF,145,105,0,0,0,0,0,0,0,0,0,0,0,0,0,0,0,0,1,1,0.0,0.0,0.0,0.0,1.0,0.0,0.0,255,2,0.01,0.62,0.96,0.0,0.0,0.0,0.0,0.0,normal
7,tcp,http,SF,202,4091,0,0,0,0,0,1,0,0,0,0,0,0,0,0,0,0,1,1,0.0,0.0,0.0,0.0,1.0,0.0,0.0,255,254,1.0,0.01,0.0,0.0,0.0,0.0,0.0,0.0,normal
0,tcp,other,REJ,0,0,0,0,0,0,0,0,0,0,0,0,0,0,0,0,0,0,509,1,0.07,0.0,0.92,1.0,0.0,1.0,0.0,255,1,0.0,1.0,0.0,0.0,0.09,0.0,0.89,1.0,satan
0,tcp,http,SF,271,1109,0,0,0,0,0,1,0,0,0,0,0,0,0,0,0,0,11,11,0.0,0.0,0.0,0.0,1.0,0.0,0.0,232,255,1.0,0.0,0.0,0.02,0.0,0.0,0.0,0.0,normal
0,tcp,ftp_data,S0,0,0,0,0,0,0,0,0,0,0,0,0,0,0,0,0,0,0,283,25,1.0,1.0,0.0,0.0,0.09,0.05,0.0,255,25,0.1,0.05,0.0,0.0,1.0,1.0,0.0,0.0,neptune
0,tcp,http,SF,234,11700,0,0,0,0,0,1,0,0,0,0,0,0,0,0,0,0,3,6,0.0,0.0,0.0,0.0,1.0,0.0,0.33,15,255,1.0,0.0,0.07,0.04,0.0,0.0,0.0,0.0,normal
2,tcp,smtp,SF,30004,371,0,0,0,0,0,1,0,0,0,0,0,0,0,0,0,0,1,7,0.0,0.0,0.0,0.0,1.0,0.0,1.0,151,107,0.71,0.02,0.01,0.0,0.0,0.0,0.0,0.0,normal
22176,tcp,private,RSTR,1,0,0,0,0,0,0,0,0,0,0,0,0,0,0,0,0,0,2,2,0.0,0.0,1.0,1.0,1.0,0.0,0.0,255,2,0.01,0.73,1.0,0.0,0.0,0.0,1.0,1.0,portsweep
0,tcp,http,SF,298,888,0,0,0,0,0,1,0,0,0,0,0,0,0,0,0,0,7,7,0.0,0.0,0.0,0.0,1.0,0.0,0.0,255,255,1.0,0.0,0.0,0.0,0.0,0.0,0.0,0.0,normal
0,tcp,http,REJ,0,0,0,0,0,0,0,0,0,0,0,0,0,0,0,0,0,0,1,1,0.0,0.0,1.0,1.0,1.0,0.0,0.0,9,255,1.0,0.0,0.11,0.05,0.0,0.0,0.11,0.03,normal
0,tcp,http,SF,233,2571,0,0,0,0,0,1,0,0,0,0,0,0,0,0,0,0,6,6,0.0,0.0,0.0,0.0,1.0,0.0,0.0,125,255,1.0,0.0,0.01,0.03,0.0,0.0,0.0,0.0,normal
0,tcp,iso_tsap,S0,0,0,0,0,0,0,0,0,0,0,0,0,0,0,0,0,0,0,242,7,1.0,1.0,0.0,0.0,0.03,0.06,0.0,255,7,0.03,0.06,0.0,0.0,1.0,1.0,0.0,0.0,neptune
0,udp,domain_u,SF,43,70,0,0,0,0,0,0,0,0,0,0,0,0,0,0,0,0,112,112,0.0,0.0,0.0,0.0,1.0,0.0,0.0,255,173,0.68,0.01,0.0,0.0,0.0,0.0,0.0,0.0,normal
0,icmp,ecr_i,SF,520,0,0,0,0,0,0,0,0,0,0,0,0,0,0,0,0,0,480,480,0.0,0.0,0.0,0.0,1.0,0.0,0.0,137,137,1.0,0.0,1.0,0.0,0.0,0.0,0.0,0.0,smurf
0,tcp,http,SF,234,575,0,0,0,0,0,1,0,0,0,0,0,0,0,0,0,0,20,20,0.0,0.0,0.0,0.0,1.0,0.0,0.0,255,255,1.0,0.0,0.0,0.0,0.0,0.0,0.0,0.0,normal
0,udp,private,SF,1,0,0,0,0,0,0,0,0,0,0,0,0,0,0,0,0,0,13,1,0.0,0.0,0.0,0.0,0.08,0.46,0.0,255,1,0.0,0.75,0.3,0.0,0.03,0.0,0.67,0.0,satan
0,tcp,http,SF,200,3692,0,0,0,0,0,1,0,0,0,0,0,0,0,0,0,0,13,13,0.0,0.0,0.0,0.0,1.0,0.0,0.0,255,255,1.0,0.0,0.0,0.0,0.0,0.0,0.0,0.0,normal
0,tcp,private,REJ,0,0,0,0,0,0,0,0,0,0,0,0,0,0,0,0,0,0,118,9,0.0,0.0,1.0,1.0,0.08,0.08,0.0,43,9,0.21,0.14,0.02,0.0,0.0,0.0,1.0,1.0,neptune
0,tcp,ftp_data,S0,0,0,0,0,0,0,0,0,0,0,0,0,0,0,0,0,0,0,229,20,1.0,1.0,0.0,0.0,0.09,0.06,0.0,255,20,0.08,0.06,0.0,0.0,1.0,1.0,0.0,0.0,neptune
0,tcp,telnet,RSTO,0,0,0,0,0,0,0,0,0,0,0,0,0,0,0,0,0,0,144,16,0.0,0.0,1.0,1.0,0.11,0.06,0.0,255,10,0.04,0.06,0.0,0.0,0.0,0.0,1.0,1.0,neptune
0,tcp,private,S0,0,0,0,0,0,0,0,0,0,0,0,0,0,0,0,0,0,0,20,4,1.0,1.0,0.0,0.0,0.2,0.25,0.0,255,20,0.08,0.08,0.0,0.0,1.0,1.0,0.0,0.0,neptune
0,tcp,http,SF,309,4833,0,0,0,0,0,1,0,0,0,0,0,0,0,0,0,0,6,6,0.0,0.0,0.0,0.0,1.0,0.0,0.0,8,255,1.0,0.0,0.12,0.05,0.0,0.0,0.0,0.05,normal
5,tcp,http,S2,310,3746371,0,0,0,0,0,1,0,0,0,0,0,0,0,0,0,0,1,1,1.0,1.0,0.0,0.0,1.0,0.0,0.0,58,255,1.0,0.0,0.02,0.03,0.03,0.01,0.0,0.0,normal
0,udp,domain_u,SF,42,42,0,0,0,0,0,0,0,0,0,0,0,0,0,0,0,0,136,204,0.0,0.0,0.0,0.0,1.0,0.0,0.01,255,207,0.81,0.01,0.01,0.0,0.0,0.0,0.0,0.0,normal
0,tcp,smtp,SF,664,330,0,0,0,0,0,1,0,0,0,0,0,0,0,0,0,0,1,1,0.0,0.0,0.0,0.0,1.0,0.0,0.0,17,144,0.76,0.12,0.06,0.02,0.0,0.0,0.0,0.0,normal
0,udp,domain_u,SF,42,98,0,0,0,0,0,0,0,0,0,0,0,0,0,0,0,0,211,211,0.0,0.0,0.0,0.0,1.0,0.0,0.0,255,255,1.0,0.0,0.01,0.0,0.0,0.0,0.0,0.0,normal
0,tcp,http,SF,228,3835,0,0,0,0,0,1,0,0,0,0,0,0,0,0,0,0,12,12,0.0,0.0,0.0,0.0,1.0,0.0,0.0,159,255,1.0,0.0,0.01,0.03,0.0,0.0,0.0,0.0,normal
0,tcp,ftp_data,SF,245,0,0,0,0,0,0,1,0,0,0,1,0,0,0,0,0,0,2,2,0.0,0.0,0.0,0.0,1.0,0.0,0.0,2,54,1.0,0.0,1.0,0.04,0.0,0.0,0.0,0.0,normal
42636,tcp,private,RSTR,1,0,0,0,0,0,0,0,0,0,0,0,0,0,0,0,0,0,2,2,0.0,0.0,1.0,1.0,1.0,0.0,0.0,144,2,0.01,0.1,0.17,0.0,0.0,0.0,0.17,1.0,portsweep
0,tcp,sql_net,S0,0,0,0,0,0,0,0,0,0,0,0,0,0,0,0,0,0,0,189,1,1.0,1.0,0.0,0.0,0.01,0.06,0.0,255,1,0.0,0.06,0.0,0.0,1.0,1.0,0.0,0.0,neptune
0,tcp,http,SF,165,23063,0,0,0,0,0,1,0,0,0,0,0,0,0,0,0,0,1,3,0.0,0.0,0.0,0.0,1.0,0.0,1.0,1,255,1.0,0.0,1.0,0.02,0.0,0.01,0.0,0.01,normal
29,tcp,ftp,SF,1512,4152,0,0,0,30,0,1,0,0,0,0,0,0,0,0,0,1,1,1,0.0,0.0,0.0,0.0,1.0,0.0,0.0,41,8,0.2,0.15,0.02,0.0,0.0,0.0,0.0,0.0,normal
0,udp,private,SF,28,0,0,3,0,0,0,0,0,0,0,0,0,0,0,0,0,0,101,99,0.01,0.0,0.01,0.0,0.98,0.03,0.0,255,99,0.39,0.02,0.39,0.0,0.0,0.0,0.46,0.0,teardrop
0,udp,domain_u,SF,44,44,0,0,0,0,0,0,0,0,0,0,0,0,0,0,0,0,161,161,0.0,0.0,0.0,0.0,1.0,0.0,0.0,255,255,1.0,0.0,0.0,0.0,0.0,0.0,0.0,0.0,normal
0,tcp,private,REJ,0,0,0,0,0,0,0,0,0,0,0,0,0,0,0,0,0,0,125,9,0.0,0.0,1.0,1.0,0.07,0.07,0.0,255,9,0.04,0.07,0.0,0.0,0.0,0.0,1.0,1.0,neptune
0,tcp,http,SF,204,1769,0,0,0,0,0,1,0,0,0,0,0,0,0,0,0,0,38,38,0.0,0.0,0.0,0.0,1.0,0.0,0.0,255,255,1.0,0.0,0.0,0.0,0.0,0.0,0.31,0.31,normal
0,tcp,http,SF,193,1337,0,0,0,0,0,1,0,0,0,0,0,0,0,0,0,0,36,36,0.0,0.0,0.0,0.0,1.0,0.0,0.0,255,255,1.0,0.0,0.0,0.0,0.0,0.0,0.0,0.0,normal
0,tcp,http,SF,216,1302,0,0,0,0,0,1,0,0,0,0,0,0,0,0,0,0,12,12,0.0,0.0,0.0,0.0,1.0,0.0,0.0,42,255,1.0,0.0,0.02,0.05,0.0,0.0,0.0,0.0,normal
0,tcp,http,SF,252,6673,0,0,0,0,0,1,0,0,0,0,0,0,0,0,0,0,6,9,0.0,0.0,0.0,0.0,1.0,0.0,0.33,255,255,1.0,0.0,0.0,0.0,0.0,0.0,0.0,0.0,normal
1,tcp,smtp,SF,743,371,0,0,0,0,0,1,0,0,0,0,0,0,0,0,0,0,1,4,0.0,0.0,0.0,0.0,1.0,0.0,1.0,6,207,1.0,0.0,0.17,0.01,0.0,0.0,0.0,0.0,normal
0,tcp,http,SF,307,3100,0,0,0,0,0,1,0,0,0,0,0,0,0,0,0,0,4,4,0.0,0.0,0.0,0.0,1.0,0.0,0.0,11,11,1.0,0.0,0.09,0.0,0.0,0.0,0.0,0.0,normal
0,tcp,private,REJ,0,0,0,0,0,0,0,0,0,0,0,0,0,0,0,0,0,0,94,4,0.0,0.0,1.0,1.0,0.04,0.09,0.0,255,4,0.02,0.07,0.0,0.0,0.0,0.0,1.0,1.0,neptune
0,tcp,private,S0,0,0,0,0,0,0,0,0,0,0,0,0,0,0,0,0,0,0,288,19,1.0,1.0,0.0,0.0,0.07,0.06,0.0,255,19,0.07,0.05,0.0,0.0,1.0,1.0,0.0,0.0,neptune
0,tcp,http,SF,240,25683,0,0,0,0,0,1,0,0,0,0,0,0,0,0,0,0,3,3,0.0,0.0,0.0,0.0,1.0,0.0,0.0,203,255,1.0,0.0,0.0,0.02,0.0,0.0,0.0,0.0,normal
30699,tcp,private,RSTR,1,0,0,0,0,0,0,0,0,0,0,0,0,0,0,0,0,0,2,2,0.0,0.0,1.0,1.0,1.0,0.0,0.0,255,2,0.01,0.73,1.0,0.0,0.0,0.0,1.0,1.0,portsweep
0,tcp,http,SF,293,382,0,0,0,0,0,1,0,0,0,0,0,0,0,0,0,0,14,14,0.0,0.0,0.0,0.0,1.0,0.0,0.0,255,255,1.0,0.0,0.0,0.0,0.0,0.0,0.0,0.0,normal
0,tcp,private,REJ,0,0,0,0,0,0,0,0,0,0,0,0,0,0,0,0,0,0,292,12,0.0,0.0,1.0,1.0,0.04,0.05,0.0,255,12,0.05,0.07,0.0,0.0,0.0,0.0,1.0,1.0,neptune
0,tcp,nntp,S0,0,0,0,0,0,0,0,0,0,0,0,0,0,0,0,0,0,0,147,11,1.0,1.0,0.0,0.0,0.07,0.07,0.0,255,11,0.04,0.07,0.0,0.0,1.0,1.0,0.0,0.0,neptune
239,udp,other,SF,146,105,0,0,0,0,0,0,0,0,0,0,0,0,0,0,0,0,1,1,0.0,0.0,0.0,0.0,1.0,0.0,0.0,255,1,0.0,0.68,0.97,0.0,0.0,0.0,0.0,0.0,normal
0,tcp,http,SF,210,1095,0,0,0,0,0,1,0,0,0,0,0,0,0,0,0,0,13,13,0.0,0.0,0.0,0.0,1.0,0.0,0.0,13,255,1.0,0.0,0.08,0.05,0.0,0.0,0.0,0.0,normal
0,icmp,ecr_i,SF,1032,0,0,0,0,0,0,0,0,0,0,0,0,0,0,0,0,0,510,510,0.0,0.0,0.0,0.0,1.0,0.0,0.0,255,159,0.62,0.01,0.62,0.0,0.0,0.0,0.0,0.0,smurf
0,tcp,netbios_dgm,RSTR,0,0,0,0,0,0,0,0,0,0,0,0,0,0,0,0,0,0,2,1,0.0,0.0,0.5,1.0,0.5,1.0,0.0,255,1,0.0,1.0,1.0,0.0,0.0,0.0,1.0,1.0,portsweep
0,tcp,http,SF,156,7542,0,0,0,4,0,1,4,0,0,0,0,0,0,0,0,0,4,4,0.0,0.0,0.0,0.0,1.0,0.0,0.0,4,255,1.0,0.0,0.25,0.05,0.0,0.0,0.0,0.0,normal
0,tcp,http,SF,302,2725,0,0,0,0,0,1,0,0,0,0,0,0,0,0,0,0,3,3,0.0,0.0,0.0,0.0,1.0,0.0,0.0,3,255,1.0,0.0,0.33,0.05,0.0,0.0,0.0,0.0,normal
0,tcp,http,SF,245,11415,0,0,0,0,0,1,0,0,0,0,0,0,0,0,0,0,26,26,0.0,0.0,0.0,0.0,1.0,0.0,0.0,233,255,1.0,0.0,0.0,0.02,0.0,0.0,0.0,0.0,normal
1832,udp,other,SF,146,105,0,0,0,0,0,0,0,0,0,0,0,0,0,0,0,0,1,1,0.0,0.0,0.0,0.0,1.0,0.0,0.0,255,2,0.01,0.72,0.97,0.0,0.0,0.0,0.0,0.0,normal
0,tcp,http,SF,206,2229,0,0,0,0,0,1,0,0,0,0,0,0,0,0,0,0,5,5,0.0,0.0,0.0,0.0,1.0,0.0,0.0,5,255,1.0,0.0,0.2,0.06,0.0,0.0,0.0,0.0,normal
0,udp,domain_u,SF,46,75,0,0,0,0,0,0,0,0,0,0,0,0,0,0,0,0,252,252,0.0,0.0,0.0,0.0,1.0,0.01,0.01,255,254,1.0,0.01,0.0,0.0,0.0,0.0,0.0,0.0,normal
0,tcp,private,S0,0,0,0,0,0,0,0,0,0,0,0,0,0,0,0,0,0,0,103,3,1.0,1.0,0.0,0.0,0.03,0.06,0.0,255,26,0.1,0.06,0.0,0.0,1.0,1.0,0.0,0.0,neptune
0,tcp,daytime,S0,0,0,0,0,0,0,0,0,0,0,0,0,0,0,0,0,0,0,102,13,1.0,1.0,0.0,0.0,0.13,0.06,0.0,255,2,0.01,0.07,0.0,0.0,1.0,1.0,0.0,0.0,neptune
0,tcp,ftp_data,SF,192,0,0,0,0,0,0,0,0,0,0,0,0,0,0,0,0,0,2,2,0.0,0.0,0.0,0.0,1.0,0.0,0.0,8,4,0.5,0.38,0.5,0.0,0.0,0.0,0.0,0.0,normal
0,tcp,http,SF,408,12001,0,0,0,0,0,1,0,0,0,0,0,0,0,0,0,0,2,30,0.0,0.0,0.0,0.0,1.0,0.0,0.1,8,255,1.0,0.0,0.12,0.06,0.0,0.0,0.0,0.0,normal
0,tcp,ftp_data,SF,7012,0,0,0,0,0,0,1,0,0,0,0,0,0,0,0,0,0,16,16,0.0,0.0,0.0,0.0,1.0,0.0,0.0,91,81,0.6,0.05,0.6,0.02,0.0,0.0,0.0,0.0,normal
0,udp,domain_u,SF,17,17,0,0,0,0,0,0,0,0,0,0,0,0,0,0,0,0,1,1,0.0,0.0,0.0,0.0,1.0,0.0,0.0,255,250,0.98,0.01,0.0,0.0,0.0,0.0,0.0,0.0,normal
0,tcp,http,SF,242,3302,0,0,0,0,0,1,0,0,0,0,0,0,0,0,0,0,4,4,0.0,0.0,0.0,0.0,1.0,0.0,0.0,122,255,1.0,0.0,0.01,0.01,0.0,0.0,0.0,0.0,normal
0,tcp,private,S0,0,0,0,0,0,0,0,0,0,0,0,0,0,0,0,0,0,0,125,15,1.0,1.0,0.0,0.0,0.12,0.07,0.0,255,15,0.06,0.07,0.0,0.0,1.0,1.0,0.0,0.0,neptune
0,tcp,http,SF,258,8729,0,0,0,0,0,1,0,0,0,0,0,0,0,0,0,0,4,4,0.0,0.0,0.0,0.0,1.0,0.0,0.0,255,255,1.0,0.0,0.0,0.0,0.0,0.0,0.0,0.0,normal
0,tcp,courier,S0,0,0,0,0,0,0,0,0,0,0,0,0,0,0,0,0,0,0,100,7,1.0,1.0,0.0,0.0,0.07,0.05,0.0,255,7,0.03,0.05,0.0,0.0,1.0,1.0,0.0,0.0,neptune
0,udp,domain_u,SF,45,115,0,0,0,0,0,0,0,0,0,0,0,0,0,0,0,0,122,121,0.0,0.0,0.0,0.0,0.99,0.02,0.0,255,254,1.0,0.01,0.0,0.0,0.0,0.0,0.0,0.0,normal
0,tcp,http,SF,269,9317,0,0,0,0,0,1,0,0,0,0,0,0,0,0,0,0,6,6,0.0,0.0,0.0,0.0,1.0,0.0,0.0,25,255,1.0,0.0,0.04,0.05,0.0,0.0,0.0,0.0,normal
0,udp,private,SF,105,147,0,0,0,0,0,0,0,0,0,0,0,0,0,0,0,0,3,2,0.0,0.0,0.0,0.0,0.67,0.67,0.0,255,249,0.98,0.01,0.02,0.0,0.0,0.0,0.0,0.0,normal
0,tcp,vmnet,S0,0,0,0,0,0,0,0,0,0,0,0,0,0,0,0,0,0,0,257,12,1.0,1.0,0.0,0.0,0.05,0.06,0.0,255,12,0.05,0.07,0.0,0.0,1.0,1.0,0.0,0.0,neptune
0,tcp,bgp,S0,0,0,0,0,0,0,0,0,0,0,0,0,0,0,0,0,0,0,238,8,1.0,1.0,0.0,0.0,0.03,0.06,0.0,255,8,0.03,0.06,0.0,0.0,1.0,1.0,0.0,0.0,neptune
0,tcp,private,S0,0,0,0,0,0,0,0,0,0,0,0,0,0,0,0,0,0,0,91,19,1.0,1.0,0.0,0.0,0.21,0.05,0.0,255,18,0.07,0.06,0.0,0.0,1.0,1.0,0.0,0.0,neptune
0,udp,domain_u,SF,43,128,0,0,0,0,0,0,0,0,0,0,0,0,0,0,0,0,195,275,0.0,0.0,0.0,0.0,1.0,0.0,0.01,255,253,0.99,0.01,0.0,0.0,0.0,0.0,0.0,0.0,normal
0,tcp,http,SF,307,587,0,0,0,0,0,1,0,0,0,0,0,0,0,0,0,0,10,10,0.0,0.0,0.0,0.0,1.0,0.0,0.0,10,255,1.0,0.0,0.1,0.04,0.0,0.0,0.0,0.0,normal
0,tcp,private,S0,0,0,0,0,0,0,0,0,0,0,0,0,0,0,0,0,0,0,106,14,1.0,1.0,0.0,0.0,0.13,0.05,0.0,255,14,0.05,0.06,0.0,0.0,1.0,1.0,0.0,0.0,neptune
0,tcp,supdup,S0,0,0,0,0,0,0,0,0,0,0,0,0,0,0,0,0,0,0,93,8,1.0,1.0,0.0,0.0,0.09,0.08,0.0,255,8,0.03,0.08,0.0,0.0,1.0,1.0,0.0,0.0,neptune
0,tcp,http,SF,226,2507,0,0,0,0,0,1,0,0,0,0,0,0,0,0,0,0,4,5,0.0,0.0,0.0,0.2,1.0,0.0,0.4,255,234,0.92,0.01,0.0,0.0,0.01,0.01,0.0,0.0,normal
0,tcp,http,SF,157,11868,0,0,0,0,0,1,0,0,0,0,0,0,0,0,0,0,9,23,0.0,0.0,0.0,0.0,1.0,0.0,0.13,255,255,1.0,0.0,0.0,0.0,0.0,0.0,0.0,0.0,normal
0,tcp,http,SF,294,790,0,0,0,0,0,1,0,0,0,0,0,0,0,0,0,0,2,2,0.0,0.0,0.0,0.0,1.0,0.0,0.0,2,255,1.0,0.0,0.5,0.04,0.0,0.0,0.0,0.0,normal
0,tcp,private,S0,0,0,0,0,0,0,0,0,0,0,0,0,0,0,0,0,0,0,170,3,1.0,1.0,0.0,0.0,0.02,0.08,0.0,255,4,0.02,0.06,0.0,0.0,1.0,1.0,0.0,0.0,neptune
0,tcp,vmnet,REJ,0,0,0,0,0,0,0,0,0,0,0,0,0,0,0,0,0,0,269,6,0.0,0.0,1.0,1.0,0.02,0.06,0.0,255,6,0.02,0.07,0.0,0.0,0.0,0.0,1.0,1.0,neptune
37572,tcp,private,RSTR,1,0,0,0,0,0,0,0,0,0,0,0,0,0,0,0,0,0,2,2,0.0,0.0,1.0,1.0,1.0,0.0,0.0,255,2,0.01,0.5,1.0,0.0,0.0,0.0,1.0,1.0,portsweep
0,tcp,http,SF,341,5468,0,0,0,0,0,1,0,0,0,0,0,0,0,0,0,0,13,26,0.0,0.04,0.0,0.0,1.0,0.0,0.12,23,255,1.0,0.0,0.04,0.01,0.0,0.0,0.0,0.07,normal
0,tcp,http,SF,218,762,0,0,0,0,0,1,0,0,0,0,0,0,0,0,0,0,14,14,0.0,0.0,0.0,0.0,1.0,0.0,0.0,145,255,1.0,0.0,0.01,0.01,0.0,0.0,0.0,0.0,normal
0,tcp,http,SF,296,589,0,0,0,0,0,1,0,0,0,0,0,0,0,0,0,0,6,6,0.0,0.0,0.0,0.0,1.0,0.0,0.0,255,255,1.0,0.0,0.0,0.0,0.0,0.0,0.0,0.0,normal
0,tcp,private,RSTR,0,0,0,0,0,0,0,0,0,0,0,0,0,0,0,0,0,0,1,1,0.0,0.0,1.0,1.0,1.0,0.0,0.0,249,1,0.0,0.61,0.61,0.0,0.0,0.0,0.6,1.0,portsweep
0,tcp,http,SF,410,236,0,0,0,0,0,1,0,0,0,0,0,0,0,0,0,0,8,8,0.0,0.0,0.0,0.0,1.0,0.0,0.0,255,255,1.0,0.0,0.0,0.0,0.0,0.0,0.0,0.0,normal
0,tcp,http,SF,373,753,0,0,0,0,0,1,0,0,0,0,0,0,0,0,0,0,10,10,0.0,0.0,0.0,0.0,1.0,0.0,0.0,198,255,1.0,0.0,0.01,0.01,0.0,0.0,0.06,0.05,normal
0,tcp,finger,S0,0,0,0,0,0,0,0,0,0,0,0,0,0,0,0,0,0,0,15,4,1.0,1.0,0.0,0.0,0.27,0.27,0.0,255,64,0.25,0.02,0.01,0.0,1.0,1.0,0.0,0.0,neptune
0,tcp,http_443,S0,0,0,0,0,0,0,0,0,0,0,0,0,0,0,0,0,0,0,90,2,0.99,1.0,0.0,0.0,0.02,0.09,0.0,255,2,0.01,0.06,0.0,0.0,1.0,1.0,0.0,0.0,neptune
0,tcp,uucp,S0,0,0,0,0,0,0,0,0,0,0,0,0,0,0,0,0,0,0,131,21,1.0,1.0,0.0,0.0,0.16,0.05,0.0,255,21,0.08,0.05,0.0,0.0,1.0,1.0,0.0,0.0,neptune
2560,udp,other,SF,147,105,0,0,0,0,0,0,0,0,0,0,0,0,0,0,0,0,1,1,0.0,0.0,0.0,0.0,1.0,0.0,0.0,255,2,0.01,0.65,0.96,0.0,0.0,0.0,0.0,0.0,normal
0,tcp,klogin,S0,0,0,0,0,0,0,0,0,0,0,0,0,0,0,0,0,0,0,140,7,1.0,1.0,0.0,0.0,0.05,0.06,0.0,255,11,0.04,0.06,0.0,0.0,1.0,1.0,0.0,0.0,neptune
0,tcp,telnet,RSTO,0,0,0,0,0,0,0,0,0,0,0,0,0,0,0,0,0,0,246,18,0.0,0.0,1.0,1.0,0.07,0.07,0.0,255,18,0.07,0.08,0.0,0.0,0.0,0.0,1.0,1.0,neptune
0,tcp,http,SF,326,2659,0,0,0,0,0,1,0,0,0,0,0,0,0,0,0,0,18,19,0.0,0.0,0.0,0.0,1.0,0.0,0.11,255,255,1.0,0.0,0.0,0.0,0.0,0.0,0.0,0.0,normal
0,udp,domain_u,SF,17,70,0,0,0,0,0,0,0,0,0,0,0,0,0,0,0,0,1,2,0.0,0.0,0.0,0.0,1.0,0.0,1.0,147,209,0.9,0.01,0.9,0.01,0.0,0.0,0.07,0.0,normal
0,tcp,private,REJ,0,0,0,0,0,0,0,0,0,0,0,0,0,0,0,0,0,0,129,9,0.0,0.0,1.0,1.0,0.07,0.08,0.0,255,9,0.04,0.09,0.0,0.0,0.0,0.0,1.0,1.0,neptune
0,udp,domain_u,SF,45,74,0,0,0,0,0,0,0,0,0,0,0,0,0,0,0,0,236,236,0.0,0.0,0.0,0.0,1.0,0.0,0.0,255,254,1.0,0.01,0.0,0.0,0.0,0.0,0.0,0.0,normal
0,udp,private,SF,1,0,0,0,0,0,0,0,0,0,0,0,0,0,0,0,0,0,73,18,0.0,0.0,0.0,0.0,0.25,0.05,0.0,255,38,0.15,0.23,1.0,0.0,0.0,0.0,0.0,0.0,satan
0,tcp,other,REJ,0,0,0,0,0,0,0,0,0,0,0,0,0,0,0,0,0,0,510,1,0.1,0.0,0.9,1.0,0.0,1.0,0.0,255,1,0.0,1.0,0.0,0.0,0.06,0.0,0.94,1.0,satan
0,tcp,http,SF,368,451,0,0,0,0,0,1,0,0,0,0,0,0,0,0,0,0,9,9,0.0,0.0,0.0,0.0,1.0,0.0,0.0,255,255,1.0,0.0,0.0,0.0,0.0,0.0,0.0,0.0,normal
0,tcp,http,SF,216,10622,0,0,0,0,0,1,0,0,0,0,0,0,0,0,0,0,1,1,0.0,0.0,0.0,0.0,1.0,0.0,0.0,25,255,1.0,0.0,0.04,0.05,0.0,0.0,0.0,0.0,normal
0,tcp,private,S0,0,0,0,0,0,0,0,0,0,0,0,0,0,0,0,0,0,0,250,12,1.0,1.0,0.0,0.0,0.05,0.07,0.0,255,12,0.05,0.08,0.0,0.0,1.0,1.0,0.0,0.0,neptune
0,tcp,private,S0,0,0,0,0,0,0,0,0,0,0,0,0,0,0,0,0,0,0,108,15,1.0,1.0,0.0,0.0,0.14,0.06,0.0,255,32,0.13,0.06,0.0,0.0,1.0,1.0,0.0,0.0,neptune
0,tcp,http,SF,343,11202,0,0,0,0,0,1,0,0,0,0,0,0,0,0,0,0,3,18,0.33,0.06,0.0,0.0,1.0,0.0,0.11,255,255,1.0,0.0,0.0,0.0,0.01,0.01,0.0,0.0,normal
0,tcp,http,REJ,0,0,0,0,0,0,0,0,0,0,0,0,0,0,0,0,0,0,1,2,0.0,0.0,1.0,1.0,1.0,0.0,1.0,4,255,1.0,0.0,0.25,0.21,0.0,0.01,0.75,0.97,normal
0,udp,private,SF,105,145,0,0,0,0,0,0,0,0,0,0,0,0,0,0,0,0,7,1,0.0,0.0,0.0,0.0,0.14,0.29,0.0,255,234,0.92,0.01,0.0,0.0,0.0,0.0,0.0,0.0,normal
0,icmp,eco_i,SF,18,0,0,0,0,0,0,0,0,0,0,0,0,0,0,0,0,0,1,1,0.0,0.0,0.0,0.0,1.0,0.0,0.0,4,252,1.0,0.0,1.0,0.25,0.0,0.0,0.0,0.0,ipsweep
0,icmp,ecr_i,SF,1032,0,0,0,0,0,0,0,0,0,0,0,0,0,0,0,0,0,380,380,0.0,0.0,0.0,0.0,1.0,0.0,0.0,121,27,0.22,0.06,0.22,0.0,0.02,0.0,0.52,0.0,smurf
0,tcp,ssh,REJ,0,0,0,0,0,0,0,0,0,0,0,0,0,0,0,0,0,0,129,19,0.0,0.0,1.0,1.0,0.15,0.07,0.0,255,19,0.07,0.06,0.0,0.0,0.0,0.0,1.0,1.0,neptune
0,tcp,http,SF,346,280,0,0,0,0,0,1,0,0,0,0,0,0,0,0,0,0,10,10,0.0,0.0,0.0,0.0,1.0,0.0,0.0,255,255,1.0,0.0,0.0,0.0,0.0,0.0,0.0,0.0,normal
0,tcp,http,SF,308,774,0,0,0,0,0,1,0,0,0,0,0,0,0,0,0,0,12,72,0.0,0.0,0.0,0.0,1.0,0.0,0.04,119,255,1.0,0.0,0.01,0.01,0.0,0.0,0.0,0.0,normal
0,udp,private,SF,28,0,0,3,0,0,0,0,0,0,0,0,0,0,0,0,0,0,171,71,0.58,0.0,0.0,0.0,0.42,0.04,0.0,255,71,0.28,0.73,0.28,0.0,0.09,0.0,0.64,0.0,teardrop
0,icmp,urp_i,SF,183,0,0,0,0,0,0,0,0,0,0,0,0,0,0,0,0,0,3,2,0.0,0.0,0.0,0.0,0.67,0.67,0.0,255,17,0.07,0.01,0.08,0.0,0.0,0.0,0.0,0.0,normal
0,icmp,urp_i,SF,78,0,0,0,0,0,0,0,0,0,0,0,0,0,0,0,0,0,26,3,0.0,0.0,0.0,0.0,0.12,0.08,0.0,255,14,0.05,0.01,0.05,0.0,0.0,0.0,0.0,0.0,normal
0,tcp,http,SF,236,3041,0,0,0,0,0,1,0,0,0,0,0,0,0,0,0,0,13,13,0.0,0.0,0.0,0.0,1.0,0.0,0.0,163,255,1.0,0.0,0.01,0.04,0.01,0.0,0.0,0.0,normal
0,tcp,http,SF,274,809,0,0,0,0,0,1,0,0,0,0,0,0,0,0,0,0,6,6,0.0,0.0,0.0,0.0,1.0,0.0,0.0,255,255,1.0,0.0,0.0,0.0,0.0,0.0,0.0,0.0,normal
0,tcp,smtp,SF,2780,339,0,0,0,0,0,1,0,0,0,0,0,0,0,0,0,0,1,1,0.0,0.0,0.0,0.0,1.0,0.0,0.0,99,147,0.38,0.04,0.01,0.01,0.0,0.0,0.0,0.0,normal
0,tcp,http,SF,235,1258,0,0,0,0,0,1,0,0,0,0,0,0,0,0,0,0,10,10,0.0,0.0,0.0,0.0,1.0,0.0,0.0,31,255,1.0,0.0,0.03,0.01,0.0,0.0,0.0,0.0,normal
0,tcp,netbios_ns,S0,0,0,0,0,0,0,0,0,0,0,0,0,0,0,0,0,0,0,220,17,1.0,1.0,0.0,0.0,0.08,0.06,0.0,255,17,0.07,0.06,0.0,0.0,1.0,1.0,0.0,0.0,neptune
0,tcp,http,SF,356,956,0,0,0,0,0,1,0,0,0,0,0,0,0,0,0,0,7,7,0.0,0.0,0.0,0.0,1.0,0.0,0.0,136,255,1.0,0.0,0.01,0.05,0.01,0.0,0.0,0.0,normal
0,tcp,http,SF,352,762,0,0,0,0,0,1,0,0,0,0,0,0,0,0,0,0,12,52,0.08,0.02,0.0,0.0,1.0,0.0,0.04,141,255,1.0,0.0,0.01,0.05,0.01,0.0,0.0,0.0,normal
0,tcp,http,SF,264,361,0,0,0,0,0,1,0,0,0,0,0,0,0,0,0,0,12,12,0.0,0.0,0.0,0.0,1.0,0.0,0.0,255,255,1.0,0.0,0.0,0.0,0.0,0.0,0.0,0.0,normal
0,tcp,private,S0,0,0,0,0,0,0,0,0,0,0,0,0,0,0,0,0,0,0,135,25,1.0,1.0,0.0,0.0,0.19,0.05,0.0,255,6,0.02,0.05,0.0,0.0,1.0,1.0,0.0,0.0,neptune
0,tcp,iso_tsap,S0,0,0,0,0,0,0,0,0,0,0,0,0,0,0,0,0,0,0,223,18,1.0,1.0,0.0,0.0,0.08,0.05,0.0,255,18,0.07,0.06,0.0,0.0,1.0,1.0,0.0,0.0,neptune
0,tcp,http,SF,308,5191,0,0,0,0,0,1,0,0,0,0,0,0,0,0,0,0,1,1,0.0,0.0,0.0,0.0,1.0,0.0,0.0,13,255,1.0,0.0,0.08,0.04,0.0,0.0,0.0,0.0,normal
0,tcp,http,SF,321,283,0,0,0,0,0,1,0,0,0,0,0,0,0,0,0,0,8,8,0.0,0.0,0.0,0.0,1.0,0.0,0.0,255,255,1.0,0.0,0.0,0.0,0.0,0.0,0.0,0.0,normal
0,tcp,private,S0,0,0,0,0,0,0,0,0,0,0,0,0,0,0,0,0,0,0,282,17,1.0,1.0,0.0,0.0,0.06,0.06,0.0,255,15,0.06,0.08,0.0,0.0,1.0,1.0,0.0,0.0,neptune
8,tcp,smtp,SF,5085,371,0,0,0,0,0,1,0,0,0,0,0,0,0,0,0,0,1,2,0.0,0.0,0.0,0.0,1.0,0.0,1.0,241,179,0.69,0.02,0.0,0.01,0.0,0.0,0.0,0.0,normal
0,tcp,private,S0,0,0,0,0,0,0,0,0,0,0,0,0,0,0,0,0,0,0,299,19,1.0,1.0,0.0,0.0,0.06,0.05,0.0,255,3,0.01,0.07,0.0,0.0,1.0,1.0,0.0,0.0,neptune
0,tcp,smtp,SF,1154,367,0,0,0,0,0,1,0,0,0,0,0,0,0,0,0,0,1,4,0.0,0.0,0.0,0.0,1.0,0.0,1.0,90,201,0.99,0.02,0.01,0.01,0.0,0.0,0.0,0.0,normal
0,tcp,private,S0,0,0,0,0,0,0,0,0,0,0,0,0,0,0,0,0,0,0,134,4,1.0,1.0,0.0,0.0,0.03,0.06,0.0,255,16,0.06,0.06,0.0,0.0,1.0,1.0,0.0,0.0,neptune
0,tcp,link,S0,0,0,0,0,0,0,0,0,0,0,0,0,0,0,0,0,0,0,5,1,1.0,1.0,0.0,0.0,0.2,0.4,0.0,255,3,0.01,0.09,0.0,0.0,1.0,1.0,0.0,0.0,neptune
0,tcp,http,SF,241,35215,0,0,0,0,0,1,0,0,0,0,0,0,0,0,0,0,3,3,0.0,0.0,0.0,0.0,1.0,0.0,0.0,255,255,1.0,0.0,0.0,0.0,0.0,0.0,0.0,0.0,normal
0,tcp,http,REJ,0,0,0,0,0,0,0,0,0,0,0,0,0,0,0,0,0,0,1,1,0.0,0.0,1.0,1.0,1.0,0.0,0.0,12,30,1.0,0.0,0.08,0.07,0.0,0.0,1.0,1.0,normal
0,tcp,finger,SF,10,223,0,0,0,0,0,0,0,0,0,0,0,0,0,0,0,0,1,1,0.0,0.0,0.0,0.0,1.0,0.0,0.0,186,5,0.03,0.03,0.01,0.0,0.0,0.0,0.0,0.0,normal
0,tcp,http,SF,214,3186,0,0,0,0,0,1,0,0,0,0,0,0,0,0,0,0,14,14,0.0,0.0,0.0,0.0,1.0,0.0,0.0,132,255,1.0,0.0,0.01,0.02,0.0,0.0,0.0,0.0,normal
0,tcp,http,SF,336,16132,0,0,0,0,0,1,0,0,0,0,0,0,0,0,0,0,4,4,0.0,0.0,0.0,0.0,1.0,0.0,0.0,255,255,1.0,0.0,0.0,0.0,0.0,0.0,0.0,0.0,normal
0,tcp,discard,S0,0,0,0,0,0,0,0,0,0,0,0,0,0,0,0,0,0,0,283,11,1.0,1.0,0.0,0.0,0.04,0.06,0.0,255,12,0.05,0.07,0.0,0.0,1.0,1.0,0.0,0.0,neptune
0,icmp,urp_i,SF,131,0,0,0,0,0,0,0,0,0,0,0,0,0,0,0,0,0,1,1,0.0,0.0,0.0,0.0,1.0,0.0,0.0,51,8,0.04,0.06,0.04,0.25,0.0,0.0,0.0,0.0,normal
0,tcp,private,S0,0,0,0,0,0,0,0,0,0,0,0,0,0,0,0,0,0,0,106,17,1.0,1.0,0.0,0.0,0.16,0.07,0.0,255,9,0.04,0.07,0.0,0.0,1.0,1.0,0.0,0.0,neptune
0,tcp,http,SF,311,1628,0,0,0,0,0,1,0,0,0,0,0,0,0,0,0,0,2,2,0.0,0.0,0.0,0.0,1.0,0.0,0.0,2,255,1.0,0.0,0.5,0.04,0.0,0.0,0.0,0.0,normal
0,tcp,iso_tsap,S0,0,0,0,0,0,0,0,0,0,0,0,0,0,0,0,0,0,0,231,13,1.0,1.0,0.0,0.0,0.06,0.07,0.0,255,13,0.05,0.07,0.0,0.0,1.0,1.0,0.0,0.0,neptune
0,tcp,http,SF,232,8766,0,0,0,0,0,1,0,0,0,0,0,0,0,0,0,0,10,37,0.0,0.0,0.0,0.0,1.0,0.0,0.05,43,255,1.0,0.0,0.02,0.04,0.0,0.0,0.0,0.0,normal
0,tcp,private,S0,0,0,0,0,0,0,0,0,0,0,0,0,0,0,0,0,0,0,170,14,1.0,1.0,0.0,0.0,0.08,0.06,0.0,255,1,0.0,0.07,0.0,0.0,1.0,1.0,0.0,0.0,neptune
0,tcp,http,SF,324,3461,0,0,0,0,0,1,0,0,0,0,0,0,0,0,0,0,3,19,0.0,0.0,0.0,0.0,1.0,0.0,0.16,101,255,1.0,0.0,0.01,0.04,0.0,0.0,0.0,0.0,normal
0,tcp,http,SF,244,2688,0,0,0,0,0,1,0,0,0,0,0,0,0,0,0,0,13,13,0.0,0.0,0.0,0.0,1.0,0.0,0.0,255,255,1.0,0.0,0.0,0.0,0.0,0.0,0.0,0.0,normal
0,tcp,http,SF,291,1084,0,0,0,0,0,1,0,0,0,0,0,0,0,0,0,0,16,16,0.0,0.0,0.0,0.0,1.0,0.0,0.0,255,255,1.0,0.0,0.0,0.0,0.0,0.0,0.0,0.0,normal
0,tcp,private,S0,0,0,0,0,0,0,0,0,0,0,0,0,0,0,0,0,0,0,274,10,1.0,1.0,0.0,0.0,0.04,0.05,0.0,255,2,0.01,0.07,0.0,0.0,1.0,1.0,0.0,0.0,neptune
0,tcp,private,RSTR,0,0,0,0,0,0,0,0,0,0,0,0,0,0,0,0,0,0,1,1,0.0,0.0,1.0,1.0,1.0,0.0,0.0,255,1,0.0,0.53,0.52,0.0,0.0,0.0,0.52,1.0,portsweep
0,tcp,iso_tsap,S0,0,0,0,0,0,0,0,0,0,0,0,0,0,0,0,0,0,0,240,15,1.0,1.0,0.0,0.0,0.06,0.05,0.0,255,8,0.03,0.07,0.0,0.0,1.0,1.0,0.0,0.0,neptune
0,tcp,private,S0,0,0,0,0,0,0,0,0,0,0,0,0,0,0,0,0,0,0,150,7,1.0,1.0,0.0,0.0,0.05,0.06,0.0,255,20,0.08,0.07,0.0,0.0,1.0,1.0,0.0,0.0,neptune
0,tcp,private,S0,0,0,0,0,0,0,0,0,0,0,0,0,0,0,0,0,0,0,186,4,1.0,1.0,0.0,0.0,0.02,0.08,0.0,255,4,0.02,0.09,0.0,0.0,1.0,1.0,0.0,0.0,neptune
0,udp,private,SF,28,0,0,1,0,0,0,0,0,0,0,0,0,0,0,0,0,0,101,1,0.99,0.0,0.0,0.0,0.01,0.07,0.0,255,1,0.0,1.0,0.0,0.0,0.09,0.0,0.91,0.0,teardrop
0,tcp,http,SF,235,7522,0,0,0,0,0,1,0,0,0,0,0,0,0,0,0,0,2,2,0.0,0.0,0.0,0.0,1.0,0.0,0.0,22,255,1.0,0.0,0.05,0.05,0.0,0.0,0.0,0.0,normal
19,tcp,private,RSTR,0,0,0,0,0,0,0,0,0,0,0,0,0,0,0,0,0,0,1,1,0.0,0.0,1.0,1.0,1.0,0.0,0.0,255,1,0.0,1.0,1.0,0.0,0.0,0.0,1.0,1.0,portsweep
0,tcp,http,SF,286,5336,0,0,0,0,0,1,0,0,0,0,0,0,0,0,0,0,1,5,0.0,0.0,0.0,0.0,1.0,0.0,0.6,255,255,1.0,0.0,0.0,0.0,0.01,0.01,0.0,0.0,normal
0,tcp,http,SF,199,19271,0,0,0,0,0,1,0,0,0,0,0,0,0,0,0,0,19,19,0.0,0.0,0.0,0.0,1.0,0.0,0.0,47,255,1.0,0.0,0.02,0.07,0.0,0.0,0.0,0.0,normal
0,tcp,http,SF,259,1100,0,0,0,0,0,1,0,0,0,0,0,0,0,0,0,0,26,26,0.0,0.0,0.0,0.0,1.0,0.0,0.0,26,255,1.0,0.0,0.04,0.02,0.0,0.0,0.0,0.0,normal
0,tcp,private,S0,0,0,0,0,0,0,0,0,0,0,0,0,0,0,0,0,0,0,287,16,1.0,1.0,0.0,0.0,0.06,0.06,0.0,255,15,0.06,0.06,0.0,0.0,1.0,1.0,0.0,0.0,neptune
0,tcp,http,SF,220,369,0,0,0,0,0,1,0,0,0,0,0,0,0,0,0,0,3,8,0.0,0.0,0.0,0.0,1.0,0.0,0.5,255,255,1.0,0.0,0.0,0.0,0.0,0.0,0.0,0.0,normal
0,udp,domain_u,SF,44,44,0,0,0,0,0,0,0,0,0,0,0,0,0,0,0,0,3,5,0.0,0.0,0.0,0.0,1.0,0.0,0.4,255,234,0.92,0.01,0.01,0.0,0.0,0.0,0.0,0.0,normal
0,tcp,http,SF,241,39228,0,0,0,1,0,1,0,0,0,0,0,0,0,0,0,0,1,1,0.0,0.0,0.0,0.0,1.0,0.0,0.0,255,255,1.0,0.0,0.0,0.0,0.01,0.01,0.0,0.0,normal
0,udp,domain_u,SF,44,115,0,0,0,0,0,0,0,0,0,0,0,0,0,0,0,0,3,5,0.0,0.0,0.0,0.0,1.0,0.0,0.4,113,110,0.97,0.02,0.01,0.0,0.0,0.0,0.0,0.0,normal
0,tcp,http,SF,305,528,0,0,0,0,0,1,0,0,0,0,0,0,0,0,0,0,3,4,0.0,0.0,0.0,0.0,1.0,0.0,0.5,104,255,1.0,0.0,0.01,0.07,0.0,0.0,0.0,0.0,normal
0,tcp,private,REJ,0,0,0,0,0,0,0,0,0,0,0,0,0,0,0,0,0,0,51,10,0.0,0.0,1.0,1.0,0.2,0.08,0.0,255,10,0.04,0.07,0.0,0.0,0.0,0.0,1.0,1.0,neptune
0,icmp,ecr_i,SF,30,0,0,0,0,0,0,0,0,0,0,0,0,0,0,0,0,0,2,2,0.0,0.0,0.0,0.0,1.0,0.0,0.0,231,231,1.0,0.0,1.0,0.0,0.0,0.0,0.0,0.0,normal
0,tcp,http,SF,260,1984,0,0,0,0,0,1,0,0,0,0,0,0,0,0,0,0,2,6,0.0,0.0,0.0,0.0,1.0,0.0,0.5,2,255,1.0,0.0,0.5,0.02,0.0,0.0,0.0,0.0,normal
0,tcp,nnsp,S0,0,0,0,0,0,0,0,0,0,0,0,0,0,0,0,0,0,0,143,14,1.0,1.0,0.0,0.0,0.1,0.06,0.0,255,2,0.01,0.08,0.0,0.0,1.0,1.0,0.0,0.0,neptune
0,tcp,private,S0,0,0,0,0,0,0,0,0,0,0,0,0,0,0,0,0,0,0,148,23,1.0,1.0,0.0,0.0,0.16,0.05,0.0,255,19,0.07,0.05,0.0,0.0,1.0,1.0,0.0,0.0,neptune
0,tcp,private,S0,0,0,0,0,0,0,0,0,0,0,0,0,0,0,0,0,0,0,127,15,1.0,1.0,0.0,0.0,0.12,0.06,0.0,255,8,0.03,0.07,0.0,0.0,1.0,1.0,0.0,0.0,neptune
0,tcp,private,S0,0,0,0,0,0,0,0,0,0,0,0,0,0,0,0,0,0,0,206,8,1.0,1.0,0.0,0.0,0.04,0.06,0.0,255,17,0.07,0.07,0.0,0.0,1.0,1.0,0.0,0.0,neptune
0,tcp,smtp,SF,940,331,0,0,0,0,0,1,0,0,0,0,0,0,0,0,0,0,1,2,0.0,0.0,0.0,0.0,1.0,0.0,1.0,41,90,0.44,0.12,0.02,0.02,0.0,0.0,0.0,0.0,normal
0,tcp,private,S0,0,0,0,0,0,0,0,0,0,0,0,0,0,0,0,0,0,0,135,19,1.0,1.0,0.0,0.0,0.14,0.05,0.0,255,19,0.07,0.04,0.0,0.0,1.0,1.0,0.0,0.0,neptune
0,icmp,eco_i,SF,8,0,0,0,0,0,0,0,0,0,0,0,0,0,0,0,0,0,1,43,0.0,0.0,0.0,0.0,1.0,0.0,1.0,2,158,1.0,0.0,1.0,0.5,0.0,0.0,0.0,0.0,ipsweep
0,tcp,private,SH,0,0,0,0,0,0,0,0,0,0,0,0,0,0,0,0,0,0,1,1,1.0,1.0,0.0,0.0,1.0,0.0,0.0,209,1,0.0,0.95,0.96,0.0,0.96,1.0,0.0,0.0,nmap
0,tcp,remote_job,S0,0,0,0,0,0,0,0,0,0,0,0,0,0,0,0,0,0,0,280,19,1.0,1.0,0.0,0.0,0.07,0.06,0.0,255,19,0.07,0.07,0.0,0.0,1.0,1.0,0.0,0.0,neptune
0,udp,domain_u,SF,45,45,0,0,0,0,0,0,0,0,0,0,0,0,0,0,0,0,84,164,0.0,0.0,0.0,0.0,1.0,0.0,0.01,255,254,1.0,0.01,0.01,0.0,0.0,0.0,0.0,0.0,normal
0,tcp,http,S0,0,0,0,0,0,0,0,0,0,0,0,0,0,0,0,0,0,0,257,6,1.0,1.0,0.0,0.0,0.02,0.06,0.0,255,6,0.02,0.06,0.0,0.0,1.0,1.0,0.0,0.0,neptune
0,udp,private,SF,1,0,0,0,0,0,0,0,0,0,0,0,0,0,0,0,0,0,5,2,0.0,0.0,0.0,0.0,0.4,0.6,0.0,149,2,0.01,0.05,0.03,0.0,0.01,0.0,0.0,0.0,satan
0,udp,private,SF,1,0,0,0,0,0,0,0,0,0,0,0,0,0,0,0,0,0,28,28,0.0,0.0,0.0,0.0,1.0,0.0,0.0,96,28,0.29,0.05,0.32,0.0,0.0,0.0,0.0,0.0,satan
0,tcp,ctf,S0,0,0,0,0,0,0,0,0,0,0,0,0,0,0,0,0,0,0,233,6,1.0,1.0,0.0,0.0,0.03,0.06,0.0,255,6,0.02,0.08,0.0,0.0,1.0,1.0,0.0,0.0,neptune
0,tcp,csnet_ns,S0,0,0,0,0,0,0,0,0,0,0,0,0,0,0,0,0,0,0,229,3,1.0,1.0,0.0,0.0,0.01,0.07,0.0,255,3,0.01,0.09,0.0,0.0,1.0,1.0,0.0,0.0,neptune
0,tcp,ftp_data,SF,748,0,0,0,0,0,0,1,0,0,0,9,0,0,0,0,0,0,1,1,0.0,0.0,0.0,0.0,1.0,0.0,0.0,255,5,0.02,0.02,0.02,0.0,0.0,0.0,0.79,0.0,normal
0,udp,domain_u,SF,46,130,0,0,0,0,0,0,0,0,0,0,0,0,0,0,0,0,42,122,0.0,0.0,0.0,0.0,1.0,0.0,0.02,255,254,1.0,0.01,0.0,0.0,0.0,0.0,0.0,0.0,normal
0,tcp,ftp_data,SF,567,0,0,0,0,0,0,0,0,0,0,0,0,0,0,0,0,0,1,1,0.0,0.0,0.0,0.0,1.0,0.0,0.0,130,136,0.62,0.04,0.62,0.01,0.0,0.0,0.0,0.0,normal
0,tcp,http,SF,204,375,0,0,0,0,0,1,0,0,0,0,0,0,0,0,0,0,23,23,0.0,0.0,0.0,0.0,1.0,0.0,0.0,160,255,1.0,0.0,0.01,0.01,0.0,0.0,0.0,0.0,normal
0,tcp,http,REJ,0,0,0,0,0,0,0,0,0,0,0,0,0,0,0,0,0,0,1,1,0.0,0.0,1.0,1.0,1.0,0.0,0.0,82,186,1.0,0.0,0.01,0.03,0.0,0.0,1.0,1.0,normal
0,tcp,http,SF,239,1429,0,0,0,0,0,1,0,0,0,0,0,0,0,0,0,0,32,32,0.0,0.0,0.0,0.0,1.0,0.0,0.0,255,255,1.0,0.0,0.0,0.0,0.0,0.0,0.33,0.33,normal
0,tcp,http,SF,284,2013,0,0,0,0,0,1,0,0,0,0,0,0,0,0,0,0,6,9,0.0,0.0,0.0,0.0,1.0,0.0,0.22,83,255,1.0,0.0,0.01,0.05,0.0,0.0,0.0,0.0,normal
0,tcp,http,SF,281,3731,0,0,0,0,0,1,0,0,0,0,0,0,0,0,0,0,2,2,0.0,0.0,0.0,0.0,1.0,0.0,0.0,2,255,1.0,0.0,0.5,0.04,0.0,0.0,0.0,0.0,normal
9903,tcp,other,RSTR,1,0,0,0,0,0,0,0,0,0,0,0,0,0,0,0,0,0,2,2,0.0,0.0,1.0,1.0,1.0,0.0,0.0,255,2,0.01,0.74,1.0,0.0,0.0,0.0,1.0,1.0,portsweep
0,tcp,ftp_data,SF,0,11269,0,0,0,0,0,0,0,0,0,0,0,0,0,0,0,0,2,9,0.0,0.0,0.0,0.0,0.5,1.0,0.22,201,74,0.37,0.03,0.0,0.0,0.01,0.03,0.0,0.0,normal
0,tcp,smtp,SF,7207,330,0,0,0,0,0,1,0,0,0,0,0,0,0,0,0,0,1,1,0.0,0.0,0.0,0.0,1.0,0.0,0.0,196,173,0.88,0.02,0.01,0.0,0.0,0.0,0.0,0.0,normal
0,tcp,private,S0,0,0,0,0,0,0,0,0,0,0,0,0,0,0,0,0,0,0,35,4,1.0,1.0,0.0,0.0,0.11,0.17,0.0,255,9,0.04,0.08,0.0,0.0,1.0,1.0,0.0,0.0,neptune
0,tcp,other,REJ,0,0,0,0,0,0,0,0,0,0,0,0,0,0,0,0,0,0,511,1,0.08,0.0,0.92,1.0,0.0,1.0,0.0,255,1,0.0,1.0,0.0,0.0,0.07,0.0,0.93,1.0,satan
0,tcp,http,SF,227,626,0,0,0,0,0,1,0,0,0,0,0,0,0,0,0,0,17,18,0.0,0.0,0.0,0.0,1.0,0.0,0.11,255,255,1.0,0.0,0.0,0.0,0.0,0.0,0.0,0.0,normal
0,tcp,finger,S0,0,0,0,0,0,0,0,0,0,0,0,0,0,0,0,0,0,0,25,5,1.0,1.0,0.0,0.0,0.2,0.08,0.0,67,9,0.07,0.06,0.06,0.22,0.97,0.56,0.0,0.0,neptune
0,tcp,http,S0,0,0,0,0,0,0,0,0,0,0,0,0,0,0,0,0,0,0,38,13,1.0,1.0,0.0,0.0,0.34,0.11,0.0,255,43,0.17,0.04,0.0,0.0,1.0,1.0,0.0,0.0,neptune
0,tcp,http,SF,204,12446,0,0,0,0,0,1,0,0,0,0,0,0,0,0,0,0,3,3,0.0,0.0,0.0,0.0,1.0,0.0,0.0,3,255,1.0,0.0,0.33,0.02,0.0,0.0,0.0,0.0,normal
0,tcp,http,SF,214,20414,0,0,0,0,0,1,0,0,0,0,0,0,0,0,0,0,2,2,0.0,0.0,0.0,0.0,1.0,0.0,0.0,2,27,1.0,0.0,0.5,0.15,0.0,0.0,0.0,0.04,normal
0,udp,domain_u,SF,43,43,0,0,0,0,0,0,0,0,0,0,0,0,0,0,0,0,231,231,0.0,0.0,0.0,0.0,1.0,0.0,0.0,255,255,1.0,0.0,0.0,0.0,0.0,0.0,0.0,0.0,normal
0,tcp,http,S0,0,0,0,0,0,0,0,0,0,0,0,0,0,0,0,0,0,0,11,7,1.0,1.0,0.0,0.0,0.64,0.27,0.0,255,56,0.22,0.02,0.01,0.0,1.0,1.0,0.0,0.0,neptune
0,tcp,http,SF,147,4843,0,0,0,0,0,1,0,0,0,0,0,0,0,0,0,0,4,4,0.0,0.0,0.0,0.0,1.0,0.0,0.0,93,255,1.0,0.0,0.01,0.04,0.0,0.0,0.0,0.0,normal
5,tcp,finger,SF,9,141,0,0,0,0,0,0,0,0,0,0,0,0,0,0,0,0,1,1,0.0,0.0,0.0,0.0,1.0,0.0,0.0,1,10,1.0,0.0,1.0,0.3,0.0,0.0,0.0,0.0,normal
0,tcp,smtp,SF,804,329,0,0,0,0,0,1,0,0,0,0,0,0,0,0,0,0,1,1,0.0,0.0,0.0,0.0,1.0,0.0,0.0,65,35,0.54,0.06,0.02,0.0,0.0,0.0,0.0,0.0,normal
1,tcp,smtp,SF,947,334,0,0,0,0,0,1,0,0,0,0,0,0,0,0,0,0,1,2,0.0,0.0,0.0,0.0,1.0,0.0,1.0,255,90,0.35,0.03,0.0,0.0,0.0,0.0,0.0,0.0,normal
0,tcp,private,RSTR,0,0,0,0,0,0,0,0,0,0,0,0,0,0,0,0,0,0,1,1,0.0,0.0,1.0,1.0,1.0,0.0,0.0,179,1,0.01,0.73,0.73,0.0,0.03,0.0,0.63,1.0,portsweep
0,udp,domain_u,SF,43,75,0,0,0,0,0,0,0,0,0,0,0,0,0,0,0,0,228,232,0.0,0.0,0.0,0.0,1.0,0.0,0.01,255,218,0.85,0.01,0.0,0.0,0.0,0.0,0.0,0.0,normal
0,tcp,http,SF,208,930,0,0,0,0,0,1,0,0,0,0,0,0,0,0,0,0,62,65,0.0,0.0,0.0,0.0,1.0,0.0,0.06,255,255,1.0,0.0,0.0,0.0,0.0,0.0,0.0,0.0,normal
0,icmp,ecr_i,SF,520,0,0,0,0,0,0,0,0,0,0,0,0,0,0,0,0,0,71,71,0.0,0.0,0.0,0.0,1.0,0.0,0.0,255,255,1.0,0.0,1.0,0.0,0.0,0.0,0.0,0.0,smurf
0,tcp,http,SF,316,1585,0,0,0,0,0,1,0,0,0,0,0,0,0,0,0,0,11,25,0.0,0.0,0.0,0.0,1.0,0.0,0.08,39,255,1.0,0.0,0.03,0.01,0.0,0.0,0.0,0.0,normal
0,tcp,http,SF,303,784,0,0,0,0,0,1,0,0,0,0,0,0,0,0,0,0,6,10,0.0,0.0,0.0,0.0,1.0,0.0,0.4,6,255,1.0,0.0,0.17,0.02,0.0,0.0,0.0,0.0,normal
0,tcp,http,SF,302,2748,0,0,0,0,0,1,0,0,0,0,0,0,0,0,0,0,21,38,0.0,0.0,0.0,0.0,1.0,0.0,0.05,227,255,1.0,0.0,0.0,0.01,0.0,0.0,0.0,0.0,normal
0,tcp,http,SF,287,20502,0,0,0,0,0,1,0,0,0,0,0,0,0,0,0,0,5,11,0.0,0.0,0.0,0.0,1.0,0.0,0.18,60,255,1.0,0.0,0.02,0.02,0.0,0.0,0.0,0.0,normal
0,tcp,private,S0,0,0,0,0,0,0,0,0,0,0,0,0,0,0,0,0,0,0,130,15,1.0,1.0,0.0,0.0,0.12,0.05,0.0,255,17,0.07,0.06,0.0,0.0,1.0,1.0,0.0,0.0,neptune
0,tcp,whois,S0,0,0,0,0,0,0,0,0,0,0,0,0,0,0,0,0,0,0,195,4,1.0,1.0,0.0,0.0,0.02,0.08,0.0,255,4,0.02,0.07,0.0,0.0,1.0,1.0,0.0,0.0,neptune
0,udp,domain_u,SF,43,113,0,0,0,0,0,0,0,0,0,0,0,0,0,0,0,0,65,65,0.0,0.0,0.0,0.0,1.0,0.0,0.0,255,213,0.84,0.01,0.0,0.0,0.0,0.0,0.0,0.0,normal
0,udp,private,SF,28,0,0,3,0,0,0,0,0,0,0,0,0,0,0,0,0,0,77,77,0.0,0.0,0.0,0.0,1.0,0.0,0.0,255,44,0.17,0.01,0.17,0.0,0.0,0.0,0.0,0.0,teardrop
0,tcp,ftp_data,SF,8766,0,0,0,0,0,0,1,0,0,0,0,0,0,0,0,0,0,6,6,0.0,0.0,0.0,0.0,1.0,0.0,0.0,41,79,0.44,0.1,0.44,0.03,0.0,0.0,0.0,0.0,normal
0,tcp,smtp,SF,1887,391,0,0,0,0,0,1,0,0,0,0,0,0,0,0,0,0,2,1,0.0,0.0,0.0,0.0,0.5,1.0,0.0,255,11,0.04,0.06,0.0,0.0,0.0,0.0,0.95,0.0,normal
0,tcp,netbios_dgm,S0,0,0,0,0,0,0,0,0,0,0,0,0,0,0,0,0,0,0,296,23,1.0,1.0,0.0,0.0,0.08,0.05,0.0,255,23,0.09,0.05,0.0,0.0,1.0,1.0,0.0,0.0,neptune
0,tcp,http,S0,0,0,0,0,0,0,0,0,0,0,0,0,0,0,0,0,0,0,283,12,1.0,1.0,0.0,0.0,0.04,0.06,0.0,255,12,0.05,0.08,0.0,0.0,1.0,1.0,0.0,0.0,neptune
2,tcp,private,RSTR,0,0,0,0,0,0,0,0,0,0,0,0,0,0,0,0,0,0,1,1,0.0,0.0,1.0,1.0,1.0,0.0,0.0,255,1,0.0,0.72,1.0,0.0,0.0,0.0,1.0,1.0,portsweep
0,tcp,http,SF,284,6418,0,0,0,0,0,1,0,0,0,0,0,0,0,0,0,0,7,7,0.0,0.0,0.0,0.0,1.0,0.0,0.0,7,255,1.0,0.0,0.14,0.04,0.0,0.0,0.0,0.0,normal
0,tcp,http,SF,342,285,0,0,0,0,0,1,0,0,0,0,0,0,0,0,0,0,4,4,0.0,0.0,0.0,0.0,1.0,0.0,0.0,137,124,0.91,0.02,0.01,0.0,0.0,0.0,0.0,0.0,normal
0,tcp,http,SF,301,1517,0,0,0,0,0,1,0,0,0,0,0,0,0,0,0,0,3,4,0.0,0.0,0.0,0.0,1.0,0.0,0.5,9,255,1.0,0.0,0.11,0.04,0.0,0.01,0.0,0.0,normal
0,tcp,http,SF,260,584,0,0,0,0,0,1,0,0,0,0,0,0,0,0,0,0,1,1,0.0,0.0,0.0,0.0,1.0,0.0,0.0,210,255,1.0,0.0,0.0,0.01,0.01,0.01,0.0,0.0,normal
0,tcp,ftp_data,SF,567,0,0,0,0,0,0,0,0,0,0,0,0,0,0,0,0,0,1,1,0.0,0.0,0.0,0.0,1.0,0.0,0.0,129,59,0.46,0.05,0.46,0.0,0.0,0.0,0.0,0.0,normal
0,tcp,private,S0,0,0,0,0,0,0,0,0,0,0,0,0,0,0,0,0,0,0,57,20,1.0,1.0,0.0,0.0,0.35,0.09,0.0,255,20,0.08,0.07,0.0,0.0,1.0,1.0,0.0,0.0,neptune
0,tcp,http,SF,216,1308,0,0,0,0,0,1,0,0,0,0,0,0,0,0,0,0,20,30,0.0,0.0,0.0,0.0,1.0,0.0,0.13,130,255,1.0,0.0,0.01,0.02,0.0,0.0,0.0,0.0,normal
2,tcp,ftp_data,SF,2194619,0,0,0,0,0,0,0,0,0,0,0,0,0,0,0,0,0,1,1,0.0,0.0,0.0,0.0,1.0,0.0,0.0,178,69,0.39,0.04,0.39,0.0,0.0,0.0,0.0,0.0,normal
0,tcp,http,SF,192,626,0,0,0,0,0,1,0,0,0,0,0,0,0,0,0,0,17,17,0.0,0.0,0.0,0.0,1.0,0.0,0.0,255,255,1.0,0.0,0.0,0.0,0.0,0.0,0.0,0.0,normal
21,tcp,ftp,SF,243,777,0,0,0,4,0,1,0,0,0,0,0,0,0,0,0,1,1,1,0.0,0.0,0.0,0.0,1.0,0.0,0.0,200,16,0.08,0.03,0.0,0.0,0.0,0.0,0.0,0.0,normal
0,tcp,http,SF,218,1257,0,0,0,0,0,1,0,0,0,0,0,0,0,0,0,0,7,7,0.0,0.0,0.0,0.0,1.0,0.0,0.0,61,255,1.0,0.0,0.02,0.03,0.0,0.0,0.0,0.0,normal
0,tcp,ftp_data,S0,0,0,0,0,0,0,0,0,0,0,0,0,0,0,0,0,0,0,26,6,1.0,1.0,0.0,0.0,0.23,0.15,0.0,108,58,0.24,0.04,0.01,0.03,0.98,0.45,0.0,0.0,neptune
0,tcp,http,SF,176,460,0,0,0,0,0,1,0,0,0,0,0,0,0,0,0,0,1,1,0.0,0.0,0.0,0.0,1.0,0.0,0.0,130,255,1.0,0.0,0.01,0.01,0.0,0.0,0.0,0.0,normal
0,tcp,auth,S0,0,0,0,0,0,0,0,0,0,0,0,0,0,0,0,0,0,0,226,17,1.0,1.0,0.0,0.0,0.08,0.05,0.0,255,17,0.07,0.05,0.0,0.0,1.0,1.0,0.0,0.0,neptune
0,tcp,discard,S0,0,0,0,0,0,0,0,0,0,0,0,0,0,0,0,0,0,0,246,4,1.0,1.0,0.0,0.0,0.02,0.06,0.0,255,4,0.02,0.06,0.0,0.0,1.0,1.0,0.0,0.0,neptune
0,tcp,http,S0,0,0,0,0,0,0,0,0,0,0,0,0,0,0,0,0,0,0,122,13,1.0,1.0,0.0,0.0,0.11,0.06,0.0,255,5,0.02,0.07,0.0,0.0,1.0,1.0,0.0,0.0,neptune
0,tcp,private,S0,0,0,0,0,0,0,0,0,0,0,0,0,0,0,0,0,0,0,176,1,1.0,1.0,0.0,0.0,0.01,0.06,0.0,215,1,0.0,0.07,0.0,0.0,0.93,1.0,0.0,0.0,neptune
0,tcp,http_443,REJ,0,0,0,0,0,0,0,0,0,0,0,0,0,0,0,0,0,0,147,17,0.0,0.0,1.0,1.0,0.12,0.05,0.0,255,17,0.07,0.07,0.0,0.0,0.0,0.0,1.0,1.0,neptune
0,tcp,http,SF,235,1695,0,0,0,0,0,1,0,0,0,0,0,0,0,0,0,0,4,4,0.0,0.0,0.0,0.0,1.0,0.0,0.0,21,255,1.0,0.0,0.05,0.04,0.0,0.0,0.0,0.0,normal
0,tcp,link,S0,0,0,0,0,0,0,0,0,0,0,0,0,0,0,0,0,0,0,241,22,1.0,1.0,0.0,0.0,0.09,0.06,0.0,255,22,0.09,0.07,0.0,0.0,1.0,1.0,0.0,0.0,neptune
0,tcp,http,SF,307,1088,0,0,0,0,0,1,0,0,0,0,0,0,0,0,0,0,9,9,0.0,0.0,0.0,0.0,1.0,0.0,0.0,9,255,1.0,0.0,0.11,0.02,0.0,0.0,0.0,0.0,normal
0,icmp,urp_i,SF,78,0,0,0,0,0,0,0,0,0,0,0,0,0,0,0,0,0,25,3,0.0,0.0,0.0,0.0,0.12,0.08,0.0,255,10,0.04,0.01,0.04,0.0,0.0,0.0,0.0,0.0,normal
2630,udp,other,SF,147,105,0,0,0,0,0,0,0,0,0,0,0,0,0,0,0,0,4,2,0.0,0.0,0.0,0.0,0.5,0.5,0.0,255,2,0.01,0.85,1.0,0.0,0.0,0.0,0.0,0.0,normal
0,tcp,http,SF,241,300,0,0,0,0,0,1,0,0,0,0,0,0,0,0,0,0,2,2,0.0,0.0,0.0,0.0,1.0,0.0,0.0,255,255,1.0,0.0,0.0,0.0,0.0,0.0,0.0,0.0,normal
0,tcp,ftp_data,SF,641,0,0,0,0,0,0,1,0,0,0,0,0,0,0,0,0,0,2,2,0.0,0.0,0.0,0.0,1.0,0.0,0.0,255,141,0.55,0.02,0.55,0.0,0.0,0.0,0.0,0.0,normal
0,icmp,eco_i,SF,8,0,0,0,0,0,0,0,0,0,0,0,0,0,0,0,0,0,1,9,0.0,0.0,0.0,0.0,1.0,0.0,1.0,3,43,1.0,0.0,1.0,0.26,0.0,0.0,0.0,0.0,nmap
0,tcp,http,SF,204,17640,0,0,0,0,0,1,0,0,0,0,0,0,0,0,0,0,8,8,0.0,0.0,0.0,0.0,1.0,0.0,0.0,8,255,1.0,0.0,0.12,0.09,0.0,0.0,0.0,0.0,normal
1,tcp,http,S2,364,646196,0,0,0,0,0,1,0,0,0,0,0,0,0,0,0,0,2,15,0.5,0.07,0.0,0.0,1.0,0.0,0.13,110,255,1.0,0.0,0.01,0.08,0.01,0.0,0.15,0.52,normal
0,tcp,ftp,S0,0,0,0,0,0,0,0,0,0,0,0,0,0,0,0,0,0,0,205,14,1.0,1.0,0.0,0.0,0.07,0.06,0.0,255,13,0.05,0.06,0.0,0.0,1.0,1.0,0.0,0.0,neptune
0,udp,domain_u,SF,46,46,0,0,0,0,0,0,0,0,0,0,0,0,0,0,0,0,2,2,0.0,0.0,0.0,0.0,1.0,0.0,0.0,255,254,1.0,0.01,0.0,0.0,0.0,0.0,0.0,0.0,normal
0,tcp,smtp,SF,954,326,0,0,0,0,0,1,0,0,0,0,0,0,0,0,0,0,2,1,0.0,0.0,0.0,0.0,0.5,1.0,0.0,28,104,0.71,0.11,0.04,0.02,0.0,0.0,0.0,0.0,normal
0,tcp,private,REJ,0,0,0,0,0,0,0,0,0,0,0,0,0,0,0,0,0,0,2,1,0.0,0.0,1.0,1.0,0.5,1.0,0.0,232,1,0.0,0.05,0.02,0.0,0.0,0.0,0.03,1.0,portsweep
0,udp,domain_u,SF,45,126,0,0,0,0,0,0,0,0,0,0,0,0,0,0,0,0,77,157,0.0,0.0,0.0,0.0,1.0,0.0,0.01,255,255,1.0,0.0,0.0,0.0,0.0,0.0,0.0,0.0,normal
0,tcp,private,SH,0,0,0,0,0,0,0,0,0,0,0,0,0,0,0,0,0,0,1,1,1.0,1.0,0.0,0.0,1.0,0.0,0.0,140,1,0.01,0.93,0.94,0.0,0.94,1.0,0.0,0.0,nmap
0,tcp,private,S0,0,0,0,0,0,0,0,0,0,0,0,0,0,0,0,0,0,0,149,6,1.0,1.0,0.0,0.0,0.04,0.06,0.0,255,2,0.01,0.07,0.0,0.0,1.0,1.0,0.0,0.0,neptune
0,tcp,ftp_data,SF,567,0,0,0,0,0,0,1,0,0,0,6,0,0,0,0,0,0,1,1,0.0,0.0,0.0,0.0,1.0,0.0,0.0,1,75,1.0,0.0,1.0,0.04,0.0,0.0,0.0,0.0,normal
0,udp,domain_u,SF,45,75,0,0,0,0,0,0,0,0,0,0,0,0,0,0,0,0,119,119,0.0,0.0,0.0,0.0,1.0,0.0,0.0,255,254,1.0,0.01,0.0,0.0,0.0,0.0,0.0,0.0,normal
0,tcp,http,SF,306,1904,0,0,0,0,0,1,0,0,0,0,0,0,0,0,0,0,13,13,0.0,0.0,0.0,0.0,1.0,0.0,0.0,81,255,1.0,0.0,0.01,0.02,0.0,0.0,0.0,0.0,normal
0,icmp,ecr_i,SF,520,0,0,0,0,0,0,0,0,0,0,0,0,0,0,0,0,0,356,356,0.0,0.0,0.0,0.0,1.0,0.0,0.0,255,255,1.0,0.0,1.0,0.0,0.0,0.0,0.0,0.0,smurf
0,udp,domain_u,SF,45,73,0,0,0,0,0,0,0,0,0,0,0,0,0,0,0,0,170,170,0.0,0.0,0.0,0.0,1.0,0.0,0.0,255,234,0.92,0.01,0.0,0.0,0.0,0.0,0.0,0.0,normal
0,tcp,private,S0,0,0,0,0,0,0,0,0,0,0,0,0,0,0,0,0,0,0,127,1,1.0,1.0,0.0,0.0,0.01,0.07,0.0,255,1,0.0,0.09,0.0,0.0,1.0,1.0,0.0,0.0,neptune
0,tcp,http,SF,54540,8314,0,0,0,2,0,1,1,0,0,0,0,0,0,0,0,0,2,3,0.0,0.0,0.0,0.33,1.0,0.0,0.67,19,19,1.0,0.0,0.05,0.0,0.0,0.0,0.0,0.0,back
0,udp,domain_u,SF,35,91,0,0,0,0,0,0,0,0,0,0,0,0,0,0,0,0,1,7,0.0,0.0,0.0,0.0,1.0,0.0,0.57,255,249,0.98,0.01,0.0,0.0,0.0,0.0,0.0,0.0,normal
0,tcp,private,S0,0,0,0,0,0,0,0,0,0,0,0,0,0,0,0,0,0,0,226,5,1.0,1.0,0.0,0.0,0.02,0.07,0.0,255,1,0.0,0.09,0.0,0.0,1.0,1.0,0.0,0.0,neptune
0,tcp,echo,RSTO,0,0,0,0,0,0,0,0,0,0,0,0,0,0,0,0,0,0,213,13,0.0,0.0,1.0,1.0,0.06,0.07,0.0,255,13,0.05,0.06,0.0,0.0,0.0,0.0,1.0,1.0,neptune
0,icmp,ecr_i,SF,520,0,0,0,0,0,0,0,0,0,0,0,0,0,0,0,0,0,87,87,0.0,0.0,0.0,0.0,1.0,0.0,0.0,255,255,1.0,0.0,1.0,0.0,0.0,0.0,0.0,0.0,smurf
0,tcp,http,SF,209,8843,0,0,0,0,0,1,0,0,0,0,0,0,0,0,0,0,1,4,0.0,0.0,0.0,0.0,1.0,0.0,0.75,2,255,1.0,0.0,0.5,0.03,0.0,0.0,0.0,0.0,normal
0,tcp,http,SF,309,1645,0,0,0,0,0,1,0,0,0,0,0,0,0,0,0,0,1,1,0.0,0.0,0.0,0.0,1.0,0.0,0.0,255,255,1.0,0.0,0.0,0.0,0.0,0.0,0.0,0.0,normal
0,icmp,ecr_i,SF,520,0,0,0,0,0,0,0,0,0,0,0,0,0,0,0,0,0,444,444,0.0,0.0,0.0,0.0,1.0,0.0,0.0,218,218,1.0,0.0,1.0,0.0,0.0,0.0,0.0,0.0,smurf
0,icmp,eco_i,SF,8,0,0,0,0,0,0,0,0,0,0,0,0,0,0,0,0,0,1,36,0.0,0.0,0.0,0.0,1.0,0.0,1.0,2,106,1.0,0.0,1.0,0.5,0.0,0.0,0.0,0.0,ipsweep
0,tcp,http,SF,245,4524,0,0,0,0,0,1,0,0,0,0,0,0,0,0,0,0,10,10,0.0,0.0,0.0,0.0,1.0,0.0,0.0,129,255,1.0,0.0,0.01,0.03,0.0,0.0,0.0,0.0,normal
0,tcp,ftp_data,SF,12324,0,0,0,0,0,0,0,0,0,0,0,0,0,0,0,0,0,2,2,0.0,0.0,0.0,0.0,1.0,0.0,0.0,7,6,0.86,0.29,0.86,0.0,0.0,0.0,0.0,0.0,normal
0,tcp,finger,S0,0,0,0,0,0,0,0,0,0,0,0,0,0,0,0,0,0,0,61,15,1.0,1.0,0.0,0.0,0.25,0.07,0.0,255,56,0.22,0.03,0.02,0.0,1.0,1.0,0.0,0.0,neptune
0,tcp,netbios_ssn,S0,0,0,0,0,0,0,0,0,0,0,0,0,0,0,0,0,0,0,292,4,1.0,1.0,0.0,0.0,0.01,0.05,0.0,255,7,0.03,0.07,0.0,0.0,1.0,1.0,0.0,0.0,neptune
39627,tcp,private,RSTR,1,0,0,0,0,0,0,0,0,0,0,0,0,0,0,0,0,0,2,2,0.0,0.0,1.0,1.0,1.0,0.0,0.0,255,2,0.01,0.5,1.0,0.0,0.0,0.0,1.0,1.0,portsweep
0,tcp,http,SF,296,702,0,0,0,0,0,1,0,0,0,0,0,0,0,0,0,0,15,25,0.0,0.0,0.0,0.0,1.0,0.0,0.2,255,255,1.0,0.0,0.0,0.0,0.0,0.0,0.0,0.0,normal
0,tcp,http,SF,236,3222,0,0,0,0,0,1,0,0,0,0,0,0,0,0,0,0,1,1,0.0,0.0,0.0,0.0,1.0,0.0,0.0,255,248,0.97,0.01,0.0,0.0,0.03,0.03,0.0,0.0,normal
0,icmp,ecr_i,SF,1032,0,0,0,0,0,0,0,0,0,0,0,0,0,0,0,0,0,511,511,0.0,0.0,0.0,0.0,1.0,0.0,0.0,255,51,0.2,0.04,0.2,0.0,0.22,0.0,0.02,0.0,smurf
0,tcp,http,SF,222,3749,0,0,0,0,0,1,0,0,0,0,0,0,0,0,0,0,6,6,0.0,0.0,0.0,0.0,1.0,0.0,0.0,255,255,1.0,0.0,0.0,0.0,0.0,0.0,0.0,0.0,normal
0,tcp,private,S0,0,0,0,0,0,0,0,0,0,0,0,0,0,0,0,0,0,0,196,4,1.0,1.0,0.0,0.0,0.02,0.07,0.0,255,4,0.02,0.06,0.0,0.0,1.0,1.0,0.0,0.0,neptune
0,tcp,private,REJ,0,0,0,0,0,0,0,0,0,0,0,0,0,0,0,0,0,0,145,9,0.0,0.0,1.0,1.0,0.06,0.07,0.0,255,9,0.04,0.07,0.0,0.0,0.0,0.0,1.0,1.0,neptune
0,tcp,http,SF,205,770,0,0,0,0,0,1,0,0,0,0,0,0,0,0,0,0,3,3,0.33,0.33,0.0,0.0,1.0,0.0,0.0,255,255,1.0,0.0,0.0,0.0,0.01,0.01,0.02,0.02,normal
0,tcp,http,SF,258,8745,0,0,0,0,0,1,0,0,0,0,0,0,0,0,0,0,1,1,0.0,0.0,0.0,0.0,1.0,0.0,0.0,255,255,1.0,0.0,0.0,0.0,0.0,0.0,0.0,0.0,normal
0,tcp,ftp_data,SF,383,0,0,0,0,0,0,1,0,0,0,0,0,0,0,0,0,0,2,2,0.0,0.0,0.0,0.0,1.0,0.0,0.0,30,85,0.1,0.1,0.1,0.02,0.0,0.0,0.0,0.0,normal
0,tcp,smtp,SF,923,332,0,0,0,0,0,1,0,0,0,0,0,0,0,0,0,0,1,1,0.0,0.0,0.0,0.0,1.0,0.0,0.0,42,165,0.6,0.12,0.02,0.01,0.0,0.01,0.0,0.0,normal
0,tcp,http,SF,199,8091,0,0,0,0,0,1,0,0,0,0,0,0,0,0,0,0,3,3,0.0,0.0,0.0,0.0,1.0,0.0,0.0,24,255,1.0,0.0,0.04,0.01,0.0,0.0,0.0,0.0,normal
0,udp,domain_u,SF,17,70,0,0,0,0,0,0,0,0,0,0,0,0,0,0,0,0,1,2,0.0,0.0,0.0,0.0,1.0,0.0,1.0,77,228,1.0,0.0,1.0,0.01,0.0,0.0,0.0,0.0,normal
0,tcp,ldap,REJ,0,0,0,0,0,0,0,0,0,0,0,0,0,0,0,0,0,0,150,20,0.0,0.0,1.0,1.0,0.13,0.05,0.0,255,16,0.06,0.08,0.0,0.0,0.0,0.0,1.0,1.0,neptune
0,icmp,urp_i,SF,78,0,0,0,0,0,0,0,0,0,0,0,0,0,0,0,0,0,47,7,0.0,0.0,0.0,0.0,0.15,0.04,0.0,255,23,0.09,0.01,0.09,0.0,0.0,0.0,0.0,0.0,normal
0,tcp,http,SF,161,4521,0,0,0,1,0,1,0,0,0,0,0,0,0,0,0,0,2,6,0.0,0.33,0.0,0.0,1.0,0.0,0.5,12,255,1.0,0.0,0.08,0.08,0.0,0.0,0.0,0.01,normal
0,tcp,http,S0,0,0,0,0,0,0,0,0,0,0,0,0,0,0,0,0,0,0,36,12,1.0,1.0,0.0,0.0,0.33,0.11,0.0,255,64,0.25,0.02,0.01,0.0,1.0,1.0,0.0,0.0,neptune
0,tcp,klogin,S0,0,0,0,0,0,0,0,0,0,0,0,0,0,0,0,0,0,0,147,15,1.0,1.0,0.0,0.0,0.1,0.05,0.0,255,2,0.01,0.07,0.0,0.0,1.0,1.0,0.0,0.0,neptune
0,tcp,ftp_data,SF,4892,0,0,0,0,0,0,0,0,0,0,0,0,0,0,0,0,0,14,14,0.0,0.0,0.0,0.0,1.0,0.0,0.0,255,20,0.08,0.07,0.08,0.0,0.86,0.0,0.0,0.0,normal
0,tcp,ftp_data,SF,501760,0,0,0,0,0,0,1,0,0,0,0,0,0,0,0,0,0,2,2,0.0,0.0,0.0,0.0,1.0,0.0,0.0,33,55,0.15,0.12,0.15,0.05,0.0,0.0,0.0,0.0,normal
0,tcp,http,SF,256,2148,0,0,0,0,0,1,0,0,0,0,0,0,0,0,0,0,3,3,0.0,0.0,0.0,0.0,1.0,0.0,0.0,255,251,0.98,0.01,0.0,0.0,0.0,0.0,0.0,0.0,normal
0,tcp,finger,S0,0,0,0,0,0,0,0,0,0,0,0,0,0,0,0,0,0,0,21,11,1.0,1.0,0.0,0.0,0.52,0.1,0.0,255,70,0.27,0.02,0.01,0.0,1.0,1.0,0.0,0.0,neptune
0,tcp,http,REJ,0,0,0,0,0,0,0,0,0,0,0,0,0,0,0,0,0,0,1,1,0.0,0.0,1.0,1.0,1.0,0.0,0.0,2,43,1.0,0.0,0.5,0.35,0.0,0.0,1.0,1.0,normal
0,tcp,http,SF,306,261,0,0,0,0,0,1,0,0,0,0,0,0,0,0,0,0,3,3,0.0,0.0,0.0,0.0,1.0,0.0,0.0,8,108,1.0,0.0,0.12,0.08,0.0,0.01,0.0,0.0,normal
0,tcp,private,S0,0,0,0,0,0,0,0,0,0,0,0,0,0,0,0,0,0,0,228,14,1.0,1.0,0.0,0.0,0.06,0.05,0.0,89,14,0.16,0.11,0.01,0.0,0.84,1.0,0.01,0.0,neptune
0,tcp,systat,S0,0,0,0,0,0,0,0,0,0,0,0,0,0,0,0,0,0,0,231,16,1.0,1.0,0.0,0.0,0.07,0.05,0.0,255,16,0.06,0.05,0.0,0.0,1.0,1.0,0.0,0.0,neptune
0,tcp,http,SF,192,22691,0,0,0,0,0,1,0,0,0,0,0,0,0,0,0,0,1,1,0.0,0.0,0.0,0.0,1.0,0.0,0.0,90,255,1.0,0.0,0.01,0.02,0.0,0.0,0.0,0.0,normal
0,tcp,finger,S0,0,0,0,0,0,0,0,0,0,0,0,0,0,0,0,0,0,0,28,14,1.0,1.0,0.0,0.0,0.5,0.07,0.0,255,59,0.23,0.04,0.01,0.0,1.0,1.0,0.0,0.0,neptune
0,tcp,http,SF,209,5012,0,0,0,0,0,1,0,0,0,0,0,0,0,0,0,0,7,16,0.0,0.0,0.0,0.0,1.0,0.0,0.19,63,255,1.0,0.0,0.02,0.02,0.0,0.0,0.0,0.0,normal
0,tcp,auth,SF,13,40,0,0,0,0,0,1,0,0,0,0,0,0,0,0,0,0,1,1,0.0,0.0,0.0,0.0,1.0,0.0,0.0,7,2,0.14,0.43,0.14,1.0,0.0,0.0,0.0,0.5,normal
3720,udp,other,SF,145,105,0,0,0,0,0,0,0,0,0,0,0,0,0,0,0,0,1,1,0.0,0.0,0.0,0.0,1.0,0.0,0.0,255,3,0.01,0.53,0.93,0.0,0.0,0.0,0.0,0.0,normal
22661,tcp,private,RSTR,1,0,0,0,0,0,0,0,0,0,0,0,0,0,0,0,0,0,2,2,0.0,0.0,1.0,1.0,1.0,0.0,0.0,255,2,0.01,0.73,1.0,0.0,0.0,0.0,1.0,1.0,portsweep
0,tcp,http,SF,180,5069,0,0,0,0,0,1,0,0,0,0,0,0,0,0,0,0,1,2,0.0,0.0,0.0,0.0,1.0,0.0,1.0,30,255,1.0,0.0,0.03,0.04,0.0,0.0,0.0,0.0,normal
0,icmp,eco_i,SF,30,0,0,0,0,0,0,0,0,0,0,0,0,0,0,0,0,0,1,1,0.0,0.0,0.0,0.0,1.0,0.0,0.0,190,190,1.0,0.0,1.0,0.0,0.0,0.0,0.0,0.0,normal
0,tcp,private,S0,0,0,0,0,0,0,0,0,0,0,0,0,0,0,0,0,0,0,147,16,1.0,1.0,0.0,0.0,0.11,0.05,0.0,180,1,0.01,0.1,0.01,0.0,1.0,1.0,0.0,0.0,neptune
0,tcp,http,SF,214,3197,0,0,0,0,0,1,0,0,0,0,0,0,0,0,0,0,8,11,0.0,0.0,0.0,0.0,1.0,0.0,0.18,8,255,1.0,0.0,0.12,0.03,0.0,0.0,0.0,0.0,normal
0,tcp,http,SF,232,12587,0,0,0,0,0,1,0,0,0,0,0,0,0,0,0,0,1,1,0.0,0.0,0.0,0.0,1.0,0.0,0.0,12,255,1.0,0.0,0.08,0.03,0.0,0.0,0.0,0.0,normal
0,tcp,ftp,S0,0,0,0,0,0,0,0,0,0,0,0,0,0,0,0,0,0,0,247,20,1.0,1.0,0.0,0.0,0.08,0.06,0.0,255,20,0.08,0.07,0.0,0.0,1.0,1.0,0.0,0.0,neptune
0,tcp,http,SF,236,1695,0,0,0,0,0,1,0,0,0,0,0,0,0,0,0,0,9,26,0.0,0.0,0.0,0.0,1.0,0.0,0.08,255,255,1.0,0.0,0.0,0.0,0.0,0.0,0.0,0.0,normal
0,tcp,private,S0,0,0,0,0,0,0,0,0,0,0,0,0,0,0,0,0,0,0,113,15,1.0,1.0,0.0,0.0,0.13,0.07,0.0,255,3,0.01,0.08,0.0,0.0,1.0,1.0,0.0,0.0,neptune
0,icmp,urp_i,SF,78,0,0,0,0,0,0,0,0,0,0,0,0,0,0,0,0,0,22,6,0.0,0.0,0.0,0.0,0.23,0.09,0.33,255,26,0.1,0.01,0.1,0.0,0.0,0.0,0.0,0.0,normal
0,tcp,private,S0,0,0,0,0,0,0,0,0,0,0,0,0,0,0,0,0,0,0,120,13,1.0,1.0,0.0,0.0,0.11,0.06,0.0,255,13,0.05,0.06,0.0,0.0,1.0,1.0,0.0,0.0,neptune
0,tcp,other,SF,8325,0,0,0,0,0,0,1,0,0,0,0,0,0,0,0,0,0,17,1,0.06,0.0,0.0,0.0,0.06,0.12,0.0,255,1,0.0,0.02,0.2,0.0,0.0,0.0,0.0,0.0,normal
0,tcp,http,SF,305,1075,0,0,0,0,0,1,0,0,0,0,0,0,0,0,0,0,7,21,0.0,0.0,0.0,0.0,1.0,0.0,0.1,255,225,0.88,0.01,0.0,0.0,0.0,0.0,0.0,0.0,normal
0,tcp,echo,S0,0,0,0,0,0,0,0,0,0,0,0,0,0,0,0,0,0,0,168,10,1.0,1.0,0.0,0.0,0.06,0.07,0.0,255,10,0.04,0.06,0.0,0.0,1.0,1.0,0.0,0.0,neptune
0,tcp,http,SF,202,9432,0,0,0,0,0,1,0,0,0,0,0,0,0,0,0,0,21,29,0.0,0.0,0.0,0.0,1.0,0.0,0.1,21,255,1.0,0.0,0.05,0.05,0.0,0.01,0.0,0.0,normal
0,tcp,http,SF,195,2946,0,0,0,0,0,1,0,0,0,0,0,0,0,0,0,0,7,7,0.0,0.0,0.0,0.0,1.0,0.0,0.0,19,255,1.0,0.0,0.05,0.04,0.05,0.0,0.0,0.0,normal
0,tcp,http,SF,156,295,0,0,0,0,0,1,0,0,0,0,0,0,0,0,0,0,1,29,0.0,0.0,0.0,0.0,1.0,0.0,0.1,33,255,1.0,0.0,0.03,0.04,0.0,0.0,0.0,0.0,normal
0,tcp,http,SF,324,185,0,0,0,0,0,1,0,0,0,0,0,0,0,0,0,0,2,2,0.0,0.0,0.0,0.0,1.0,0.0,0.0,4,255,1.0,0.0,0.25,0.02,0.25,0.0,0.0,0.0,normal
0,udp,domain_u,SF,46,46,0,0,0,0,0,0,0,0,0,0,0,0,0,0,0,0,126,128,0.0,0.0,0.0,0.0,1.0,0.0,0.02,246,181,0.74,0.02,0.01,0.0,0.0,0.0,0.0,0.0,normal
0,tcp,mtp,S0,0,0,0,0,0,0,0,0,0,0,0,0,0,0,0,0,0,0,197,15,1.0,1.0,0.0,0.0,0.08,0.08,0.0,255,15,0.06,0.09,0.0,0.0,1.0,1.0,0.0,0.0,neptune
0,tcp,http,SF,338,269,0,0,0,0,0,1,0,0,0,0,0,0,0,0,0,0,9,11,0.0,0.0,0.0,0.0,1.0,0.0,0.27,255,255,1.0,0.0,0.01,0.0,0.0,0.0,0.0,0.0,normal
0,tcp,private,REJ,0,0,0,0,0,0,0,0,0,0,0,0,0,0,0,0,0,0,293,20,0.0,0.0,1.0,1.0,0.07,0.06,0.0,255,20,0.08,0.08,0.0,0.0,0.0,0.0,1.0,1.0,neptune
0,tcp,http,SF,231,7466,0,0,0,0,0,1,0,0,0,0,0,0,0,0,0,0,1,1,0.0,0.0,0.0,0.0,1.0,0.0,0.0,1,255,1.0,0.0,1.0,0.05,0.0,0.0,0.0,0.0,normal
0,udp,domain_u,SF,44,131,0,0,0,0,0,0,0,0,0,0,0,0,0,0,0,0,71,150,0.0,0.0,0.0,0.0,0.97,0.04,0.01,255,237,0.93,0.01,0.0,0.0,0.0,0.0,0.0,0.0,normal
0,tcp,smtp,SF,631,328,0,0,0,0,0,1,0,0,0,0,0,0,0,0,0,0,1,1,0.0,0.0,0.0,0.0,1.0,0.0,0.0,14,13,0.93,0.14,0.07,0.0,0.0,0.0,0.0,0.0,normal
0,tcp,private,REJ,0,0,0,0,0,0,0,0,0,0,0,0,0,0,0,0,0,0,110,8,0.0,0.0,1.0,1.0,0.07,0.08,0.0,255,8,0.03,0.07,0.0,0.0,0.0,0.0,1.0,1.0,neptune
0,tcp,private,S0,0,0,0,0,0,0,0,0,0,0,0,0,0,0,0,0,0,0,120,20,1.0,1.0,0.0,0.0,0.17,0.05,0.0,255,20,0.08,0.07,0.0,0.0,1.0,1.0,0.0,0.0,neptune
2,tcp,smtp,SF,645,326,0,0,0,0,0,1,0,0,0,0,0,0,0,0,0,0,1,4,0.0,0.0,0.0,0.0,1.0,0.0,1.0,186,137,0.74,0.03,0.01,0.0,0.01,0.01,0.0,0.0,normal
0,tcp,auth,S0,0,0,0,0,0,0,0,0,0,0,0,0,0,0,0,0,0,0,208,16,1.0,1.0,0.0,0.0,0.08,0.05,0.0,255,16,0.06,0.06,0.0,0.0,1.0,1.0,0.0,0.0,neptune
0,tcp,http,SF,261,5759,0,0,0,0,0,1,0,0,0,0,0,0,0,0,0,0,1,1,0.0,0.0,0.0,0.0,1.0,0.0,0.0,255,249,0.98,0.01,0.0,0.0,0.0,0.0,0.0,0.0,normal
0,icmp,eco_i,SF,8,0,0,0,0,0,0,0,0,0,0,0,0,0,0,0,0,0,1,24,0.0,0.0,0.0,0.0,1.0,0.0,1.0,2,255,1.0,0.0,1.0,0.5,0.0,0.0,0.0,0.0,ipsweep
0,tcp,private,S0,0,0,0,0,0,0,0,0,0,0,0,0,0,0,0,0,0,0,234,1,1.0,1.0,0.0,0.0,0.0,0.06,0.0,255,20,0.08,0.06,0.0,0.0,1.0,1.0,0.0,0.0,neptune
0,tcp,private,REJ,0,0,0,0,0,0,0,0,0,0,0,0,0,0,0,0,0,0,477,1,0.06,0.0,0.93,1.0,0.0,1.0,0.0,255,1,0.0,1.0,0.0,0.0,0.08,0.0,0.92,1.0,satan
0,tcp,domain,S0,0,0,0,0,0,0,0,0,0,0,0,0,0,0,0,0,0,0,266,8,1.0,1.0,0.0,0.0,0.03,0.06,0.0,255,7,0.03,0.08,0.0,0.0,1.0,1.0,0.0,0.0,neptune
10,tcp,auth,SF,9,36,0,0,0,0,0,1,0,0,0,0,0,0,0,0,0,0,1,1,0.0,0.0,0.0,0.0,1.0,0.0,0.0,255,3,0.01,0.03,0.0,0.0,0.0,0.0,0.0,0.0,normal
0,tcp,private,S0,0,0,0,0,0,0,0,0,0,0,0,0,0,0,0,0,0,0,49,13,1.0,1.0,0.0,0.0,0.27,0.12,0.0,255,15,0.06,0.09,0.0,0.0,1.0,1.0,0.0,0.0,neptune
0,tcp,smtp,SF,1191,374,0,0,0,0,0,1,0,0,0,0,0,0,0,0,0,0,1,2,0.0,0.0,0.0,0.0,1.0,0.0,1.0,6,140,0.67,0.33,0.17,0.04,0.0,0.0,0.0,0.0,normal
0,tcp,http,SF,196,1577,0,0,0,0,0,1,0,0,0,0,0,0,0,0,0,0,12,12,0.0,0.0,0.0,0.0,1.0,0.0,0.0,42,255,1.0,0.0,0.02,0.02,0.0,0.0,0.0,0.0,normal
0,tcp,ftp,S0,0,0,0,0,0,0,0,0,0,0,0,0,0,0,0,0,0,0,268,17,1.0,1.0,0.0,0.0,0.06,0.05,0.0,255,17,0.07,0.05,0.0,0.0,1.0,1.0,0.0,0.0,neptune
0,tcp,private,S0,0,0,0,0,0,0,0,0,0,0,0,0,0,0,0,0,0,0,112,16,1.0,1.0,0.0,0.0,0.14,0.05,0.0,255,12,0.05,0.05,0.0,0.0,1.0,1.0,0.0,0.0,neptune
0,tcp,private,S0,0,0,0,0,0,0,0,0,0,0,0,0,0,0,0,0,0,0,121,8,1.0,1.0,0.0,0.0,0.07,0.07,0.0,255,9,0.04,0.06,0.0,0.0,1.0,1.0,0.0,0.0,neptune
0,tcp,http,SF,246,1610,0,0,0,0,0,1,0,0,0,0,0,0,0,0,0,0,7,7,0.0,0.0,0.0,0.0,1.0,0.0,0.0,255,255,1.0,0.0,0.0,0.0,0.0,0.0,0.0,0.0,normal
0,tcp,http,REJ,0,0,0,0,0,0,0,0,0,0,0,0,0,0,0,0,0,0,1,2,0.0,0.0,1.0,0.5,1.0,0.0,1.0,8,255,1.0,0.0,0.12,0.13,0.0,0.0,1.0,0.99,normal
0,udp,private,SF,105,147,0,0,0,0,0,0,0,0,0,0,0,0,0,0,0,0,1,1,0.0,0.0,0.0,0.0,1.0,0.0,0.0,80,79,0.99,0.03,0.01,0.0,0.0,0.0,0.0,0.0,normal
0,tcp,ftp_data,S0,0,0,0,0,0,0,0,0,0,0,0,0,0,0,0,0,0,0,279,11,1.0,1.0,0.0,0.0,0.04,0.05,0.0,255,2,0.01,0.09,0.0,0.0,1.0,1.0,0.0,0.0,neptune
0,tcp,http,SF,237,454,0,0,0,0,0,1,0,0,0,0,0,0,0,0,0,0,10,25,0.0,0.0,0.0,0.0,1.0,0.0,0.24,91,255,1.0,0.0,0.01,0.01,0.0,0.0,0.0,0.0,normal
42778,tcp,private,RSTR,1,0,0,0,0,0,0,0,0,0,0,0,0,0,0,0,0,0,2,2,0.0,0.0,1.0,1.0,1.0,0.0,0.0,132,2,0.02,0.07,0.09,0.0,0.0,0.0,0.09,1.0,portsweep
0,tcp,http,SF,293,1010,0,0,0,0,0,1,0,0,0,0,0,0,0,0,0,0,15,21,0.0,0.0,0.0,0.0,1.0,0.0,0.14,15,255,1.0,0.0,0.07,0.04,0.0,0.0,0.0,0.0,normal
0,tcp,finger,SF,9,142,0,0,0,0,0,0,0,0,0,0,0,0,0,0,0,0,1,1,0.0,0.0,0.0,0.0,1.0,0.0,0.0,235,12,0.05,0.03,0.0,0.0,0.0,0.0,0.0,0.0,normal
0,tcp,http,SF,216,2536,0,0,0,0,0,1,0,0,0,0,0,0,0,0,0,0,19,19,0.0,0.0,0.0,0.0,1.0,0.0,0.0,255,255,1.0,0.0,0.0,0.0,0.0,0.0,0.0,0.0,normal
0,tcp,private,S0,0,0,0,0,0,0,0,0,0,0,0,0,0,0,0,0,0,0,132,10,1.0,1.0,0.0,0.0,0.08,0.06,0.0,255,10,0.04,0.07,0.0,0.0,1.0,1.0,0.0,0.0,neptune
0,tcp,private,S0,0,0,0,0,0,0,0,0,0,0,0,0,0,0,0,0,0,0,129,11,1.0,1.0,0.0,0.0,0.09,0.06,0.0,255,1,0.0,0.06,0.0,0.0,1.0,1.0,0.0,0.0,neptune
0,tcp,gopher,S0,0,0,0,0,0,0,0,0,0,0,0,0,0,0,0,0,0,0,148,24,1.0,1.0,0.0,0.0,0.16,0.05,0.0,255,9,0.04,0.05,0.0,0.0,1.0,1.0,0.0,0.0,neptune
0,udp,domain_u,SF,44,71,0,0,0,0,0,0,0,0,0,0,0,0,0,0,0,0,101,102,0.0,0.0,0.0,0.0,1.0,0.0,0.02,255,254,1.0,0.01,0.0,0.0,0.0,0.0,0.0,0.0,normal
1,tcp,smtp,SF,2875,337,0,0,0,0,0,1,0,0,0,0,0,0,0,0,0,0,1,5,0.0,0.0,0.0,0.0,1.0,0.0,1.0,108,62,0.12,0.66,0.01,0.03,0.0,0.0,0.61,0.0,normal
0,tcp,telnet,S0,0,0,0,0,0,0,0,0,0,0,0,0,0,0,0,0,0,0,4,4,1.0,1.0,0.0,0.0,1.0,0.0,0.0,166,86,0.52,0.01,0.01,0.0,0.99,0.98,0.0,0.0,neptune
0,tcp,ftp_data,SF,12,0,0,0,0,0,0,1,0,0,0,0,0,0,0,0,0,0,1,1,0.0,0.0,0.0,0.0,1.0,0.0,0.0,228,59,0.26,0.02,0.26,0.0,0.0,0.0,0.0,0.0,normal
0,tcp,http,SF,301,1591,0,0,0,0,0,1,0,0,0,0,0,0,0,0,0,0,38,39,0.0,0.0,0.0,0.0,1.0,0.0,0.05,77,255,1.0,0.0,0.03,0.03,0.0,0.0,0.0,0.0,normal
0,tcp,http,SF,197,380,0,0,0,0,0,1,0,0,0,0,0,0,0,0,0,0,21,24,0.0,0.0,0.0,0.0,1.0,0.0,0.12,201,255,1.0,0.0,0.0,0.02,0.0,0.0,0.0,0.0,normal
0,tcp,private,SH,0,0,0,0,0,0,0,0,0,0,0,0,0,0,0,0,0,0,1,1,1.0,1.0,0.0,0.0,1.0,0.0,0.0,33,1,0.03,0.73,0.76,0.0,0.76,1.0,0.0,0.0,nmap
0,tcp,nnsp,S0,0,0,0,0,0,0,0,0,0,0,0,0,0,0,0,0,0,0,137,7,1.0,1.0,0.0,0.0,0.05,0.07,0.0,255,7,0.03,0.06,0.0,0.0,1.0,1.0,0.0,0.0,neptune
0,icmp,eco_i,SF,8,0,0,0,0,0,0,0,0,0,0,0,0,0,0,0,0,0,1,42,0.0,0.0,0.0,0.0,1.0,0.0,1.0,1,47,1.0,0.0,1.0,0.53,0.0,0.0,0.0,0.0,ipsweep
0,tcp,private,REJ,0,0,0,0,0,0,0,0,0,0,0,0,0,0,0,0,0,0,109,9,0.0,0.0,1.0,1.0,0.08,0.06,0.0,255,9,0.04,0.07,0.0,0.0,0.0,0.0,1.0,1.0,neptune
71,tcp,telnet,SF,135,15993,0,0,0,0,0,1,0,0,0,0,0,0,0,0,0,0,1,1,0.0,0.0,0.0,0.0,1.0,0.0,0.0,179,3,0.02,0.11,0.01,0.0,0.01,0.33,0.0,0.0,normal
0,tcp,http,REJ,0,0,0,0,0,0,0,0,0,0,0,0,0,0,0,0,0,0,1,1,0.0,0.0,1.0,1.0,1.0,0.0,0.0,29,255,1.0,0.0,0.03,0.2,0.0,0.0,1.0,0.99,normal
0,tcp,http,SF,211,19699,0,0,0,0,0,1,0,0,0,0,0,0,0,0,0,0,5,7,0.0,0.0,0.0,0.0,1.0,0.0,0.29,16,255,1.0,0.0,0.06,0.03,0.0,0.0,0.0,0.0,normal
0,tcp,http,SF,318,382,0,0,0,0,0,1,0,0,0,0,0,0,0,0,0,0,13,15,0.0,0.0,0.0,0.0,1.0,0.0,0.2,255,255,1.0,0.0,0.0,0.0,0.0,0.0,0.0,0.0,normal
0,tcp,http,SF,241,19194,0,0,0,0,0,1,0,0,0,0,0,0,0,0,0,0,2,2,0.0,0.0,0.0,0.0,1.0,0.0,0.0,2,255,1.0,0.0,0.5,0.01,0.0,0.0,0.0,0.0,normal
0,tcp,http,SF,199,4630,0,0,0,0,0,1,0,0,0,0,0,0,0,0,0,0,3,43,0.0,0.0,0.0,0.0,1.0,0.0,0.12,19,203,1.0,0.0,0.05,0.05,0.0,0.0,0.0,0.0,normal
0,tcp,nnsp,S0,0,0,0,0,0,0,0,0,0,0,0,0,0,0,0,0,0,0,204,1,1.0,1.0,0.0,0.0,0.0,0.07,0.0,255,1,0.0,0.07,0.0,0.0,1.0,1.0,0.0,0.0,neptune
0,tcp,other,SF,59,0,0,0,0,0,0,1,0,0,0,0,0,0,0,0,0,0,23,1,0.13,0.0,0.0,0.0,0.04,0.7,0.0,132,1,0.01,0.24,0.34,0.0,0.05,0.0,0.0,0.0,normal
0,tcp,http,SF,314,4929,0,0,0,0,0,1,0,0,0,0,0,0,0,0,0,0,17,18,0.0,0.0,0.06,0.06,1.0,0.0,0.11,255,255,1.0,0.0,0.0,0.0,0.0,0.0,0.01,0.01,normal
0,tcp,efs,REJ,0,0,0,0,0,0,0,0,0,0,0,0,0,0,0,0,0,0,107,20,0.0,0.0,1.0,1.0,0.19,0.06,0.0,255,20,0.08,0.06,0.0,0.0,0.0,0.0,1.0,1.0,neptune
0,tcp,private,S0,0,0,0,0,0,0,0,0,0,0,0,0,0,0,0,0,0,0,104,12,1.0,1.0,0.0,0.0,0.12,0.05,0.0,255,9,0.04,0.05,0.0,0.0,1.0,1.0,0.0,0.0,neptune
3,tcp,http,SF,255,37867,0,0,0,0,0,1,0,0,0,0,0,0,0,0,0,0,1,1,0.0,0.0,0.0,0.0,1.0,0.0,0.0,255,244,0.96,0.01,0.0,0.0,0.0,0.0,0.0,0.0,normal
0,tcp,private,S0,0,0,0,0,0,0,0,0,0,0,0,0,0,0,0,0,0,0,254,7,1.0,1.0,0.0,0.0,0.03,0.05,0.0,114,7,0.06,0.09,0.01,0.0,0.98,1.0,0.0,0.0,neptune
0,tcp,http,SF,350,3436,0,0,0,0,0,1,0,0,0,0,0,0,0,0,0,0,4,6,0.0,0.0,0.0,0.0,1.0,0.0,0.33,26,255,1.0,0.0,0.04,0.02,0.0,0.0,0.0,0.0,normal
0,tcp,private,S0,0,0,0,0,0,0,0,0,0,0,0,0,0,0,0,0,0,0,125,18,1.0,1.0,0.0,0.0,0.14,0.06,0.0,255,18,0.07,0.07,0.0,0.0,1.0,1.0,0.0,0.0,neptune
0,tcp,finger,S0,0,0,0,0,0,0,0,0,0,0,0,0,0,0,0,0,0,0,38,14,0.97,1.0,0.03,0.0,0.37,0.11,0.0,255,11,0.04,0.07,0.01,0.0,1.0,1.0,0.0,0.0,neptune
0,tcp,bgp,S0,0,0,0,0,0,0,0,0,0,0,0,0,0,0,0,0,0,0,243,22,1.0,1.0,0.0,0.0,0.09,0.05,0.0,201,22,0.11,0.06,0.0,0.0,0.99,1.0,0.0,0.0,neptune
0,tcp,http,SF,271,3200,0,0,0,0,0,1,0,0,0,0,0,0,0,0,0,0,6,7,0.0,0.0,0.0,0.0,1.0,0.0,0.29,225,255,1.0,0.0,0.0,0.01,0.0,0.0,0.0,0.0,normal
0,tcp,private,S0,0,0,0,0,0,0,0,0,0,0,0,0,0,0,0,0,0,0,214,7,1.0,1.0,0.0,0.0,0.03,0.08,0.0,255,7,0.03,0.08,0.0,0.0,1.0,1.0,0.0,0.0,neptune
0,tcp,smtp,SF,2529,329,0,0,0,0,0,1,0,0,0,0,0,0,0,0,0,0,1,1,0.0,0.0,0.0,0.0,1.0,0.0,0.0,255,152,0.6,0.03,0.0,0.0,0.0,0.01,0.0,0.0,normal
0,tcp,http,SF,188,308,0,0,0,0,0,1,0,0,0,0,0,0,0,0,0,0,10,13,0.0,0.0,0.0,0.0,1.0,0.0,0.15,231,255,1.0,0.0,0.0,0.02,0.0,0.0,0.0,0.0,normal
0,icmp,eco_i,SF,8,0,0,0,0,0,0,0,0,0,0,0,0,0,0,0,0,0,1,27,0.0,0.0,0.0,0.0,1.0,0.0,1.0,3,131,1.0,0.0,1.0,0.25,0.0,0.0,0.0,0.0,nmap
0,tcp,http_443,S0,0,0,0,0,0,0,0,0,0,0,0,0,0,0,0,0,0,0,242,22,1.0,1.0,0.0,0.0,0.09,0.05,0.0,255,22,0.09,0.06,0.0,0.0,1.0,1.0,0.0,0.0,neptune
0,tcp,http,SF,191,16526,0,0,0,0,0,1,0,0,0,0,0,0,0,0,0,0,2,33,0.0,0.0,0.0,0.0,1.0,0.0,0.09,34,255,1.0,0.0,0.03,0.05,0.0,0.0,0.0,0.0,normal
0,tcp,netbios_dgm,S0,0,0,0,0,0,0,0,0,0,0,0,0,0,0,0,0,0,0,203,22,1.0,1.0,0.0,0.0,0.11,0.05,0.0,255,22,0.09,0.06,0.0,0.0,1.0,1.0,0.0,0.0,neptune
0,tcp,netbios_dgm,S0,0,0,0,0,0,0,0,0,0,0,0,0,0,0,0,0,0,0,168,11,1.0,1.0,0.0,0.0,0.07,0.08,0.0,255,11,0.04,0.08,0.0,0.0,1.0,1.0,0.0,0.0,neptune
0,tcp,ftp_data,S1,1342,0,0,0,0,0,0,1,0,0,0,0,0,0,0,0,0,0,4,4,0.25,0.25,0.0,0.0,1.0,0.0,0.0,128,39,0.11,0.05,0.11,0.05,0.01,0.03,0.0,0.0,normal
0,tcp,nntp,S0,0,0,0,0,0,0,0,0,0,0,0,0,0,0,0,0,0,0,194,4,1.0,1.0,0.0,0.0,0.02,0.07,0.0,255,4,0.02,0.08,0.0,0.0,1.0,1.0,0.0,0.0,neptune
0,icmp,eco_i,SF,30,0,0,0,0,0,0,0,0,0,0,0,0,0,0,0,0,0,2,2,0.0,0.0,0.0,0.0,1.0,0.0,0.0,200,200,1.0,0.0,1.0,0.0,0.0,0.0,0.0,0.0,normal
0,tcp,http,SF,248,309,0,0,0,0,0,1,0,0,0,0,0,0,0,0,0,0,2,2,0.0,0.0,0.0,0.0,1.0,0.0,0.0,255,255,1.0,0.0,0.0,0.0,0.0,0.0,0.0,0.0,normal
0,tcp,Z39_50,S0,0,0,0,0,0,0,0,0,0,0,0,0,0,0,0,0,0,0,107,4,1.0,1.0,0.0,0.0,0.04,0.07,0.0,255,7,0.03,0.08,0.0,0.0,1.0,1.0,0.0,0.0,neptune
0,udp,domain_u,SF,32,86,0,0,0,0,0,0,0,0,0,0,0,0,0,0,0,0,1,8,0.0,0.0,0.0,0.0,1.0,0.0,0.62,13,9,0.69,0.15,0.08,0.0,0.0,0.0,0.0,0.0,normal
0,udp,domain_u,SF,44,158,0,0,0,0,0,0,0,0,0,0,0,0,0,0,0,0,195,195,0.0,0.0,0.0,0.0,1.0,0.0,0.0,120,81,0.68,0.03,0.01,0.0,0.0,0.0,0.0,0.0,normal
0,tcp,nntp,S0,0,0,0,0,0,0,0,0,0,0,0,0,0,0,0,0,0,0,281,24,1.0,1.0,0.0,0.0,0.09,0.05,0.0,255,24,0.09,0.05,0.0,0.0,1.0,1.0,0.0,0.0,neptune
0,tcp,http,REJ,0,0,0,0,0,0,0,0,0,0,0,0,0,0,0,0,0,0,1,1,0.0,0.0,1.0,1.0,1.0,0.0,0.0,78,245,1.0,0.0,0.01,0.16,0.0,0.0,0.96,0.95,normal
0,icmp,eco_i,SF,8,0,0,0,0,0,0,0,0,0,0,0,0,0,0,0,0,0,1,46,0.0,0.0,0.0,0.0,1.0,0.0,1.0,2,28,1.0,0.0,1.0,0.5,0.0,0.0,0.0,0.0,ipsweep
0,udp,domain_u,SF,44,75,0,0,0,0,0,0,0,0,0,0,0,0,0,0,0,0,272,272,0.0,0.0,0.0,0.0,1.0,0.01,0.01,255,254,1.0,0.01,0.0,0.0,0.0,0.0,0.0,0.0,normal
0,tcp,http,SF,240,17662,0,0,0,0,0,1,0,0,0,0,0,0,0,0,0,0,35,35,0.0,0.0,0.0,0.0,1.0,0.0,0.0,255,255,1.0,0.0,0.0,0.0,0.0,0.0,0.0,0.0,normal
0,tcp,http,SF,225,434,0,0,0,0,0,1,0,0,0,0,0,0,0,0,0,0,26,36,0.0,0.0,0.0,0.0,1.0,0.0,0.06,255,255,1.0,0.0,0.0,0.0,0.0,0.0,0.0,0.0,normal
0,tcp,http,SF,205,27264,0,0,0,0,0,1,0,0,0,0,0,0,0,0,0,0,2,3,0.0,0.0,0.0,0.0,1.0,0.0,0.67,15,255,1.0,0.0,0.07,0.02,0.0,0.01,0.0,0.0,normal
0,udp,private,SF,105,147,0,0,0,0,0,0,0,0,0,0,0,0,0,0,0,0,1,1,0.0,0.0,0.0,0.0,1.0,0.0,0.0,67,66,0.99,0.03,0.01,0.0,0.0,0.0,0.0,0.0,normal
0,tcp,echo,S0,0,0,0,0,0,0,0,0,0,0,0,0,0,0,0,0,0,0,204,7,1.0,1.0,0.0,0.0,0.03,0.06,0.0,255,20,0.08,0.07,0.0,0.0,1.0,1.0,0.0,0.0,neptune
0,tcp,http,SF,322,1721,0,0,0,0,0,1,0,0,0,0,0,0,0,0,0,0,8,10,0.0,0.0,0.0,0.0,1.0,0.0,0.3,255,255,1.0,0.0,0.0,0.0,0.0,0.0,0.01,0.01,normal
0,tcp,http,SF,167,657,0,0,0,0,0,1,0,0,0,0,0,0,0,0,0,0,1,1,0.0,0.0,0.0,0.0,1.0,0.0,0.0,1,255,1.0,0.0,1.0,0.01,0.0,0.0,0.0,0.0,normal
0,icmp,eco_i,SF,30,0,0,0,0,0,0,0,0,0,0,0,0,0,0,0,0,0,3,1,0.0,0.0,0.0,0.0,0.33,0.67,0.0,255,4,0.02,0.01,0.02,0.0,0.0,0.0,0.0,0.0,normal
0,tcp,http,SF,312,383,0,0,0,0,0,1,0,0,0,0,0,0,0,0,0,0,2,3,0.0,0.0,0.0,0.0,1.0,0.0,0.67,67,255,1.0,0.0,0.01,0.08,0.0,0.0,0.0,0.0,normal
0,tcp,nnsp,S0,0,0,0,0,0,0,0,0,0,0,0,0,0,0,0,0,0,0,106,1,1.0,1.0,0.0,0.0,0.01,0.08,0.0,255,1,0.0,0.06,0.0,0.0,1.0,1.0,0.0,0.0,neptune
0,tcp,ftp_data,REJ,0,0,0,0,0,0,0,0,0,0,0,0,0,0,0,0,0,0,229,15,0.0,0.0,1.0,1.0,0.07,0.06,0.0,255,15,0.06,0.07,0.0,0.0,0.0,0.0,1.0,1.0,neptune
0,udp,other,SF,147,0,0,0,0,0,0,0,0,0,0,0,0,0,0,0,0,0,1,1,0.0,0.0,0.0,0.0,1.0,0.0,0.0,255,1,0.0,0.53,0.95,0.0,0.0,0.0,0.0,0.0,normal
0,tcp,private,S0,0,0,0,0,0,0,0,0,0,0,0,0,0,0,0,0,0,0,129,14,1.0,1.0,0.0,0.0,0.11,0.06,0.0,255,13,0.05,0.06,0.0,0.0,1.0,1.0,0.0,0.0,neptune
0,tcp,finger,S0,0,0,0,0,0,0,0,0,0,0,0,0,0,0,0,0,0,0,1,1,1.0,1.0,0.0,0.0,1.0,0.0,0.0,255,57,0.22,0.04,0.0,0.0,1.0,1.0,0.0,0.0,neptune
0,tcp,telnet,S0,0,0,0,0,0,0,0,0,0,0,0,0,0,0,0,0,0,0,65,10,1.0,1.0,0.0,0.0,0.15,0.09,0.0,255,10,0.04,0.07,0.0,0.0,1.0,1.0,0.0,0.0,neptune
0,tcp,Z39_50,REJ,0,0,0,0,0,0,0,0,0,0,0,0,0,0,0,0,0,0,117,11,0.0,0.0,1.0,1.0,0.09,0.07,0.0,255,11,0.04,0.07,0.0,0.0,0.0,0.0,1.0,1.0,neptune
0,udp,domain_u,SF,46,46,0,0,0,0,0,0,0,0,0,0,0,0,0,0,0,0,4,9,0.0,0.0,0.0,0.0,1.0,0.0,0.22,255,255,1.0,0.0,0.0,0.0,0.0,0.0,0.0,0.0,normal
0,tcp,private,REJ,0,0,0,0,0,0,0,0,0,0,0,0,0,0,0,0,0,0,2,1,0.0,0.0,1.0,1.0,0.5,1.0,0.0,255,1,0.0,0.48,0.45,0.0,0.0,0.0,0.46,1.0,portsweep
0,tcp,ftp_data,SF,1874,0,0,0,0,0,0,1,0,0,0,0,0,0,0,0,0,0,12,12,0.0,0.0,0.0,0.0,1.0,0.0,0.0,255,81,0.32,0.02,0.32,0.0,0.0,0.0,0.03,0.0,normal
0,icmp,ecr_i,SF,1032,0,0,0,0,0,0,0,0,0,0,0,0,0,0,0,0,0,190,190,0.0,0.0,0.0,0.0,1.0,0.0,0.0,255,190,0.75,0.01,0.75,0.0,0.0,0.0,0.0,0.0,smurf
0,tcp,private,REJ,0,0,0,0,0,0,0,0,0,0,0,0,0,0,0,0,0,0,283,17,0.0,0.0,1.0,1.0,0.06,0.06,0.0,255,17,0.07,0.06,0.0,0.0,0.0,0.0,1.0,1.0,neptune
0,tcp,private,S0,0,0,0,0,0,0,0,0,0,0,0,0,0,0,0,0,0,0,27,1,1.0,1.0,0.0,0.0,0.04,0.11,0.0,255,14,0.05,0.07,0.0,0.0,1.0,1.0,0.0,0.0,neptune
0,udp,private,SF,1,0,0,0,0,0,0,0,0,0,0,0,0,0,0,0,0,0,37,2,0.0,0.0,0.0,0.0,0.05,0.11,0.0,255,2,0.01,0.67,0.36,0.0,0.16,0.0,0.49,0.0,satan
0,tcp,http,SF,352,2251,0,0,0,0,0,1,0,0,0,0,0,0,0,0,0,0,10,21,0.0,0.0,0.0,0.0,1.0,0.0,0.24,147,219,1.0,0.0,0.01,0.03,0.0,0.0,0.0,0.0,normal
0,tcp,http,SF,278,563,0,0,0,0,0,1,0,0,0,0,0,0,0,0,0,0,6,14,0.0,0.0,0.0,0.0,1.0,0.0,0.14,6,255,1.0,0.0,0.17,0.06,0.0,0.0,0.0,0.0,normal
0,tcp,Z39_50,REJ,0,0,0,0,0,0,0,0,0,0,0,0,0,0,0,0,0,0,278,18,0.0,0.0,1.0,1.0,0.06,0.06,0.0,255,18,0.07,0.07,0.0,0.0,0.0,0.0,1.0,1.0,neptune
0,tcp,private,S0,0,0,0,0,0,0,0,0,0,0,0,0,0,0,0,0,0,0,291,23,1.0,1.0,0.0,0.0,0.08,0.04,0.0,255,19,0.07,0.05,0.0,0.0,1.0,1.0,0.0,0.0,neptune
0,tcp,http,SF,331,7054,0,0,0,0,0,1,0,0,0,0,0,0,0,0,0,0,18,18,0.0,0.0,0.0,0.0,1.0,0.0,0.0,18,255,1.0,0.0,0.06,0.04,0.0,0.0,0.0,0.0,normal
0,tcp,smtp,SF,2024,333,0,0,0,0,0,1,0,0,0,0,0,0,0,0,0,0,1,1,0.0,0.0,0.0,0.0,1.0,0.0,0.0,213,177,0.7,0.02,0.0,0.01,0.0,0.0,0.0,0.0,normal
0,tcp,http,SF,171,9070,0,0,0,0,0,1,0,0,0,0,0,0,0,0,0,0,1,1,0.0,0.0,0.0,0.0,1.0,0.0,0.0,2,255,1.0,0.0,0.5,0.07,0.0,0.01,0.0,0.01,normal
7761,tcp,telnet,SF,284,1726,0,0,0,0,3,1,0,0,0,0,0,0,0,0,0,0,1,1,0.0,0.0,0.0,0.0,1.0,0.0,0.0,212,21,0.1,0.03,0.0,0.0,0.01,0.1,0.08,0.0,normal
0,tcp,private,S0,0,0,0,0,0,0,0,0,0,0,0,0,0,0,0,0,0,0,247,11,1.0,1.0,0.0,0.0,0.04,0.06,0.0,255,2,0.01,0.08,0.0,0.0,1.0,1.0,0.0,0.0,neptune
0,tcp,http,SF,207,1588,0,0,0,0,0,1,0,0,0,0,0,0,0,0,0,0,1,8,0.0,0.0,0.0,0.0,1.0,0.0,0.38,116,255,1.0,0.0,0.01,0.01,0.0,0.0,0.0,0.0,normal
0,tcp,uucp_path,S0,0,0,0,0,0,0,0,0,0,0,0,0,0,0,0,0,0,0,250,4,1.0,1.0,0.0,0.0,0.02,0.06,0.0,255,17,0.07,0.07,0.0,0.0,1.0,1.0,0.0,0.0,neptune
0,tcp,finger,S0,0,0,0,0,0,0,0,0,0,0,0,0,0,0,0,0,0,0,60,16,1.0,1.0,0.0,0.0,0.27,0.07,0.0,255,59,0.23,0.04,0.02,0.0,1.0,1.0,0.0,0.0,neptune
0,tcp,private,S0,0,0,0,0,0,0,0,0,0,0,0,0,0,0,0,0,0,0,116,8,1.0,1.0,0.0,0.0,0.07,0.06,0.0,255,6,0.02,0.07,0.0,0.0,1.0,1.0,0.0,0.0,neptune
0,udp,domain_u,SF,45,134,0,0,0,0,0,0,0,0,0,0,0,0,0,0,0,0,67,147,0.0,0.0,0.0,0.0,0.99,0.03,0.01,255,236,0.93,0.01,0.0,0.0,0.0,0.0,0.0,0.0,normal
0,tcp,http,SF,307,482,0,0,0,0,0,1,0,0,0,0,0,0,0,0,0,0,21,23,0.0,0.0,0.0,0.0,1.0,0.0,0.13,255,255,1.0,0.0,0.0,0.0,0.0,0.0,0.0,0.0,normal
0,tcp,http,SF,254,2838,0,0,0,0,0,1,0,0,0,0,0,0,0,0,0,0,24,24,0.0,0.0,0.0,0.0,1.0,0.0,0.0,82,255,1.0,0.0,0.01,0.02,0.0,0.0,0.0,0.0,normal
0,udp,domain_u,SF,36,0,0,0,0,0,0,0,0,0,0,0,0,0,0,0,0,0,1,2,0.0,0.0,0.0,0.0,1.0,0.0,1.0,233,30,0.06,0.03,0.06,0.07,0.0,0.0,0.0,0.0,normal
0,udp,domain_u,SF,44,133,0,0,0,0,0,0,0,0,0,0,0,0,0,0,0,0,69,149,0.0,0.0,0.0,0.0,1.0,0.0,0.01,255,254,1.0,0.01,0.0,0.0,0.0,0.0,0.0,0.0,normal
0,tcp,private,REJ,0,0,0,0,0,0,0,0,0,0,0,0,0,0,0,0,0,0,61,1,0.02,0.0,0.92,1.0,0.02,1.0,0.0,255,1,0.0,0.27,0.0,0.0,0.0,0.0,0.23,1.0,satan
0,tcp,http,SF,290,1722,0,0,0,0,0,1,0,0,0,0,0,0,0,0,0,0,1,6,0.0,0.0,0.0,0.0,1.0,0.0,0.33,12,255,1.0,0.0,0.08,0.05,0.0,0.0,0.0,0.0,normal
0,tcp,private,S0,0,0,0,0,0,0,0,0,0,0,0,0,0,0,0,0,0,0,266,4,1.0,1.0,0.0,0.0,0.02,0.06,0.0,255,11,0.04,0.08,0.0,0.0,1.0,1.0,0.0,0.0,neptune
0,tcp,http,SF,233,2010,0,0,0,0,0,1,0,0,0,0,0,0,0,0,0,0,6,6,0.0,0.0,0.0,0.0,1.0,0.0,0.0,255,255,1.0,0.0,0.0,0.0,0.0,0.0,0.0,0.0,normal
0,tcp,other,SF,10272,0,0,0,0,0,0,1,0,0,0,0,1,0,0,0,0,0,8,1,0.12,0.0,0.0,0.0,0.12,0.75,0.0,80,1,0.01,0.1,0.25,0.0,0.03,0.0,0.0,0.0,normal
0,udp,domain_u,SF,42,42,0,0,0,0,0,0,0,0,0,0,0,0,0,0,0,0,6,8,0.0,0.0,0.0,0.0,1.0,0.0,0.25,207,201,0.97,0.01,0.0,0.0,0.0,0.0,0.0,0.0,normal
0,udp,domain_u,SF,46,80,0,0,0,0,0,0,0,0,0,0,0,0,0,0,0,0,289,289,0.0,0.0,0.0,0.0,1.0,0.0,0.0,255,254,1.0,0.01,0.0,0.0,0.0,0.0,0.0,0.0,normal
0,tcp,http,REJ,0,0,0,0,0,0,0,0,0,0,0,0,0,0,0,0,0,0,1,1,0.0,0.0,1.0,1.0,1.0,0.0,0.0,36,238,1.0,0.0,0.03,0.24,0.0,0.0,1.0,1.0,normal
0,tcp,http,REJ,0,0,0,0,0,0,0,0,0,0,0,0,0,0,0,0,0,0,4,4,0.0,0.0,0.75,0.75,1.0,0.0,0.0,38,255,1.0,0.0,0.03,0.17,0.0,0.0,0.95,0.99,normal
0,tcp,http,REJ,0,0,0,0,0,0,0,0,0,0,0,0,0,0,0,0,0,0,1,1,0.0,0.0,1.0,1.0,1.0,0.0,0.0,8,255,1.0,0.0,0.12,0.09,0.0,0.0,1.0,0.69,normal
0,tcp,private,REJ,0,0,0,0,0,0,0,0,0,0,0,0,0,0,0,0,0,0,15,1,0.0,0.0,0.87,1.0,0.07,1.0,0.0,255,1,0.0,0.1,0.0,0.0,0.0,0.0,0.06,1.0,satan
0,tcp,http,SF,295,741,0,0,0,0,0,1,0,0,0,0,0,0,0,0,0,0,39,71,0.0,0.0,0.0,0.0,1.0,0.0,0.04,255,255,1.0,0.0,0.0,0.0,0.0,0.0,0.0,0.0,normal
0,tcp,http,SF,213,564,0,0,0,0,0,1,0,0,0,0,0,0,0,0,0,0,8,8,0.0,0.0,0.0,0.0,1.0,0.0,0.0,14,255,1.0,0.0,0.07,0.04,0.0,0.0,0.0,0.0,normal
0,tcp,http,SF,224,724,0,0,0,0,0,1,0,0,0,0,0,0,0,0,0,0,25,26,0.0,0.0,0.0,0.0,1.0,0.0,0.08,149,255,1.0,0.0,0.01,0.02,0.0,0.0,0.0,0.0,normal
0,tcp,http,SF,258,1548,0,0,0,0,0,1,0,0,0,0,0,0,0,0,0,0,11,12,0.0,0.0,0.0,0.0,1.0,0.0,0.17,20,255,1.0,0.0,0.05,0.04,0.0,0.0,0.0,0.0,normal
2,tcp,smtp,SF,1012,329,0,0,0,0,0,1,0,0,0,0,0,0,0,0,0,0,1,2,0.0,0.0,0.0,0.0,1.0,0.0,1.0,151,105,0.7,0.04,0.01,0.0,0.0,0.0,0.0,0.0,normal
0,udp,domain_u,SF,146,46,0,0,0,0,0,0,0,0,0,0,0,0,0,0,0,0,245,244,0.0,0.0,0.0,0.0,1.0,0.01,0.0,134,101,0.75,0.01,0.2,0.0,0.0,0.0,0.0,0.0,normal
0,tcp,http,SF,184,563,0,0,0,0,0,1,0,0,0,0,0,0,0,0,0,0,9,9,0.0,0.0,0.0,0.0,1.0,0.0,0.0,9,255,1.0,0.0,0.11,0.03,0.0,0.0,0.0,0.0,normal
0,tcp,http,REJ,0,0,0,0,0,0,0,0,0,0,0,0,0,0,0,0,0,0,1,1,0.0,0.0,1.0,1.0,1.0,0.0,0.0,1,165,1.0,0.0,1.0,0.05,0.0,0.0,1.0,0.84,normal
1,tcp,smtp,SF,781,326,0,0,0,0,0,1,0,0,0,0,0,0,0,0,0,0,1,3,0.0,0.0,0.0,0.0,1.0,0.0,1.0,5,4,0.8,0.4,0.2,0.0,0.0,0.0,0.0,0.0,normal
0,icmp,ecr_i,SF,1480,0,0,1,0,0,0,0,0,0,0,0,0,0,0,0,0,0,15,15,0.0,0.0,0.0,0.0,1.0,0.0,0.0,99,15,0.15,0.04,0.15,0.0,0.0,0.0,0.0,0.0,pod
0,tcp,http,SF,241,6693,0,0,0,0,0,1,0,0,0,0,0,0,0,0,0,0,15,15,0.0,0.0,0.0,0.0,1.0,0.0,0.0,104,255,1.0,0.0,0.01,0.02,0.0,0.0,0.0,0.0,normal
0,tcp,private,S0,0,0,0,0,0,0,0,0,0,0,0,0,0,0,0,0,0,0,218,3,1.0,1.0,0.0,0.0,0.01,0.06,0.0,255,3,0.01,0.08,0.0,0.0,1.0,1.0,0.0,0.0,neptune
0,tcp,echo,S0,0,0,0,0,0,0,0,0,0,0,0,0,0,0,0,0,0,0,242,6,1.0,1.0,0.0,0.0,0.02,0.06,0.0,255,6,0.02,0.07,0.0,0.0,1.0,1.0,0.0,0.0,neptune
0,tcp,private,S0,0,0,0,0,0,0,0,0,0,0,0,0,0,0,0,0,0,0,198,18,0.99,1.0,0.0,0.0,0.09,0.07,0.0,255,3,0.01,0.07,0.0,0.0,1.0,1.0,0.0,0.0,neptune
0,udp,domain_u,SF,45,128,0,0,0,0,0,0,0,0,0,0,0,0,0,0,0,0,127,207,0.0,0.0,0.0,0.0,1.0,0.0,0.01,255,255,1.0,0.0,0.0,0.0,0.0,0.0,0.0,0.0,normal
0,tcp,iso_tsap,S0,0,0,0,0,0,0,0,0,0,0,0,0,0,0,0,0,0,0,240,14,1.0,1.0,0.0,0.0,0.06,0.07,0.0,255,14,0.05,0.07,0.0,0.0,1.0,1.0,0.0,0.0,neptune
0,tcp,private,S0,0,0,0,0,0,0,0,0,0,0,0,0,0,0,0,0,0,0,132,11,1.0,1.0,0.0,0.0,0.08,0.06,0.0,255,12,0.05,0.06,0.0,0.0,1.0,1.0,0.0,0.0,neptune
0,tcp,http,SF,360,3737,0,0,0,0,0,1,0,0,0,0,0,0,0,0,0,0,7,7,0.0,0.0,0.0,0.0,1.0,0.0,0.0,255,255,1.0,0.0,0.0,0.0,0.0,0.0,0.0,0.0,normal
0,tcp,private,REJ,0,0,0,0,0,0,0,0,0,0,0,0,0,0,0,0,0,0,139,16,0.0,0.0,1.0,1.0,0.12,0.06,0.0,255,16,0.06,0.07,0.0,0.0,0.0,0.0,1.0,1.0,neptune
0,tcp,http,SF,294,1600,0,0,0,0,0,1,0,0,0,0,0,0,0,0,0,0,10,10,0.0,0.0,0.0,0.0,1.0,0.0,0.0,255,255,1.0,0.0,0.0,0.0,0.01,0.01,0.0,0.0,normal
0,tcp,private,S0,0,0,0,0,0,0,0,0,0,0,0,0,0,0,0,0,0,0,168,6,1.0,1.0,0.0,0.0,0.04,0.07,0.0,255,11,0.04,0.08,0.0,0.0,1.0,1.0,0.0,0.0,neptune
0,tcp,http,SF,334,2840,0,0,0,0,0,1,0,0,0,0,0,0,0,0,0,0,8,8,0.0,0.0,0.0,0.0,1.0,0.0,0.0,8,255,1.0,0.0,0.12,0.02,0.0,0.0,0.0,0.01,normal
0,tcp,http,SF,200,4091,0,0,0,0,0,1,0,0,0,0,0,0,0,0,0,0,1,2,0.0,0.0,0.0,0.5,1.0,0.0,1.0,255,249,0.98,0.01,0.0,0.0,0.0,0.0,0.0,0.0,normal
0,tcp,private,S0,0,0,0,0,0,0,0,0,0,0,0,0,0,0,0,0,0,0,18,4,1.0,1.0,0.0,0.0,0.22,0.28,0.0,255,8,0.03,0.08,0.0,0.0,1.0,1.0,0.0,0.0,neptune
0,tcp,mtp,S0,0,0,0,0,0,0,0,0,0,0,0,0,0,0,0,0,0,0,289,3,1.0,1.0,0.0,0.0,0.01,0.05,0.0,255,3,0.01,0.05,0.0,0.0,1.0,1.0,0.0,0.0,neptune
0,tcp,http,SF,158,2024,0,0,0,0,0,1,0,0,0,0,0,0,0,0,0,0,2,2,0.0,0.0,0.0,0.0,1.0,0.0,0.0,15,255,1.0,0.0,0.07,0.06,0.0,0.0,0.0,0.0,normal
0,tcp,smtp,SF,1684,404,0,0,0,0,0,1,0,0,0,0,0,0,0,0,0,0,1,1,0.0,0.0,0.0,0.0,1.0,0.0,0.0,255,63,0.25,0.05,0.0,0.0,0.48,0.0,0.02,0.0,normal
28,udp,domain_u,SF,44,44,0,0,0,0,0,0,0,0,0,0,0,0,0,0,0,0,3,2,0.0,0.0,0.0,0.0,0.33,0.67,1.0,65,62,0.95,0.03,0.02,0.0,0.0,0.0,0.0,0.0,normal
96,tcp,http,SF,232,259,0,0,0,0,0,1,0,0,0,0,0,0,0,0,0,0,4,8,0.0,0.0,0.0,0.0,1.0,0.0,0.38,255,246,0.96,0.01,0.0,0.0,0.0,0.0,0.0,0.0,normal
0,tcp,other,SF,16787,0,0,0,0,0,0,1,0,0,0,0,1,0,0,0,0,0,9,1,0.11,0.0,0.0,0.0,0.11,0.33,0.0,75,1,0.01,0.11,0.31,0.0,0.01,0.0,0.01,0.0,normal
0,tcp,ftp_data,SF,641,0,0,0,0,0,0,1,0,0,0,0,0,0,0,0,0,0,2,2,0.0,0.0,0.0,0.0,1.0,0.0,0.0,108,56,0.1,0.16,0.19,0.04,0.03,0.02,0.0,0.0,normal
0,tcp,uucp_path,S0,0,0,0,0,0,0,0,0,0,0,0,0,0,0,0,0,0,0,125,10,1.0,1.0,0.0,0.0,0.08,0.06,0.0,255,10,0.04,0.06,0.0,0.0,1.0,1.0,0.0,0.0,neptune
0,udp,private,SF,1,0,0,0,0,0,0,0,0,0,0,0,0,0,0,0,0,0,21,16,0.0,0.0,0.0,0.0,0.76,0.19,0.0,255,16,0.06,0.22,1.0,0.0,0.0,0.0,0.0,0.0,satan
0,tcp,private,REJ,0,0,0,0,0,0,0,0,0,0,0,0,0,0,0,0,0,0,142,4,0.0,0.0,1.0,1.0,0.03,0.06,0.0,255,4,0.02,0.05,0.0,0.0,0.0,0.0,1.0,1.0,neptune
0,icmp,ecr_i,SF,30,0,0,0,0,0,0,0,0,0,0,0,0,0,0,0,0,0,2,2,0.0,0.0,0.0,0.0,1.0,0.0,0.0,179,179,1.0,0.0,1.0,0.0,0.0,0.0,0.0,0.0,normal
0,tcp,http,SF,229,6341,0,0,0,0,0,1,0,0,0,0,0,0,0,0,0,0,10,10,0.0,0.0,0.0,0.0,1.0,0.0,0.0,16,255,1.0,0.0,0.06,0.07,0.0,0.0,0.0,0.0,normal
0,tcp,finger,S0,0,0,0,0,0,0,0,0,0,0,0,0,0,0,0,0,0,0,234,2,1.0,1.0,0.0,0.0,0.01,0.06,0.0,255,14,0.05,0.08,0.0,0.0,1.0,1.0,0.0,0.0,neptune
27,tcp,ftp,SF,908,2720,0,0,0,19,0,1,0,0,0,0,0,0,0,0,0,1,1,1,0.0,0.0,0.0,0.0,1.0,0.0,0.0,125,17,0.14,0.57,0.01,0.0,0.0,0.0,0.52,0.06,normal
0,tcp,other,REJ,0,0,0,0,0,0,0,0,0,0,0,0,0,0,0,0,0,0,440,1,0.08,0.0,0.92,1.0,0.0,1.0,0.0,255,1,0.0,1.0,0.0,0.0,0.06,0.0,0.94,1.0,satan
0,tcp,http,SF,306,560,0,0,0,0,0,1,0,0,0,0,0,0,0,0,0,0,11,11,0.0,0.0,0.0,0.0,1.0,0.0,0.0,11,87,1.0,0.0,0.09,0.08,0.0,0.0,0.0,0.0,normal
0,tcp,smtp,SF,977,331,0,0,0,0,0,1,0,0,0,0,0,0,0,0,0,0,1,1,0.0,0.0,0.0,0.0,1.0,0.0,0.0,9,136,0.89,0.22,0.11,0.01,0.0,0.0,0.0,0.0,normal
0,tcp,http,SF,236,5549,0,0,0,0,0,1,0,0,0,0,0,0,0,0,0,0,5,6,0.0,0.0,0.0,0.0,1.0,0.0,0.33,71,255,1.0,0.0,0.01,0.04,0.0,0.0,0.0,0.0,normal
0,icmp,eco_i,SF,8,0,0,0,0,0,0,0,0,0,0,0,0,0,0,0,0,0,1,47,0.0,0.0,0.0,0.0,1.0,0.0,1.0,1,73,1.0,0.0,1.0,0.26,0.0,0.0,0.0,0.0,nmap
0,tcp,private,S0,0,0,0,0,0,0,0,0,0,0,0,0,0,0,0,0,0,0,299,7,1.0,1.0,0.0,0.0,0.02,0.06,0.0,255,3,0.01,0.09,0.0,0.0,1.0,1.0,0.0,0.0,neptune
0,tcp,http,SF,306,1380,0,0,0,0,0,1,0,0,0,0,0,0,0,0,0,0,4,4,0.0,0.0,0.0,0.0,1.0,0.0,0.0,255,249,0.98,0.01,0.0,0.0,0.0,0.0,0.01,0.01,normal
0,tcp,http,SF,306,304,0,0,0,0,0,1,0,0,0,0,0,0,0,0,0,0,4,5,0.0,0.0,0.0,0.0,1.0,0.0,0.4,58,255,1.0,0.0,0.02,0.02,0.0,0.0,0.0,0.0,normal
0,tcp,http,SF,203,15080,0,0,0,0,0,1,0,0,0,0,0,0,0,0,0,0,6,6,0.0,0.0,0.0,0.0,1.0,0.0,0.0,255,255,1.0,0.0,0.0,0.0,0.0,0.0,0.0,0.0,normal
0,tcp,private,REJ,0,0,0,0,0,0,0,0,0,0,0,0,0,0,0,0,0,0,110,7,0.0,0.0,1.0,1.0,0.06,0.07,0.0,85,7,0.08,0.09,0.01,0.0,0.0,0.0,1.0,1.0,neptune
0,tcp,http,REJ,0,0,0,0,0,0,0,0,0,0,0,0,0,0,0,0,0,0,1,1,0.0,0.0,1.0,1.0,1.0,0.0,0.0,45,255,1.0,0.0,0.02,0.13,0.0,0.0,0.42,0.88,normal
0,tcp,http,SF,226,509,0,0,0,0,0,1,0,0,0,0,0,0,0,0,0,0,1,1,0.0,0.0,0.0,0.0,1.0,0.0,0.0,45,255,1.0,0.0,0.02,0.05,0.0,0.0,0.0,0.0,normal
0,tcp,courier,S0,0,0,0,0,0,0,0,0,0,0,0,0,0,0,0,0,0,0,116,22,1.0,1.0,0.0,0.0,0.19,0.05,0.0,255,22,0.09,0.05,0.0,0.0,1.0,1.0,0.0,0.0,neptune
0,tcp,private,S0,0,0,0,0,0,0,0,0,0,0,0,0,0,0,0,0,0,0,227,6,1.0,1.0,0.0,0.0,0.03,0.07,0.0,255,15,0.06,0.07,0.0,0.0,1.0,1.0,0.0,0.0,neptune
0,tcp,supdup,S0,0,0,0,0,0,0,0,0,0,0,0,0,0,0,0,0,0,0,120,19,1.0,1.0,0.0,0.0,0.16,0.08,0.0,255,19,0.07,0.07,0.0,0.0,1.0,1.0,0.0,0.0,neptune
0,udp,domain_u,SF,45,134,0,0,0,0,0,0,0,0,0,0,0,0,0,0,0,0,74,154,0.0,0.0,0.0,0.0,1.0,0.0,0.01,255,254,1.0,0.01,0.0,0.0,0.0,0.0,0.0,0.0,normal
0,udp,domain_u,SF,44,131,0,0,0,0,0,0,0,0,0,0,0,0,0,0,0,0,179,179,0.0,0.0,0.0,0.0,1.0,0.0,0.0,255,255,1.0,0.0,0.0,0.0,0.0,0.0,0.0,0.0,normal
0,tcp,ftp_data,SF,192,0,0,0,0,0,0,1,0,0,0,0,0,0,0,0,0,0,2,2,0.0,0.0,0.0,0.0,1.0,0.0,0.0,32,74,0.31,0.09,0.31,0.03,0.0,0.0,0.0,0.0,normal
0,tcp,uucp_path,S0,0,0,0,0,0,0,0,0,0,0,0,0,0,0,0,0,0,0,274,13,1.0,1.0,0.0,0.0,0.05,0.05,0.0,255,4,0.02,0.08,0.0,0.0,1.0,1.0,0.0,0.0,neptune
0,tcp,klogin,S0,0,0,0,0,0,0,0,0,0,0,0,0,0,0,0,0,0,0,135,1,1.0,1.0,0.0,0.0,0.01,0.06,0.0,255,10,0.04,0.05,0.0,0.0,1.0,1.0,0.0,0.0,neptune
0,tcp,gopher,S0,0,0,0,0,0,0,0,0,0,0,0,0,0,0,0,0,0,0,217,17,1.0,1.0,0.0,0.0,0.08,0.05,0.0,255,17,0.07,0.06,0.0,0.0,1.0,1.0,0.0,0.0,neptune
0,tcp,http,SF,333,1301,0,0,0,0,0,1,0,0,0,0,0,0,0,0,0,0,14,14,0.0,0.0,0.0,0.0,1.0,0.0,0.0,255,255,1.0,0.0,0.0,0.0,0.0,0.0,0.0,0.0,normal
0,icmp,eco_i,SF,18,0,0,0,0,0,0,0,0,0,0,0,0,0,0,0,0,0,1,1,0.0,0.0,0.0,0.0,1.0,0.0,0.0,4,24,1.0,0.0,1.0,0.25,0.0,0.0,0.0,0.0,ipsweep
0,tcp,Z39_50,REJ,0,0,0,0,0,0,0,0,0,0,0,0,0,0,0,0,0,0,102,2,0.0,0.0,1.0,1.0,0.02,0.07,0.0,255,2,0.01,0.07,0.0,0.0,0.0,0.0,1.0,1.0,neptune
0,udp,domain_u,SF,44,115,0,0,0,0,0,0,0,0,0,0,0,0,0,0,0,0,2,8,0.0,0.0,0.0,0.0,1.0,0.0,0.38,255,234,0.92,0.01,0.0,0.0,0.0,0.0,0.0,0.0,normal
0,tcp,http,SF,223,21786,0,0,0,0,0,1,0,0,0,0,0,0,0,0,0,0,3,3,0.0,0.0,0.0,0.0,1.0,0.0,0.0,55,255,1.0,0.0,0.02,0.05,0.0,0.0,0.0,0.0,normal
0,tcp,http,REJ,0,0,0,0,0,0,0,0,0,0,0,0,0,0,0,0,0,0,1,1,0.0,0.0,1.0,1.0,1.0,0.0,0.0,2,75,1.0,0.0,0.5,0.28,0.0,0.0,1.0,1.0,normal
0,tcp,discard,S0,0,0,0,0,0,0,0,0,0,0,0,0,0,0,0,0,0,0,245,3,1.0,1.0,0.0,0.0,0.01,0.06,0.0,255,3,0.01,0.06,0.0,0.0,1.0,1.0,0.0,0.0,neptune
0,tcp,http,SF,355,1587,0,0,0,0,0,1,0,0,0,0,0,0,0,0,0,0,7,7,0.0,0.0,0.0,0.0,1.0,0.0,0.0,103,255,1.0,0.0,0.01,0.03,0.0,0.0,0.0,0.0,normal
0,icmp,ecr_i,SF,1032,0,0,0,0,0,0,0,0,0,0,0,0,0,0,0,0,0,511,511,0.0,0.0,0.0,0.0,1.0,0.0,0.0,165,20,0.12,0.02,0.12,0.0,0.0,0.0,0.0,0.0,smurf
36151,tcp,private,RSTR,1,0,0,0,0,0,0,0,0,0,0,0,0,0,0,0,0,0,2,2,0.0,0.0,1.0,1.0,1.0,0.0,0.0,255,2,0.01,0.5,1.0,0.0,0.0,0.0,1.0,1.0,portsweep
0,tcp,http,SF,346,573,0,0,0,0,0,1,0,0,0,0,0,0,0,0,0,0,8,10,0.0,0.0,0.0,0.0,1.0,0.0,0.3,255,255,1.0,0.0,0.0,0.0,0.0,0.0,0.0,0.0,normal
0,tcp,ftp_data,S3,10,0,0,0,0,0,0,1,0,0,0,0,0,0,0,0,0,0,2,2,0.5,0.5,0.0,0.0,1.0,0.0,0.0,24,78,0.29,0.08,0.29,0.04,0.04,0.01,0.0,0.0,normal
0,tcp,http,SF,292,1569,0,0,0,0,0,1,0,0,0,0,0,0,0,0,0,0,11,33,0.0,0.0,0.0,0.0,1.0,0.0,0.09,215,255,1.0,0.0,0.0,0.01,0.0,0.0,0.0,0.0,normal
0,tcp,klogin,S0,0,0,0,0,0,0,0,0,0,0,0,0,0,0,0,0,0,0,139,4,1.0,1.0,0.0,0.0,0.03,0.06,0.0,255,4,0.02,0.06,0.0,0.0,1.0,1.0,0.0,0.0,neptune
0,tcp,http,SF,216,280,0,0,0,0,0,1,0,0,0,0,0,0,0,0,0,0,13,16,0.0,0.0,0.0,0.0,1.0,0.0,0.12,105,255,1.0,0.0,0.01,0.01,0.0,0.0,0.0,0.0,normal
0,tcp,http,SF,283,1368,0,0,0,0,0,1,0,0,0,0,0,0,0,0,0,0,1,1,0.0,0.0,0.0,0.0,1.0,0.0,0.0,1,255,1.0,0.0,1.0,0.01,0.0,0.0,0.0,0.0,normal
0,tcp,http,SF,198,1108,0,0,0,0,0,1,0,0,0,0,0,0,0,0,0,0,1,1,0.0,0.0,0.0,0.0,1.0,0.0,0.0,186,255,1.0,0.0,0.01,0.01,0.0,0.0,0.0,0.0,normal
0,tcp,http,SF,230,2304,0,0,0,0,0,1,0,0,0,0,0,0,0,0,0,0,1,1,0.0,0.0,0.0,0.0,1.0,0.0,0.0,43,255,1.0,0.0,0.02,0.03,0.0,0.0,0.0,0.0,normal
0,tcp,smtp,SF,937,332,0,0,0,0,0,1,0,0,0,0,0,0,0,0,0,0,1,2,0.0,0.0,0.0,0.0,1.0,0.0,1.0,101,127,0.61,0.06,0.02,0.02,0.0,0.0,0.0,0.0,normal
0,udp,other,SF,1,0,0,0,0,0,0,0,0,0,0,0,0,0,0,0,0,0,9,1,0.0,0.0,0.0,0.0,0.11,0.44,0.0,255,1,0.0,0.17,1.0,0.0,0.0,0.0,0.0,0.0,satan
0,tcp,http,SF,255,11167,0,0,0,0,0,1,0,0,0,0,0,0,0,0,0,0,6,8,0.0,0.0,0.0,0.0,1.0,0.0,0.25,164,255,1.0,0.0,0.01,0.02,0.0,0.0,0.02,0.01,normal
0,tcp,telnet,S0,0,0,0,0,0,0,0,0,0,0,0,0,0,0,0,0,0,0,55,11,1.0,1.0,0.0,0.0,0.2,0.07,0.0,255,58,0.23,0.02,0.02,0.0,1.0,1.0,0.0,0.0,neptune
22,tcp,X11,RSTR,3660,2016,0,0,0,0,0,1,0,0,0,0,0,0,0,0,0,0,2,2,0.0,0.0,0.5,0.5,1.0,0.0,0.0,6,6,1.0,0.0,0.17,0.0,0.17,0.17,0.17,0.17,normal
0,tcp,http,SF,270,355,0,0,0,0,0,1,0,0,0,0,0,0,0,0,0,0,4,5,0.0,0.0,0.0,0.0,1.0,0.0,0.4,74,250,1.0,0.0,0.01,0.1,0.0,0.0,0.18,0.34,normal
0,tcp,http,SF,224,280,0,0,0,0,0,1,0,0,0,0,0,0,0,0,0,0,10,12,0.0,0.0,0.0,0.0,1.0,0.0,0.17,255,255,1.0,0.0,0.0,0.0,0.0,0.0,0.0,0.0,normal
29,tcp,telnet,SF,664,139645,0,0,0,0,0,1,0,0,0,0,0,0,0,0,0,0,1,1,0.0,0.0,0.0,0.0,1.0,0.0,0.0,7,2,0.29,0.43,0.14,0.0,0.0,0.0,0.0,0.0,normal
0,tcp,telnet,S0,0,0,0,0,0,0,0,0,0,0,0,0,0,0,0,0,0,0,58,14,1.0,1.0,0.0,0.0,0.24,0.07,0.0,255,46,0.18,0.04,0.01,0.0,1.0,1.0,0.0,0.0,neptune
0,udp,domain_u,SF,43,43,0,0,0,0,0,0,0,0,0,0,0,0,0,0,0,0,217,217,0.0,0.0,0.0,0.0,1.0,0.0,0.0,255,255,1.0,0.0,0.0,0.0,0.0,0.0,0.0,0.0,normal
0,tcp,http,SF,231,1380,0,0,0,0,0,1,0,0,0,0,0,0,0,0,0,0,7,7,0.0,0.0,0.0,0.0,1.0,0.0,0.0,255,255,1.0,0.0,0.0,0.0,0.0,0.0,0.0,0.0,normal
0,tcp,http,SF,310,255,0,0,0,0,0,1,0,0,0,0,0,0,0,0,0,0,9,9,0.0,0.0,0.0,0.0,1.0,0.0,0.0,47,156,1.0,0.0,0.02,0.04,0.0,0.0,0.0,0.0,normal
19,udp,private,SF,105,147,0,0,0,0,0,0,0,0,0,0,0,0,0,0,0,0,2,2,0.0,0.0,0.0,0.0,1.0,0.0,0.0,255,204,0.8,0.01,0.01,0.0,0.0,0.0,0.0,0.0,normal
0,tcp,http,SF,211,811,0,0,0,0,0,1,0,0,0,0,0,0,0,0,0,0,6,6,0.0,0.0,0.0,0.0,1.0,0.0,0.0,231,255,1.0,0.0,0.0,0.02,0.0,0.0,0.0,0.0,normal
0,tcp,private,REJ,0,0,0,0,0,0,0,0,0,0,0,0,0,0,0,0,0,0,292,1,0.07,0.0,0.88,1.0,0.0,1.0,0.0,255,1,0.0,1.0,0.0,0.0,0.08,0.0,0.88,1.0,satan
0,tcp,http,SF,225,8159,0,0,0,0,0,1,0,0,0,0,0,0,0,0,0,0,13,17,0.0,0.0,0.0,0.0,1.0,0.0,0.18,62,255,1.0,0.0,0.02,0.02,0.0,0.0,0.0,0.0,normal
0,tcp,http,SF,306,2592,0,0,0,0,0,1,0,0,0,0,0,0,0,0,0,0,8,9,0.0,0.0,0.0,0.0,1.0,0.0,0.22,9,255,1.0,0.0,0.11,0.06,0.0,0.0,0.0,0.0,normal
0,tcp,ftp_data,SF,276,0,0,0,0,0,0,1,0,0,0,0,0,0,0,0,0,0,5,5,0.0,0.0,0.0,0.0,1.0,0.0,0.0,255,54,0.21,0.02,0.11,0.0,0.32,0.41,0.0,0.0,normal
0,tcp,http,SF,298,313,0,0,0,0,0,1,0,0,0,0,0,0,0,0,0,0,15,16,0.0,0.0,0.0,0.0,1.0,0.0,0.12,173,255,1.0,0.0,0.01,0.02,0.0,0.0,0.01,0.02,normal
0,udp,domain_u,SF,44,44,0,0,0,0,0,0,0,0,0,0,0,0,0,0,0,0,231,230,0.0,0.0,0.0,0.0,1.0,0.01,0.0,255,254,1.0,0.01,0.0,0.0,0.0,0.0,0.0,0.0,normal
0,tcp,ftp_data,S0,0,0,0,0,0,0,0,0,0,0,0,0,0,0,0,0,0,0,144,8,1.0,1.0,0.0,0.0,0.06,0.06,0.0,255,8,0.03,0.07,0.0,0.0,1.0,1.0,0.0,0.0,neptune
1540,udp,other,SF,147,105,0,0,0,0,0,0,0,0,0,0,0,0,0,0,0,0,1,1,0.0,0.0,0.0,0.0,1.0,0.0,0.0,255,2,0.01,0.53,0.87,0.0,0.0,0.0,0.0,0.0,normal
0,tcp,http,SF,298,9205,0,0,0,0,0,1,0,0,0,0,0,0,0,0,0,0,5,5,0.0,0.0,0.0,0.0,1.0,0.0,0.0,248,255,1.0,0.0,0.0,0.01,0.0,0.0,0.0,0.0,normal
0,tcp,login,S0,0,0,0,0,0,0,0,0,0,0,0,0,0,0,0,0,0,0,130,20,1.0,1.0,0.0,0.0,0.15,0.07,0.0,255,20,0.08,0.07,0.0,0.0,1.0,1.0,0.0,0.0,neptune
0,tcp,http,SF,200,3523,0,0,0,0,0,1,0,0,0,0,0,0,0,0,0,0,8,10,0.0,0.0,0.0,0.0,1.0,0.0,0.3,19,255,1.0,0.0,0.05,0.02,0.0,0.0,0.0,0.0,normal
0,udp,private,SF,28,0,0,3,0,0,0,0,0,0,0,0,0,0,0,0,0,0,34,33,0.0,0.0,0.03,0.0,0.97,0.06,0.0,255,33,0.13,0.02,0.13,0.0,0.0,0.0,0.67,0.0,teardrop
0,tcp,http,SF,327,2566,0,0,0,0,0,1,0,0,0,0,0,0,0,0,0,0,5,5,0.2,0.2,0.0,0.0,1.0,0.0,0.0,22,255,1.0,0.0,0.05,0.02,0.05,0.01,0.0,0.0,normal
0,tcp,telnet,S0,0,0,0,0,0,0,0,0,0,0,0,0,0,0,0,0,0,0,2,2,1.0,1.0,0.0,0.0,1.0,0.0,0.0,255,56,0.22,0.02,0.0,0.0,1.0,1.0,0.0,0.0,neptune
0,tcp,http,SF,190,365,0,0,0,0,0,1,0,0,0,0,0,0,0,0,0,0,15,15,0.0,0.0,0.0,0.0,1.0,0.0,0.0,239,255,1.0,0.0,0.0,0.01,0.0,0.0,0.0,0.0,normal
0,tcp,http,SF,160,497,0,0,0,0,0,1,0,0,0,0,0,0,0,0,0,0,2,2,0.0,0.0,0.0,0.0,1.0,0.0,0.0,41,255,1.0,0.0,0.02,0.02,0.05,0.01,0.0,0.0,normal
0,udp,domain_u,SF,42,42,0,0,0,0,0,0,0,0,0,0,0,0,0,0,0,0,9,15,0.0,0.0,0.0,0.0,1.0,0.0,0.2,255,251,0.98,0.01,0.0,0.0,0.0,0.0,0.0,0.0,normal
0,tcp,http,SF,289,4080,0,0,0,0,0,1,0,0,0,0,0,0,0,0,0,0,5,7,0.0,0.0,0.0,0.0,1.0,0.0,0.43,248,255,1.0,0.0,0.0,0.01,0.0,0.0,0.0,0.0,normal
2304,udp,other,SF,146,105,0,0,0,0,0,0,0,0,0,0,0,0,0,0,0,0,2,2,0.0,0.0,0.0,0.0,1.0,0.0,0.0,66,2,0.03,0.52,0.73,0.0,0.0,0.0,0.0,0.0,normal
0,tcp,http,SF,318,1748,0,0,0,0,0,1,0,0,0,0,0,0,0,0,0,0,7,8,0.0,0.0,0.0,0.0,1.0,0.0,0.25,8,99,1.0,0.0,0.12,0.12,0.0,0.0,0.0,0.0,normal
0,tcp,http,SF,54540,8314,0,0,0,2,0,1,1,0,0,0,0,0,0,0,0,0,3,3,0.0,0.0,0.0,0.0,1.0,0.0,0.0,98,98,1.0,0.0,0.01,0.0,0.0,0.0,0.15,0.15,back
0,tcp,http,SF,198,1413,0,0,0,0,0,1,0,0,0,0,0,0,0,0,0,0,18,18,0.0,0.0,0.0,0.0,1.0,0.0,0.0,255,255,1.0,0.0,0.0,0.0,0.0,0.0,0.0,0.0,normal
4,tcp,smtp,SF,1357,368,0,0,0,0,0,1,0,0,0,0,0,0,0,0,0,0,1,1,0.0,0.0,0.0,0.0,1.0,0.0,0.0,255,185,0.73,0.01,0.0,0.0,0.0,0.0,0.0,0.0,normal
0,tcp,private,S0,0,0,0,0,0,0,0,0,0,0,0,0,0,0,0,0,0,0,242,16,1.0,1.0,0.0,0.0,0.07,0.07,0.0,255,16,0.06,0.07,0.0,0.0,1.0,1.0,0.0,0.0,neptune
0,tcp,ftp_data,SF,373,0,0,0,0,0,0,1,0,0,0,0,0,0,0,0,0,0,5,5,0.0,0.0,0.0,0.0,1.0,0.0,0.0,130,41,0.28,0.05,0.28,0.05,0.02,0.0,0.0,0.0,normal
0,tcp,http,SF,286,1263,0,0,0,0,0,1,0,0,0,0,0,0,0,0,0,0,7,7,0.0,0.0,0.0,0.0,1.0,0.0,0.0,255,255,1.0,0.0,0.0,0.0,0.0,0.0,0.0,0.0,normal
0,tcp,http,SF,218,1769,0,0,0,0,0,1,0,0,0,0,0,0,0,0,0,0,2,2,0.0,0.0,0.0,0.0,1.0,0.0,0.0,255,255,1.0,0.0,0.0,0.0,0.0,0.0,0.0,0.0,normal
0,tcp,http,SF,306,309,0,0,0,0,0,1,0,0,0,0,0,0,0,0,0,0,7,7,0.0,0.0,0.0,0.0,1.0,0.0,0.0,255,255,1.0,0.0,0.0,0.0,0.0,0.0,0.0,0.0,normal
2,tcp,smtp,SF,1691,333,0,0,0,0,0,1,0,0,0,0,0,0,0,0,0,0,1,2,0.0,0.0,0.0,0.0,1.0,0.0,1.0,7,95,1.0,0.0,0.14,0.02,0.0,0.0,0.14,0.03,normal
0,tcp,http,SF,266,9895,0,0,0,0,0,1,0,0,0,0,0,0,0,0,0,0,10,10,0.0,0.0,0.0,0.0,1.0,0.0,0.0,255,255,1.0,0.0,0.0,0.0,0.0,0.0,0.0,0.0,normal
0,tcp,private,REJ,0,0,0,0,0,0,0,0,0,0,0,0,0,0,0,0,0,0,85,17,0.0,0.0,1.0,1.0,0.2,0.06,0.0,255,13,0.05,0.07,0.0,0.0,0.0,0.0,1.0,1.0,neptune
0,tcp,http,S1,275,13140,0,0,0,0,0,1,0,0,0,0,0,0,0,0,0,0,3,3,0.33,0.33,0.0,0.0,1.0,0.0,0.0,121,255,1.0,0.0,0.01,0.02,0.01,0.01,0.01,0.0,normal
0,tcp,echo,S0,0,0,0,0,0,0,0,0,0,0,0,0,0,0,0,0,0,0,224,17,1.0,1.0,0.0,0.0,0.08,0.06,0.0,255,17,0.07,0.07,0.0,0.0,1.0,1.0,0.0,0.0,neptune
0,tcp,ldap,S0,0,0,0,0,0,0,0,0,0,0,0,0,0,0,0,0,0,0,96,9,1.0,1.0,0.0,0.0,0.09,0.06,0.0,255,10,0.04,0.07,0.0,0.0,1.0,1.0,0.0,0.0,neptune
0,tcp,smtp,SF,1396,333,0,0,0,0,0,1,0,0,0,0,0,0,0,0,0,0,1,1,0.0,0.0,0.0,0.0,1.0,0.0,0.0,5,143,1.0,0.0,0.2,0.02,0.0,0.0,0.0,0.0,normal
0,tcp,http,SF,320,6396,0,0,0,0,0,1,0,0,0,0,0,0,0,0,0,0,14,14,0.0,0.0,0.0,0.0,1.0,0.0,0.0,14,255,1.0,0.0,0.07,0.03,0.0,0.0,0.0,0.0,normal
0,udp,private,SF,28,0,0,3,0,0,0,0,0,0,0,0,0,0,0,0,0,0,43,43,0.0,0.0,0.0,0.0,1.0,0.0,0.0,255,143,0.56,0.44,0.56,0.0,0.09,0.0,0.35,0.0,teardrop
0,tcp,ftp_data,SF,8737,0,0,0,0,0,0,1,0,0,0,0,0,0,0,0,0,0,11,11,0.0,0.0,0.0,0.0,1.0,0.0,0.0,72,76,0.38,0.07,0.38,0.03,0.0,0.0,0.0,0.0,normal
0,tcp,smtp,SF,2815,331,0,0,0,0,0,1,0,0,0,0,0,0,0,0,0,0,2,1,0.0,0.0,0.0,0.0,0.5,1.0,0.0,255,61,0.24,0.35,0.0,0.0,0.0,0.0,0.0,0.0,normal
0,tcp,http,REJ,0,0,0,0,0,0,0,0,0,0,0,0,0,0,0,0,0,0,20,20,0.0,0.0,0.8,0.8,1.0,0.0,0.0,23,176,1.0,0.0,0.04,0.22,0.0,0.0,0.83,0.98,normal
0,tcp,http,REJ,0,0,0,0,0,0,0,0,0,0,0,0,0,0,0,0,0,0,1,1,0.0,0.0,1.0,1.0,1.0,0.0,0.0,7,33,1.0,0.0,0.14,0.39,0.0,0.0,1.0,1.0,normal
0,tcp,http,SF,289,420,0,0,0,0,0,1,0,0,0,0,0,0,0,0,0,0,10,10,0.0,0.0,0.0,0.0,1.0,0.0,0.0,255,255,1.0,0.0,0.0,0.0,0.0,0.0,0.0,0.0,normal
0,tcp,http,SF,238,311,0,0,0,0,0,1,0,0,0,0,0,0,0,0,0,0,52,52,0.0,0.0,0.0,0.0,1.0,0.0,0.0,220,255,1.0,0.0,0.0,0.02,0.0,0.0,0.0,0.0,normal
0,tcp,http,SF,212,1484,0,0,0,0,0,1,0,0,0,0,0,0,0,0,0,0,85,89,0.0,0.0,0.0,0.0,1.0,0.0,0.04,255,255,1.0,0.0,0.0,0.0,0.0,0.0,0.0,0.0,normal
0,tcp,hostnames,S0,0,0,0,0,0,0,0,0,0,0,0,0,0,0,0,0,0,0,199,8,1.0,1.0,0.0,0.0,0.04,0.07,0.0,255,9,0.04,0.08,0.0,0.0,1.0,1.0,0.0,0.0,neptune
0,tcp,http,SF,222,645,0,0,0,0,0,1,0,0,0,0,0,0,0,0,0,0,26,26,0.0,0.0,0.0,0.0,1.0,0.0,0.0,26,255,1.0,0.0,0.04,0.01,0.0,0.01,0.0,0.0,normal
0,tcp,ftp_data,SF,26,0,0,0,0,0,0,1,0,0,0,0,0,0,0,0,0,0,2,2,0.0,0.0,0.0,0.0,1.0,0.0,0.0,78,47,0.08,0.04,0.08,0.06,0.0,0.0,0.0,0.0,normal
0,tcp,http,SF,347,3718,0,0,0,0,0,1,0,0,0,0,0,0,0,0,0,0,26,52,0.0,0.0,0.0,0.0,1.0,0.0,0.04,255,255,1.0,0.0,0.0,0.0,0.0,0.0,0.0,0.0,normal
0,tcp,smtp,SF,1565,329,0,0,0,0,0,1,0,0,0,0,0,0,0,0,0,0,1,1,0.0,0.0,0.0,0.0,1.0,0.0,0.0,255,144,0.56,0.03,0.0,0.0,0.0,0.0,0.0,0.0,normal
0,tcp,http,SF,248,1724,0,0,0,0,0,1,0,0,0,0,0,0,0,0,0,0,2,3,0.0,0.0,0.0,0.33,1.0,0.0,0.67,255,232,0.91,0.01,0.0,0.0,0.0,0.0,0.0,0.0,normal
0,tcp,http,SF,281,9569,0,0,0,0,0,1,0,0,0,0,0,0,0,0,0,0,7,11,0.0,0.0,0.0,0.0,1.0,0.0,0.18,31,255,1.0,0.0,0.03,0.06,0.0,0.0,0.0,0.01,normal
0,udp,domain_u,SF,42,69,0,0,0,0,0,0,0,0,0,0,0,0,0,0,0,0,234,234,0.0,0.0,0.0,0.0,1.0,0.01,0.01,255,255,1.0,0.0,0.0,0.0,0.0,0.0,0.0,0.0,normal
0,tcp,http,SF,251,2075,0,0,0,0,0,1,0,0,0,0,0,0,0,0,0,0,14,14,0.0,0.0,0.0,0.0,1.0,0.0,0.0,55,255,1.0,0.0,0.02,0.04,0.0,0.0,0.0,0.0,normal
0,tcp,private,S0,0,0,0,0,0,0,0,0,0,0,0,0,0,0,0,0,0,0,146,9,1.0,1.0,0.0,0.0,0.06,0.05,0.0,255,8,0.03,0.06,0.0,0.0,1.0,1.0,0.0,0.0,neptune
0,tcp,courier,S0,0,0,0,0,0,0,0,0,0,0,0,0,0,0,0,0,0,0,106,2,1.0,1.0,0.0,0.0,0.02,0.07,0.0,255,2,0.01,0.06,0.0,0.0,1.0,1.0,0.0,0.0,neptune
0,tcp,smtp,S0,0,0,0,0,0,0,0,0,0,0,0,0,0,0,0,0,0,0,29,5,1.0,1.0,0.0,0.0,0.17,0.17,0.0,255,14,0.05,0.08,0.0,0.0,1.0,1.0,0.0,0.0,neptune
0,tcp,http,S0,0,0,0,0,0,0,0,0,0,0,0,0,0,0,0,0,0,0,2,8,0.5,0.12,0.0,0.0,1.0,0.0,0.25,50,255,1.0,0.0,0.04,0.07,0.06,0.01,0.0,0.0,normal
0,tcp,private,RSTR,0,0,0,0,0,0,0,0,0,0,0,0,0,0,0,0,0,0,2,1,0.0,0.0,0.5,1.0,0.5,1.0,0.0,255,1,0.0,0.71,0.71,0.0,0.0,0.0,0.71,1.0,portsweep
0,tcp,imap4,S0,0,0,0,0,0,0,0,0,0,0,0,0,0,0,0,0,0,0,262,14,1.0,1.0,0.0,0.0,0.05,0.05,0.0,255,14,0.05,0.05,0.0,0.0,1.0,1.0,0.0,0.0,neptune
1,tcp,smtp,SF,1079,338,0,0,0,0,0,1,0,0,0,0,0,0,0,0,0,0,1,2,0.0,0.0,0.0,0.0,1.0,0.0,1.0,55,121,0.58,0.36,0.02,0.02,0.02,0.0,0.0,0.0,normal
0,tcp,http,SF,54540,8314,0,0,0,2,0,1,1,0,0,0,0,0,0,0,0,0,1,1,0.0,0.0,0.0,0.0,1.0,0.0,0.0,255,255,1.0,0.0,0.0,0.0,0.01,0.01,0.02,0.02,back
0,tcp,finger,S0,0,0,0,0,0,0,0,0,0,0,0,0,0,0,0,0,0,0,2,2,0.5,0.5,0.0,0.0,1.0,0.0,0.0,166,9,0.05,0.03,0.01,0.22,0.01,0.11,0.0,0.0,normal
0,tcp,http,SF,225,12884,0,0,0,0,0,1,0,0,0,0,0,0,0,0,0,0,7,7,0.0,0.0,0.0,0.0,1.0,0.0,0.0,21,21,1.0,0.0,0.05,0.0,0.0,0.0,0.0,0.0,normal
0,udp,domain_u,SF,42,69,0,0,0,0,0,0,0,0,0,0,0,0,0,0,0,0,205,207,0.0,0.0,0.0,0.0,1.0,0.0,0.01,255,236,0.93,0.01,0.01,0.0,0.0,0.0,0.0,0.0,normal
3,tcp,private,REJ,0,0,0,0,0,0,0,0,0,0,0,0,0,0,0,0,0,0,231,1,0.04,0.0,0.94,1.0,0.0,1.0,0.0,255,1,0.0,0.93,0.0,0.0,0.04,0.0,0.86,1.0,satan
0,tcp,http,SF,285,692,0,0,0,0,0,1,0,0,0,0,0,0,0,0,0,0,7,12,0.0,0.0,0.0,0.0,1.0,0.0,0.25,36,255,1.0,0.0,0.03,0.05,0.0,0.0,0.0,0.0,normal
0,tcp,private,S0,0,0,0,0,0,0,0,0,0,0,0,0,0,0,0,0,0,0,194,17,1.0,1.0,0.0,0.0,0.09,0.06,0.0,255,4,0.02,0.08,0.0,0.0,1.0,1.0,0.0,0.0,neptune
0,tcp,http,SF,316,2152,0,0,0,0,0,1,0,0,0,0,0,0,0,0,0,0,4,43,0.0,0.0,0.0,0.0,1.0,0.0,0.05,10,194,1.0,0.0,0.1,0.05,0.0,0.0,0.0,0.0,normal
0,tcp,http,SF,251,834,0,0,0,0,0,1,0,0,0,0,0,0,0,0,0,0,38,38,0.0,0.0,0.0,0.0,1.0,0.0,0.0,122,255,1.0,0.0,0.01,0.03,0.0,0.0,0.0,0.0,normal
0,tcp,http,SF,257,506,0,0,0,0,0,1,0,0,0,0,0,0,0,0,0,0,33,38,0.0,0.0,0.0,0.0,1.0,0.0,0.13,255,255,1.0,0.0,0.0,0.0,0.0,0.0,0.0,0.0,normal
0,tcp,http,SF,279,3101,0,0,0,0,0,1,0,0,0,0,0,0,0,0,0,0,36,40,0.0,0.0,0.0,0.0,1.0,0.0,0.1,253,253,1.0,0.0,0.01,0.0,0.0,0.0,0.0,0.0,normal
0,tcp,auth,S0,0,0,0,0,0,0,0,0,0,0,0,0,0,0,0,0,0,0,111,3,1.0,1.0,0.0,0.0,0.03,0.07,0.0,255,5,0.02,0.07,0.0,0.0,1.0,1.0,0.0,0.0,neptune
0,tcp,ssh,S0,0,0,0,0,0,0,0,0,0,0,0,0,0,0,0,0,0,0,101,19,1.0,1.0,0.0,0.0,0.19,0.06,0.0,255,11,0.04,0.07,0.0,0.0,1.0,1.0,0.0,0.0,neptune
0,tcp,http,SF,200,955,0,0,0,0,0,1,0,0,0,0,0,0,0,0,0,0,6,6,0.0,0.0,0.0,0.0,1.0,0.0,0.0,255,255,1.0,0.0,0.01,0.0,0.0,0.0,0.0,0.0,normal
0,tcp,http,SF,300,17287,0,0,0,0,0,1,0,0,0,0,0,0,0,0,0,0,2,2,0.0,0.0,0.0,0.0,1.0,0.0,0.0,72,255,1.0,0.0,0.01,0.05,0.0,0.0,0.0,0.0,normal
0,udp,domain_u,SF,46,72,0,0,0,0,0,0,0,0,0,0,0,0,0,0,0,0,138,138,0.0,0.0,0.0,0.0,1.0,0.0,0.0,255,224,0.88,0.01,0.0,0.0,0.0,0.0,0.0,0.0,normal
0,udp,domain_u,SF,45,129,0,0,0,0,0,0,0,0,0,0,0,0,0,0,0,0,18,61,0.0,0.0,0.0,0.0,1.0,0.0,0.03,255,184,0.72,0.02,0.0,0.0,0.0,0.0,0.0,0.0,normal
0,tcp,hostnames,S0,0,0,0,0,0,0,0,0,0,0,0,0,0,0,0,0,0,0,201,2,1.0,1.0,0.0,0.0,0.01,0.06,0.0,255,6,0.02,0.08,0.0,0.0,1.0,1.0,0.0,0.0,neptune
0,tcp,http,SF,361,4023,0,0,0,0,0,1,0,0,0,0,0,0,0,0,0,0,6,9,0.0,0.0,0.0,0.0,1.0,0.0,0.22,255,255,1.0,0.0,0.0,0.0,0.0,0.0,0.0,0.0,normal
0,tcp,nntp,S0,0,0,0,0,0,0,0,0,0,0,0,0,0,0,0,0,0,0,150,10,1.0,1.0,0.0,0.0,0.07,0.06,0.0,255,10,0.04,0.06,0.0,0.0,1.0,1.0,0.0,0.0,neptune
0,tcp,daytime,S0,0,0,0,0,0,0,0,0,0,0,0,0,0,0,0,0,0,0,217,1,1.0,1.0,0.0,0.0,0.0,0.06,0.0,255,1,0.0,0.06,0.0,0.0,1.0,1.0,0.0,0.0,neptune
0,tcp,http,SF,309,10378,0,0,0,0,0,1,0,0,0,0,0,0,0,0,0,0,11,11,0.0,0.0,0.0,0.0,1.0,0.0,0.0,11,255,1.0,0.0,0.09,0.04,0.0,0.0,0.0,0.0,normal
0,tcp,finger,S0,0,0,0,0,0,0,0,0,0,0,0,0,0,0,0,0,0,0,44,11,1.0,1.0,0.0,0.0,0.25,0.09,0.0,255,64,0.25,0.02,0.01,0.0,1.0,1.0,0.0,0.0,neptune
0,tcp,telnet,RSTO,0,0,0,0,0,0,0,0,0,0,0,0,0,0,0,0,0,0,226,9,0.0,0.0,1.0,1.0,0.04,0.07,0.0,255,9,0.04,0.08,0.0,0.0,0.0,0.0,1.0,1.0,neptune
0,tcp,imap4,REJ,0,0,0,0,0,0,0,0,0,0,0,0,0,0,0,0,0,0,234,17,0.0,0.0,1.0,1.0,0.07,0.06,0.0,255,17,0.07,0.07,0.0,0.0,0.0,0.0,1.0,1.0,neptune
0,tcp,courier,S0,0,0,0,0,0,0,0,0,0,0,0,0,0,0,0,0,0,0,19,4,1.0,1.0,0.0,0.0,0.21,0.16,0.0,255,4,0.02,0.07,0.0,0.0,1.0,1.0,0.0,0.0,neptune
0,udp,domain_u,SF,42,108,0,0,0,0,0,0,0,0,0,0,0,0,0,0,0,0,1,2,0.0,0.0,0.0,0.0,1.0,0.0,1.0,24,220,0.83,0.08,0.83,0.01,0.0,0.0,0.17,0.0,normal
0,tcp,ftp_data,S0,0,0,0,0,0,0,0,0,0,0,0,0,0,0,0,0,0,0,206,15,1.0,1.0,0.0,0.0,0.07,0.06,0.0,255,15,0.06,0.06,0.0,0.0,1.0,1.0,0.0,0.0,neptune
9,tcp,X11,SF,203896,28224,0,0,0,0,0,1,0,0,0,0,0,0,0,0,0,0,1,1,0.0,0.0,0.0,0.0,1.0,0.0,0.0,255,27,0.11,0.03,0.0,0.0,0.0,0.0,0.0,0.0,normal
0,tcp,discard,RSTO,0,0,0,0,0,0,0,0,0,0,0,0,0,0,0,0,0,0,121,6,0.0,0.0,1.0,1.0,0.05,0.07,0.0,255,6,0.02,0.07,0.0,0.0,0.0,0.0,1.0,1.0,neptune
0,tcp,http,SF,303,933,0,0,0,0,0,1,0,0,0,0,0,0,0,0,0,0,10,10,0.0,0.0,0.0,0.0,1.0,0.0,0.0,255,255,1.0,0.0,0.0,0.0,0.0,0.0,0.0,0.0,normal
0,tcp,ftp_data,SF,12,0,0,0,0,0,0,0,0,0,0,0,0,0,0,0,0,0,2,1,0.0,0.0,0.0,0.0,0.5,1.0,0.0,55,69,0.16,0.09,0.16,0.03,0.0,0.01,0.0,0.0,normal
0,tcp,http,REJ,0,0,0,0,0,0,0,0,0,0,0,0,0,0,0,0,0,0,1,1,0.0,0.0,1.0,1.0,1.0,0.0,0.0,24,255,1.0,0.0,0.04,0.09,0.0,0.0,0.88,0.98,normal
3907,udp,other,SF,146,105,0,0,0,0,0,0,0,0,0,0,0,0,0,0,0,0,4,2,0.0,0.0,0.0,0.0,0.5,0.5,0.0,255,2,0.01,0.82,1.0,0.0,0.0,0.0,0.0,0.0,normal
0,tcp,ctf,S0,0,0,0,0,0,0,0,0,0,0,0,0,0,0,0,0,0,0,239,8,1.0,1.0,0.0,0.0,0.03,0.06,0.0,255,7,0.03,0.07,0.0,0.0,1.0,1.0,0.0,0.0,neptune
0,udp,domain_u,SF,45,134,0,0,0,0,0,0,0,0,0,0,0,0,0,0,0,0,66,146,0.0,0.0,0.0,0.0,1.0,0.0,0.01,255,229,0.9,0.01,0.0,0.0,0.0,0.0,0.0,0.0,normal
0,tcp,http,SF,255,2134,0,0,0,0,0,1,0,0,0,0,0,0,0,0,0,0,8,8,0.0,0.0,0.0,0.0,1.0,0.0,0.0,17,255,1.0,0.0,0.06,0.04,0.0,0.0,0.0,0.0,normal
0,tcp,http,SF,287,12884,0,0,0,0,0,1,0,0,0,0,0,0,0,0,0,0,2,2,0.0,0.0,0.0,0.0,1.0,0.0,0.0,255,255,1.0,0.0,0.0,0.0,0.0,0.0,0.0,0.0,normal
0,tcp,http,SF,243,3932,0,0,0,0,0,1,0,0,0,0,0,0,0,0,0,0,2,2,0.0,0.0,0.0,0.0,1.0,0.0,0.0,2,255,1.0,0.0,0.5,0.03,0.0,0.0,0.0,0.0,normal
0,tcp,http,SF,345,1282,0,0,0,0,0,1,0,0,0,0,0,0,0,0,0,0,7,7,0.0,0.0,0.0,0.0,1.0,0.0,0.0,31,255,1.0,0.0,0.03,0.04,0.0,0.0,0.0,0.0,normal
0,tcp,http,SF,250,1102,0,0,0,0,0,1,0,0,0,0,0,0,0,0,0,0,4,4,0.0,0.0,0.0,0.0,1.0,0.0,0.0,73,255,1.0,0.0,0.01,0.02,0.0,0.01,0.0,0.0,normal
0,tcp,http,SF,165,16819,0,0,0,0,0,1,0,0,0,0,0,0,0,0,0,0,12,12,0.0,0.0,0.0,0.0,1.0,0.0,0.0,255,255,1.0,0.0,0.0,0.0,0.0,0.0,0.0,0.0,normal
0,tcp,http,SF,309,1159,0,0,0,0,0,1,0,0,0,0,0,0,0,0,0,0,8,8,0.0,0.0,0.0,0.0,1.0,0.0,0.0,229,255,1.0,0.0,0.0,0.01,0.0,0.0,0.0,0.0,normal
0,tcp,telnet,S0,0,0,0,0,0,0,0,0,0,0,0,0,0,0,0,0,0,0,62,3,1.0,1.0,0.0,0.0,0.05,0.06,0.0,255,3,0.01,0.07,0.0,0.0,1.0,1.0,0.0,0.0,neptune
0,tcp,http,SF,146,5764,0,0,0,0,0,1,0,0,0,0,0,0,0,0,0,0,10,10,0.0,0.0,0.0,0.0,1.0,0.0,0.0,10,255,1.0,0.0,0.1,0.03,0.0,0.0,0.0,0.0,normal
0,tcp,exec,S0,0,0,0,0,0,0,0,0,0,0,0,0,0,0,0,0,0,0,128,6,1.0,1.0,0.0,0.0,0.05,0.06,0.0,255,1,0.0,0.07,0.0,0.0,1.0,1.0,0.0,0.0,neptune
0,tcp,http,SF,251,4255,0,0,0,0,0,1,0,0,0,0,0,0,0,0,0,0,2,8,0.0,0.0,0.0,0.0,1.0,0.0,0.25,106,255,1.0,0.0,0.01,0.02,0.0,0.0,0.0,0.0,normal
0,tcp,finger,S0,0,0,0,0,0,0,0,0,0,0,0,0,0,0,0,0,0,0,205,3,1.0,1.0,0.0,0.0,0.01,0.07,0.0,255,3,0.01,0.07,0.0,0.0,1.0,1.0,0.0,0.0,neptune
0,icmp,eco_i,SF,8,0,0,0,0,0,0,0,0,0,0,0,0,0,0,0,0,0,1,44,0.0,0.0,0.0,0.0,1.0,0.0,1.0,2,16,1.0,0.0,1.0,0.5,0.0,0.0,0.0,0.0,ipsweep
0,tcp,http,SF,345,566,0,0,0,0,0,1,0,0,0,0,0,0,0,0,0,0,17,17,0.0,0.0,0.0,0.0,1.0,0.0,0.0,114,255,1.0,0.0,0.01,0.02,0.0,0.0,0.0,0.0,normal
0,tcp,http,REJ,0,0,0,0,0,0,0,0,0,0,0,0,0,0,0,0,0,0,1,1,0.0,0.0,1.0,1.0,1.0,0.0,0.0,7,154,1.0,0.0,0.14,0.21,0.0,0.0,1.0,1.0,normal
0,tcp,http,SF,208,2684,0,0,0,0,0,1,0,0,0,0,0,0,0,0,0,0,9,9,0.0,0.0,0.0,0.0,1.0,0.0,0.0,255,255,1.0,0.0,0.0,0.0,0.0,0.0,0.0,0.0,normal
0,tcp,http,SF,325,1817,0,0,0,0,0,1,0,0,0,0,0,0,0,0,0,0,22,22,0.0,0.0,0.0,0.0,1.0,0.0,0.0,255,255,1.0,0.0,0.0,0.0,0.0,0.0,0.0,0.0,normal
0,tcp,Z39_50,S0,0,0,0,0,0,0,0,0,0,0,0,0,0,0,0,0,0,0,280,20,1.0,1.0,0.0,0.0,0.07,0.06,0.0,255,20,0.08,0.06,0.0,0.0,1.0,1.0,0.0,0.0,neptune
16,tcp,smtp,SF,2308,336,0,0,0,0,0,1,0,0,0,0,0,0,0,0,0,0,1,3,0.0,0.0,0.0,0.0,1.0,0.0,1.0,226,145,0.6,0.03,0.0,0.01,0.0,0.0,0.0,0.0,normal
0,tcp,http,REJ,0,0,0,0,0,0,0,0,0,0,0,0,0,0,0,0,0,0,1,4,0.0,0.0,1.0,1.0,1.0,0.0,0.75,31,255,1.0,0.0,0.03,0.11,0.0,0.0,1.0,0.91,normal
0,tcp,private,REJ,0,0,0,0,0,0,0,0,0,0,0,0,0,0,0,0,0,0,54,20,0.0,0.0,1.0,1.0,0.37,0.07,0.0,255,20,0.08,0.06,0.0,0.0,0.0,0.0,1.0,1.0,neptune
0,tcp,http,SF,309,1411,0,0,0,0,0,1,0,0,0,0,0,0,0,0,0,0,39,46,0.0,0.0,0.0,0.0,1.0,0.0,0.04,255,255,1.0,0.0,0.0,0.0,0.0,0.0,0.0,0.0,normal
1,tcp,smtp,SF,1635,327,0,0,0,0,0,1,0,0,0,0,0,0,0,0,0,0,1,1,0.0,0.0,0.0,0.0,1.0,0.0,0.0,60,129,0.57,0.07,0.02,0.02,0.0,0.01,0.03,0.04,normal
1,tcp,smtp,SF,1235,335,0,0,0,0,0,1,0,0,0,0,0,0,0,0,0,0,1,2,0.0,0.0,0.0,0.0,1.0,0.0,1.0,120,90,0.19,0.03,0.01,0.02,0.01,0.01,0.0,0.0,normal
0,tcp,ftp_data,SF,373,0,0,0,0,0,0,1,0,0,0,0,0,0,0,0,0,0,12,12,0.0,0.0,0.0,0.0,1.0,0.0,0.0,12,77,1.0,0.0,1.0,0.03,0.0,0.01,0.0,0.0,normal
0,tcp,private,S0,0,0,0,0,0,0,0,0,0,0,0,0,0,0,0,0,0,0,265,15,1.0,1.0,0.0,0.0,0.06,0.06,0.0,255,6,0.02,0.09,0.0,0.0,1.0,1.0,0.0,0.0,neptune
0,udp,domain_u,SF,39,99,0,0,0,0,0,0,0,0,0,0,0,0,0,0,0,0,1,1,0.0,0.0,0.0,0.0,1.0,0.0,0.0,58,201,1.0,0.0,1.0,0.01,0.0,0.0,0.0,0.0,normal
2,tcp,smtp,SF,1242,330,0,0,0,0,0,1,0,0,0,0,0,0,0,0,0,0,1,5,0.0,0.0,0.0,0.0,1.0,0.0,1.0,128,104,0.45,0.04,0.01,0.02,0.0,0.0,0.0,0.0,normal
0,udp,domain_u,SF,45,111,0,0,0,0,0,0,0,0,0,0,0,0,0,0,0,0,51,266,0.0,0.0,0.0,0.0,1.0,0.0,0.01,109,200,0.86,0.02,0.86,0.01,0.0,0.0,0.1,0.0,normal
0,tcp,http,SF,277,525,0,0,0,0,0,1,0,0,0,0,0,0,0,0,0,0,1,1,0.0,0.0,0.0,0.0,1.0,0.0,0.0,225,255,1.0,0.0,0.0,0.02,0.0,0.0,0.0,0.0,normal
0,tcp,http,SF,202,385,0,0,0,0,0,1,0,0,0,0,0,0,0,0,0,0,8,8,0.0,0.0,0.0,0.0,1.0,0.0,0.0,25,255,1.0,0.0,0.04,0.07,0.0,0.0,0.0,0.0,normal
0,tcp,smtp,SF,1132,329,0,0,0,0,0,1,0,0,0,0,0,0,0,0,0,0,1,1,0.0,0.0,0.0,0.0,1.0,0.0,0.0,2,202,1.0,0.0,0.5,0.02,0.0,0.0,0.0,0.0,normal
0,icmp,eco_i,SF,18,0,0,0,0,0,0,0,0,0,0,0,0,0,0,0,0,0,1,1,0.0,0.0,0.0,0.0,1.0,0.0,0.0,1,130,1.0,0.0,1.0,1.0,0.0,0.0,0.0,0.0,ipsweep
0,tcp,http,SF,321,2714,0,0,0,0,0,1,0,0,0,0,0,0,0,0,0,0,28,28,0.0,0.0,0.0,0.0,1.0,0.0,0.0,255,255,1.0,0.0,0.0,0.0,0.0,0.0,0.0,0.0,normal
0,tcp,http,SF,289,18899,0,0,0,0,0,1,0,0,0,0,0,0,0,0,0,0,10,10,0.0,0.0,0.0,0.0,1.0,0.0,0.0,255,255,1.0,0.0,0.0,0.0,0.0,0.0,0.0,0.0,normal
0,tcp,ftp_data,SF,641,0,0,0,0,0,0,1,0,0,0,0,0,0,0,0,0,0,1,1,0.0,0.0,0.0,0.0,1.0,0.0,0.0,255,16,0.06,0.02,0.06,0.0,0.0,0.0,0.78,0.0,normal
0,tcp,http,SF,297,632,0,0,0,0,0,1,0,0,0,0,0,0,0,0,0,0,11,29,0.0,0.0,0.0,0.0,1.0,0.0,0.14,48,255,1.0,0.0,0.02,0.05,0.0,0.0,0.0,0.0,normal
0,icmp,ecr_i,SF,1480,0,0,1,0,0,0,0,0,0,0,0,0,0,0,0,0,0,2,4,0.0,0.0,0.0,0.0,1.0,0.0,0.5,2,151,1.0,0.0,1.0,0.11,0.0,0.0,0.0,0.0,pod
0,tcp,private,S0,0,0,0,0,0,0,0,0,0,0,0,0,0,0,0,0,0,0,290,12,1.0,1.0,0.0,0.0,0.04,0.06,0.0,255,18,0.07,0.07,0.0,0.0,1.0,1.0,0.0,0.0,neptune
0,tcp,http,SF,231,5516,0,0,0,0,0,1,0,0,0,0,0,0,0,0,0,0,9,13,0.11,0.15,0.0,0.0,1.0,0.0,0.15,63,255,1.0,0.0,0.02,0.05,0.02,0.0,0.0,0.0,normal
1,tcp,smtp,SF,602,333,0,0,0,0,0,1,0,0,0,0,0,0,0,0,0,0,1,2,0.0,0.0,0.0,0.0,1.0,0.0,1.0,4,113,1.0,0.0,0.25,0.02,0.0,0.01,0.0,0.0,normal
0,udp,other,SF,146,0,0,0,0,0,0,0,0,0,0,0,0,0,0,0,0,0,2,1,0.0,0.0,0.0,0.0,0.5,1.0,0.0,255,2,0.01,0.85,1.0,0.0,0.0,0.0,0.0,0.0,normal
0,tcp,http,SF,265,178,0,0,0,0,0,1,0,0,0,0,0,0,0,0,0,0,1,1,0.0,0.0,0.0,0.0,1.0,0.0,0.0,139,255,1.0,0.0,0.01,0.03,0.01,0.01,0.01,0.01,normal
0,icmp,eco_i,SF,18,0,0,0,0,0,0,0,0,0,0,0,0,0,0,0,0,0,1,2,0.0,0.0,0.0,0.0,1.0,0.0,1.0,4,224,1.0,0.0,1.0,0.25,0.0,0.0,0.0,0.0,ipsweep
0,tcp,smtp,S0,0,0,0,0,0,0,0,0,0,0,0,0,0,0,0,0,0,0,245,20,1.0,1.0,0.0,0.0,0.08,0.06,0.0,255,1,0.0,0.07,0.0,0.0,1.0,1.0,0.0,0.0,neptune
0,tcp,http,REJ,0,0,0,0,0,0,0,0,0,0,0,0,0,0,0,0,0,0,1,5,0.0,0.8,1.0,0.2,1.0,0.0,0.4,2,255,1.0,0.0,0.5,0.13,0.0,0.0,1.0,0.8,normal
0,tcp,csnet_ns,S0,0,0,0,0,0,0,0,0,0,0,0,0,0,0,0,0,0,0,224,18,1.0,1.0,0.0,0.0,0.08,0.06,0.0,255,18,0.07,0.06,0.0,0.0,1.0,1.0,0.0,0.0,neptune
0,tcp,http,SF,309,731,0,0,0,0,0,1,0,0,0,0,0,0,0,0,0,0,5,5,0.0,0.0,0.0,0.0,1.0,0.0,0.0,5,255,1.0,0.0,0.2,0.02,0.0,0.0,0.0,0.0,normal
0,udp,domain_u,SF,76,43,0,0,0,0,0,0,0,0,0,0,0,0,0,0,0,0,132,132,0.0,0.0,0.0,0.0,1.0,0.0,0.0,255,166,0.65,0.01,0.27,0.0,0.0,0.0,0.0,0.0,normal
0,tcp,http,REJ,0,0,0,0,0,0,0,0,0,0,0,0,0,0,0,0,0,0,1,1,0.0,0.0,1.0,1.0,1.0,0.0,0.0,7,255,1.0,0.0,0.14,0.14,0.0,0.0,1.0,0.56,normal
0,tcp,mtp,S0,0,0,0,0,0,0,0,0,0,0,0,0,0,0,0,0,0,0,265,21,1.0,1.0,0.0,0.0,0.08,0.05,0.0,255,21,0.08,0.05,0.0,0.0,1.0,1.0,0.0,0.0,neptune
0,tcp,http,SF,288,1865,0,0,0,0,0,1,0,0,0,0,0,0,0,0,0,0,7,7,0.0,0.0,0.0,0.0,1.0,0.0,0.0,255,255,1.0,0.0,0.0,0.0,0.0,0.0,0.0,0.0,normal
28,tcp,ftp,SF,1486,4152,0,0,0,30,0,1,0,0,0,0,0,0,0,0,0,1,1,1,0.0,0.0,0.0,0.0,1.0,0.0,0.0,182,49,0.27,0.08,0.01,0.0,0.02,0.04,0.0,0.0,normal
0,tcp,http,SF,328,1643,0,0,0,0,0,1,0,0,0,0,0,0,0,0,0,0,15,16,0.0,0.0,0.0,0.0,1.0,0.0,0.12,97,255,1.0,0.0,0.01,0.02,0.0,0.0,0.0,0.0,normal
0,tcp,http,SF,226,1025,0,0,0,0,0,1,0,0,0,0,0,0,0,0,0,0,1,4,0.0,0.0,0.0,0.0,1.0,0.0,0.5,16,255,1.0,0.0,0.06,0.02,0.0,0.0,0.0,0.0,normal
0,tcp,http,SF,244,2244,0,0,0,0,0,1,0,0,0,0,0,0,0,0,0,0,10,19,0.0,0.0,0.0,0.0,1.0,0.0,0.11,255,255,1.0,0.0,0.0,0.0,0.0,0.0,0.0,0.0,normal
0,tcp,http,SF,321,7886,0,0,0,0,0,1,0,0,0,0,0,0,0,0,0,0,12,12,0.0,0.0,0.0,0.0,1.0,0.0,0.0,96,255,1.0,0.0,0.01,0.03,0.0,0.0,0.0,0.0,normal
0,tcp,http,SF,326,548,0,0,0,0,0,1,0,0,0,0,0,0,0,0,0,0,2,2,0.0,0.0,0.0,0.0,1.0,0.0,0.0,4,255,1.0,0.0,0.25,0.04,0.25,0.0,0.0,0.0,normal
0,tcp,http,SF,309,1823,0,0,0,0,0,1,0,0,0,0,0,0,0,0,0,0,29,34,0.0,0.0,0.0,0.0,1.0,0.0,0.12,255,255,1.0,0.0,0.0,0.0,0.0,0.0,0.0,0.0,normal
0,tcp,kshell,S0,0,0,0,0,0,0,0,0,0,0,0,0,0,0,0,0,0,0,115,14,1.0,1.0,0.0,0.0,0.12,0.06,0.0,255,14,0.05,0.07,0.0,0.0,1.0,1.0,0.0,0.0,neptune
0,tcp,private,S0,0,0,0,0,0,0,0,0,0,0,0,0,0,0,0,0,0,0,33,16,1.0,1.0,0.0,0.0,0.48,0.15,0.0,255,16,0.06,0.08,0.0,0.0,1.0,1.0,0.0,0.0,neptune
41659,tcp,private,RSTR,1,0,0,0,0,0,0,0,0,0,0,0,0,0,0,0,0,0,2,2,0.0,0.0,1.0,1.0,1.0,0.0,0.0,230,2,0.01,0.24,0.48,0.0,0.0,0.0,0.48,1.0,portsweep
0,tcp,private,S0,0,0,0,0,0,0,0,0,0,0,0,0,0,0,0,0,0,0,68,9,1.0,1.0,0.0,0.0,0.13,0.09,0.0,255,9,0.04,0.06,0.0,0.0,1.0,1.0,0.0,0.0,neptune
0,icmp,eco_i,SF,30,0,0,0,0,0,0,0,0,0,0,0,0,0,0,0,0,0,5,1,0.0,0.0,0.0,0.0,0.2,0.6,0.0,255,5,0.02,0.01,0.07,0.0,0.0,0.0,0.0,0.0,normal
0,tcp,http,SF,235,3222,0,0,0,0,0,1,0,0,0,0,0,0,0,0,0,0,6,6,0.0,0.0,0.0,0.0,1.0,0.0,0.0,255,254,1.0,0.01,0.0,0.0,0.0,0.0,0.0,0.0,normal
0,udp,private,SF,1,0,0,0,0,0,0,0,0,0,0,0,0,0,0,0,0,0,21,4,0.0,0.0,0.0,0.0,0.19,0.1,0.0,255,23,0.09,0.72,0.33,0.0,0.07,0.0,0.61,0.0,satan
0,tcp,klogin,S0,0,0,0,0,0,0,0,0,0,0,0,0,0,0,0,0,0,0,141,20,1.0,1.0,0.0,0.0,0.14,0.06,0.0,255,20,0.08,0.06,0.0,0.0,1.0,1.0,0.0,0.0,neptune
0,tcp,http,SF,321,1565,0,0,0,0,0,1,0,0,0,0,0,0,0,0,0,0,9,9,0.0,0.0,0.0,0.0,1.0,0.0,0.0,255,255,1.0,0.0,0.0,0.0,0.0,0.0,0.0,0.0,normal
0,tcp,private,S0,0,0,0,0,0,0,0,0,0,0,0,0,0,0,0,0,0,0,293,23,1.0,1.0,0.0,0.0,0.08,0.05,0.0,255,23,0.09,0.05,0.0,0.0,1.0,1.0,0.0,0.0,neptune
0,tcp,private,RSTR,0,0,0,0,0,0,0,0,0,0,0,0,0,0,0,0,0,0,1,1,0.0,0.0,1.0,1.0,1.0,0.0,0.0,255,1,0.0,0.95,0.94,0.0,0.0,0.0,0.94,1.0,portsweep
0,tcp,ftp_data,SF,7422,0,0,0,0,0,0,1,0,0,0,0,0,0,0,0,0,0,9,9,0.0,0.0,0.0,0.0,1.0,0.0,0.0,111,97,0.58,0.04,0.58,0.02,0.01,0.01,0.0,0.0,normal
0,tcp,http,SF,296,2325,0,0,0,0,0,1,0,0,0,0,0,0,0,0,0,0,5,5,0.0,0.0,0.0,0.0,1.0,0.0,0.0,255,255,1.0,0.0,0.0,0.0,0.0,0.0,0.0,0.0,normal
10,tcp,finger,SF,5,136,0,0,0,0,0,0,0,0,0,0,0,0,0,0,0,0,3,1,0.0,0.0,0.0,0.0,0.33,0.67,0.0,167,6,0.04,0.03,0.01,0.0,0.01,0.0,0.0,0.0,normal
0,tcp,private,S0,0,0,0,0,0,0,0,0,0,0,0,0,0,0,0,0,0,0,121,6,1.0,1.0,0.0,0.0,0.05,0.07,0.0,255,15,0.06,0.09,0.0,0.0,1.0,1.0,0.0,0.0,neptune
0,tcp,http,SF,272,732,0,0,0,0,0,1,0,0,0,0,0,0,0,0,0,0,14,17,0.0,0.0,0.0,0.0,1.0,0.0,0.12,189,255,1.0,0.0,0.01,0.01,0.0,0.0,0.0,0.0,normal
0,tcp,private,S0,0,0,0,0,0,0,0,0,0,0,0,0,0,0,0,0,0,0,112,4,1.0,1.0,0.0,0.0,0.04,0.07,0.0,255,7,0.03,0.06,0.0,0.0,1.0,1.0,0.0,0.0,neptune
0,tcp,http,SF,376,245,0,0,0,0,0,1,0,0,0,0,0,0,0,0,0,0,11,12,0.0,0.0,0.0,0.0,1.0,0.0,0.17,64,255,1.0,0.0,0.02,0.01,0.0,0.0,0.0,0.0,normal
0,tcp,http,SF,236,18275,0,0,0,0,0,1,0,0,0,0,0,0,0,0,0,0,17,17,0.0,0.0,0.0,0.0,1.0,0.0,0.0,255,255,1.0,0.0,0.0,0.0,0.0,0.0,0.0,0.0,normal
0,tcp,http,SF,216,2100,0,0,0,0,0,1,0,0,0,0,0,0,0,0,0,0,4,29,0.0,0.0,0.0,0.0,1.0,0.0,0.21,4,252,1.0,0.0,0.25,0.05,0.0,0.0,0.0,0.0,normal
1,tcp,smtp,SF,598,328,0,0,0,0,0,1,0,0,0,0,0,0,0,0,0,0,1,2,0.0,0.0,0.0,0.0,1.0,0.0,1.0,223,168,0.72,0.03,0.0,0.01,0.0,0.0,0.0,0.0,normal
0,icmp,ecr_i,SF,520,0,0,0,0,0,0,0,0,0,0,0,0,0,0,0,0,0,191,191,0.0,0.0,0.0,0.0,1.0,0.0,0.0,255,255,1.0,0.0,1.0,0.0,0.0,0.0,0.0,0.0,smurf
0,udp,domain_u,SF,43,131,0,0,0,0,0,0,0,0,0,0,0,0,0,0,0,0,75,155,0.0,0.0,0.0,0.0,1.0,0.0,0.01,255,254,1.0,0.01,0.0,0.0,0.0,0.0,0.0,0.0,normal
0,tcp,http,SF,229,4039,0,0,0,0,0,1,0,0,0,0,0,0,0,0,0,0,1,1,0.0,0.0,0.0,0.0,1.0,0.0,0.0,202,255,1.0,0.0,0.0,0.02,0.0,0.0,0.0,0.0,normal
0,tcp,http,SF,265,14496,0,0,0,0,0,1,0,0,0,0,0,0,0,0,0,0,4,4,0.0,0.0,0.0,0.0,1.0,0.0,0.0,171,255,1.0,0.0,0.01,0.02,0.01,0.0,0.0,0.0,normal
0,udp,private,SF,28,0,0,3,0,0,0,0,0,0,0,0,0,0,0,0,0,0,72,72,0.0,0.0,0.0,0.0,1.0,0.0,0.0,255,72,0.28,0.04,0.28,0.0,0.02,0.0,0.0,0.0,teardrop
0,tcp,remote_job,S0,0,0,0,0,0,0,0,0,0,0,0,0,0,0,0,0,0,0,245,19,1.0,1.0,0.0,0.0,0.08,0.06,0.0,255,19,0.07,0.06,0.0,0.0,1.0,1.0,0.0,0.0,neptune
1,tcp,smtp,SF,1325,402,0,0,0,0,0,1,0,0,0,0,0,0,0,0,0,0,1,4,0.0,0.0,0.0,0.0,1.0,0.0,1.0,8,8,1.0,0.0,0.12,0.0,0.0,0.0,0.0,0.0,normal
0,tcp,courier,S0,0,0,0,0,0,0,0,0,0,0,0,0,0,0,0,0,0,0,116,14,1.0,1.0,0.0,0.0,0.12,0.06,0.0,255,14,0.05,0.05,0.0,0.0,1.0,1.0,0.0,0.0,neptune
0,icmp,eco_i,SF,18,0,0,0,0,0,0,0,0,0,0,0,0,0,0,0,0,0,1,1,0.0,0.0,0.0,0.0,1.0,0.0,0.0,1,60,1.0,0.0,1.0,1.0,0.0,0.0,0.0,0.0,ipsweep
0,tcp,http,SF,287,811,0,0,0,0,0,1,0,0,0,0,0,0,0,0,0,0,13,13,0.0,0.0,0.0,0.0,1.0,0.0,0.0,255,255,1.0,0.0,0.0,0.0,0.0,0.0,0.0,0.0,normal
0,icmp,eco_i,SF,18,0,0,0,0,0,0,0,0,0,0,0,0,0,0,0,0,0,1,1,0.0,0.0,0.0,0.0,1.0,0.0,0.0,1,141,1.0,0.0,1.0,0.26,0.0,0.0,0.0,0.0,ipsweep
0,tcp,http,SF,318,1411,0,0,0,0,0,1,0,0,0,0,0,0,0,0,0,0,2,2,0.0,0.0,0.0,0.0,1.0,0.0,0.0,255,255,1.0,0.0,0.0,0.0,0.01,0.01,0.0,0.0,normal
0,tcp,hostnames,S0,0,0,0,0,0,0,0,0,0,0,0,0,0,0,0,0,0,0,261,4,1.0,1.0,0.0,0.0,0.02,0.06,0.0,255,15,0.06,0.06,0.0,0.0,1.0,1.0,0.0,0.0,neptune
15377,tcp,telnet,SF,975,165912,0,0,0,0,0,1,676,1,2,754,0,0,6,0,0,0,1,1,0.0,0.0,0.0,0.0,1.0,0.0,0.0,130,25,0.19,0.03,0.01,0.0,0.01,0.04,0.02,0.08,normal
0,tcp,private,REJ,0,0,0,0,0,0,0,0,0,0,0,0,0,0,0,0,0,0,217,1,0.0,0.0,1.0,1.0,0.0,0.51,0.0,255,1,0.0,0.51,1.0,0.0,0.0,0.0,1.0,1.0,portsweep
0,tcp,private,S0,0,0,0,0,0,0,0,0,0,0,0,0,0,0,0,0,0,0,291,15,1.0,1.0,0.0,0.0,0.05,0.05,0.0,255,15,0.06,0.07,0.0,0.0,1.0,1.0,0.0,0.0,neptune
0,tcp,supdup,S0,0,0,0,0,0,0,0,0,0,0,0,0,0,0,0,0,0,0,194,15,1.0,1.0,0.0,0.0,0.08,0.07,0.0,255,15,0.06,0.07,0.0,0.0,1.0,1.0,0.0,0.0,neptune
0,tcp,link,S0,0,0,0,0,0,0,0,0,0,0,0,0,0,0,0,0,0,0,296,4,1.0,1.0,0.0,0.0,0.01,0.06,0.0,255,8,0.03,0.07,0.0,0.0,1.0,1.0,0.0,0.0,neptune
0,tcp,http,SF,177,2011,0,0,0,0,0,1,0,0,0,0,0,0,0,0,0,0,2,3,0.0,0.0,0.0,0.33,1.0,0.0,0.67,255,254,1.0,0.01,0.0,0.0,0.0,0.0,0.0,0.0,normal
0,udp,private,SF,28,0,0,1,0,0,0,0,0,0,0,0,0,0,0,0,0,0,1,1,0.0,0.0,0.0,0.0,1.0,0.0,0.0,255,68,0.27,0.01,0.27,0.0,0.0,0.0,0.0,0.0,teardrop
0,tcp,smtp,SF,953,386,0,0,0,0,0,1,0,0,0,0,0,0,0,0,0,0,1,1,0.0,0.0,0.0,0.0,1.0,0.0,0.0,255,15,0.06,0.02,0.0,0.0,0.87,0.0,0.0,0.0,normal
0,tcp,private,S0,0,0,0,0,0,0,0,0,0,0,0,0,0,0,0,0,0,0,139,8,1.0,1.0,0.0,0.0,0.06,0.06,0.0,78,12,0.15,0.14,0.01,0.0,1.0,1.0,0.0,0.0,neptune
0,udp,domain_u,SF,44,44,0,0,0,0,0,0,0,0,0,0,0,0,0,0,0,0,129,129,0.0,0.0,0.0,0.0,1.0,0.0,0.0,255,254,1.0,0.01,0.0,0.0,0.0,0.0,0.0,0.0,normal
0,tcp,http,SF,209,655,0,0,0,0,0,1,0,0,0,0,0,0,0,0,0,0,32,32,0.0,0.0,0.0,0.0,1.0,0.0,0.0,255,255,1.0,0.0,0.0,0.0,0.0,0.0,0.32,0.32,normal
0,tcp,smtp,SF,572,330,0,0,0,0,0,1,0,0,0,0,0,0,0,0,0,0,1,1,0.0,0.0,0.0,0.0,1.0,0.0,0.0,41,237,0.98,0.05,0.02,0.01,0.0,0.0,0.0,0.0,normal
0,tcp,http,SF,256,6061,0,0,0,0,0,1,0,0,0,0,0,0,0,0,0,0,1,1,0.0,0.0,0.0,0.0,1.0,0.0,0.0,105,255,1.0,0.0,0.01,0.02,0.0,0.0,0.0,0.0,normal
0,tcp,private,S0,0,0,0,0,0,0,0,0,0,0,0,0,0,0,0,0,0,0,291,13,1.0,1.0,0.0,0.0,0.04,0.06,0.0,255,18,0.07,0.06,0.0,0.0,1.0,1.0,0.0,0.0,neptune
0,tcp,other,REJ,0,0,0,0,0,0,0,0,0,0,0,0,0,0,0,0,0,0,511,1,0.12,0.0,0.86,1.0,0.0,1.0,0.0,255,1,0.0,1.0,0.0,0.0,0.14,0.0,0.86,1.0,satan
0,icmp,eco_i,SF,8,0,0,0,0,0,0,0,0,0,0,0,0,0,0,0,0,0,1,13,0.0,0.0,0.0,0.0,1.0,0.0,1.0,2,166,1.0,0.0,1.0,0.5,0.0,0.0,0.0,0.0,ipsweep
0,tcp,time,S0,0,0,0,0,0,0,0,0,0,0,0,0,0,0,0,0,0,0,227,17,1.0,1.0,0.0,0.0,0.07,0.06,0.0,255,15,0.06,0.07,0.0,0.0,1.0,1.0,0.0,0.0,neptune
0,tcp,http,SF,142,38299,0,0,0,0,0,1,0,0,0,0,0,0,0,0,0,0,1,22,0.0,0.0,0.0,0.0,1.0,0.0,0.14,255,255,1.0,0.0,0.0,0.0,0.0,0.0,0.0,0.0,normal
0,tcp,http,REJ,0,0,0,0,0,0,0,0,0,0,0,0,0,0,0,0,0,0,1,1,0.0,0.0,1.0,1.0,1.0,0.0,0.0,217,158,0.73,0.01,0.0,0.0,0.0,0.0,0.73,1.0,normal
0,tcp,http,S0,0,0,0,0,0,0,0,0,0,0,0,0,0,0,0,0,0,0,174,2,1.0,1.0,0.0,0.0,0.01,0.06,0.0,255,2,0.01,0.08,0.0,0.0,1.0,1.0,0.0,0.0,neptune
0,tcp,http,SF,283,6017,0,0,0,0,0,1,0,0,0,0,0,0,0,0,0,0,10,10,0.0,0.0,0.0,0.0,1.0,0.0,0.0,10,17,1.0,0.0,0.1,0.12,0.0,0.0,0.0,0.0,normal
0,tcp,smtp,SF,1732,328,0,0,0,0,0,1,0,0,0,0,0,0,0,0,0,0,1,1,0.0,0.0,0.0,0.0,1.0,0.0,0.0,9,185,0.67,0.33,0.11,0.04,0.0,0.0,0.0,0.0,normal
0,tcp,private,S0,0,0,0,0,0,0,0,0,0,0,0,0,0,0,0,0,0,0,133,19,1.0,1.0,0.0,0.0,0.14,0.05,0.0,255,15,0.06,0.07,0.0,0.0,1.0,1.0,0.0,0.0,neptune
0,tcp,http,SF,288,588,0,0,0,0,0,1,0,0,0,0,0,0,0,0,0,0,11,11,0.0,0.0,0.0,0.0,1.0,0.0,0.0,255,255,1.0,0.0,0.0,0.0,0.0,0.0,0.0,0.0,normal
102,tcp,X11,SF,80,240,0,0,0,0,0,0,0,0,0,0,0,0,0,0,0,0,2,2,0.0,0.0,0.0,0.0,1.0,0.0,0.0,47,6,0.13,0.13,0.02,0.0,0.0,0.0,0.0,0.0,normal
0,tcp,ftp_data,SF,11,0,0,0,0,0,0,1,0,0,0,0,0,0,0,0,0,0,2,2,0.0,0.0,0.0,0.0,1.0,0.0,0.0,112,14,0.12,0.04,0.12,0.0,0.01,0.0,0.0,0.0,normal
0,icmp,ecr_i,SF,1032,0,0,0,0,0,0,0,0,0,0,0,0,0,0,0,0,0,375,375,0.0,0.0,0.0,0.0,1.0,0.0,0.0,255,255,1.0,0.0,1.0,0.0,0.0,0.0,0.0,0.0,smurf
0,tcp,http,SF,315,8721,0,0,0,0,0,1,0,0,0,0,0,0,0,0,0,0,4,4,0.0,0.0,0.0,0.0,1.0,0.0,0.0,255,255,1.0,0.0,0.0,0.0,0.0,0.0,0.0,0.0,normal
0,tcp,private,S0,0,0,0,0,0,0,0,0,0,0,0,0,0,0,0,0,0,0,117,9,1.0,1.0,0.0,0.0,0.08,0.07,0.0,255,13,0.05,0.06,0.0,0.0,1.0,1.0,0.0,0.0,neptune
0,tcp,http,REJ,0,0,0,0,0,0,0,0,0,0,0,0,0,0,0,0,0,0,18,18,0.0,0.0,0.72,0.72,1.0,0.0,0.0,53,251,1.0,0.0,0.02,0.17,0.0,0.0,0.91,0.98,normal
0,tcp,auth,S0,0,0,0,0,0,0,0,0,0,0,0,0,0,0,0,0,0,0,144,14,1.0,1.0,0.0,0.0,0.1,0.06,0.0,255,11,0.04,0.08,0.0,0.0,1.0,1.0,0.0,0.0,neptune
3,tcp,smtp,SF,3946,332,0,0,0,0,0,1,0,0,0,0,0,0,0,0,0,0,1,1,0.0,0.0,0.0,0.0,1.0,0.0,0.0,68,176,0.91,0.04,0.01,0.02,0.0,0.0,0.0,0.0,normal
0,udp,private,SF,28,0,0,3,0,0,0,0,0,0,0,0,0,0,0,0,0,0,34,34,0.0,0.0,0.0,0.0,1.0,0.0,0.0,247,34,0.14,0.66,0.14,0.0,0.02,0.0,0.53,0.0,teardrop
0,tcp,http,SF,244,453,0,0,0,0,0,1,0,0,0,0,0,0,0,0,0,0,1,16,0.0,0.0,0.0,0.0,1.0,0.0,0.19,255,255,1.0,0.0,0.0,0.0,0.0,0.0,0.0,0.0,normal
0,icmp,eco_i,SF,8,0,0,0,0,0,0,0,0,0,0,0,0,0,0,0,0,0,1,51,0.0,0.0,0.0,0.0,1.0,0.0,1.0,2,112,1.0,0.0,1.0,0.5,0.0,0.0,0.0,0.0,ipsweep
0,tcp,http,SF,155,623,0,0,0,0,0,1,0,0,0,0,0,0,0,0,0,0,7,7,0.0,0.0,0.0,0.0,1.0,0.0,0.0,7,236,1.0,0.0,0.14,0.05,0.0,0.0,0.0,0.76,normal
0,tcp,http,SF,242,2281,0,0,0,0,0,1,0,0,0,0,0,0,0,0,0,0,10,38,0.0,0.0,0.0,0.0,1.0,0.0,0.05,135,255,1.0,0.0,0.01,0.03,0.0,0.0,0.0,0.0,normal
0,tcp,http,SF,230,7745,0,0,0,0,0,1,0,0,0,0,0,0,0,0,0,0,19,24,0.0,0.0,0.0,0.0,1.0,0.0,0.08,69,255,1.0,0.0,0.01,0.03,0.0,0.0,0.0,0.0,normal
2,tcp,http,SF,192,1630,0,0,0,0,0,1,0,0,0,0,0,0,0,0,0,0,1,1,0.0,0.0,0.0,0.0,1.0,0.0,0.0,255,244,0.96,0.01,0.0,0.0,0.0,0.0,0.0,0.0,normal
0,udp,domain_u,SF,42,42,0,0,0,0,0,0,0,0,0,0,0,0,0,0,0,0,144,226,0.0,0.0,0.0,0.0,1.0,0.0,0.02,255,254,1.0,0.01,0.01,0.0,0.0,0.0,0.0,0.0,normal
0,udp,domain_u,SF,44,128,0,0,0,0,0,0,0,0,0,0,0,0,0,0,0,0,148,148,0.0,0.0,0.0,0.0,1.0,0.0,0.0,255,254,1.0,0.01,0.0,0.0,0.0,0.0,0.0,0.0,normal
0,tcp,http,SF,180,2401,0,0,0,0,0,1,0,0,0,0,0,0,0,0,0,0,4,4,0.0,0.0,0.0,0.0,1.0,0.0,0.0,24,34,1.0,0.0,0.04,0.06,0.0,0.0,0.0,0.0,normal
0,tcp,http,SF,307,1075,0,0,0,0,0,1,0,0,0,0,0,0,0,0,0,0,7,7,0.0,0.0,0.0,0.0,1.0,0.0,0.0,255,248,0.97,0.01,0.0,0.0,0.0,0.0,0.0,0.0,normal
0,icmp,eco_i,SF,8,0,0,0,0,0,0,0,0,0,0,0,0,0,0,0,0,0,1,8,0.0,0.0,0.0,0.0,1.0,0.0,1.0,1,33,1.0,0.0,1.0,0.52,0.0,0.0,0.0,0.0,ipsweep
0,icmp,eco_i,SF,8,0,0,0,0,0,0,0,0,0,0,0,0,0,0,0,0,0,1,1,0.0,0.0,0.0,0.0,1.0,0.0,0.0,228,30,0.01,0.03,0.02,0.93,0.0,0.0,0.01,0.0,portsweep
0,tcp,nnsp,S0,0,0,0,0,0,0,0,0,0,0,0,0,0,0,0,0,0,0,110,12,1.0,1.0,0.0,0.0,0.11,0.05,0.0,255,6,0.02,0.06,0.0,0.0,1.0,1.0,0.0,0.0,neptune
0,tcp,http,SF,306,345,0,0,0,0,0,1,0,0,0,0,0,0,0,0,0,0,1,1,0.0,0.0,0.0,0.0,1.0,0.0,0.0,229,255,1.0,0.0,0.0,0.01,0.0,0.0,0.0,0.0,normal
0,tcp,private,S0,0,0,0,0,0,0,0,0,0,0,0,0,0,0,0,0,0,0,102,8,1.0,1.0,0.0,0.0,0.08,0.06,0.0,255,12,0.05,0.06,0.0,0.0,1.0,1.0,0.0,0.0,neptune
1,tcp,time,SF,0,4,0,0,0,0,0,0,0,0,0,0,0,0,0,0,0,0,1,1,0.0,0.0,0.0,0.0,1.0,0.0,0.0,2,2,1.0,0.0,0.5,0.0,0.0,0.0,0.0,0.0,normal
0,tcp,http,REJ,0,0,0,0,0,0,0,0,0,0,0,0,0,0,0,0,0,0,1,3,0.0,0.0,1.0,1.0,1.0,0.0,0.67,1,250,1.0,0.0,1.0,0.03,0.0,0.0,1.0,0.25,normal
0,tcp,http,SF,309,12001,0,0,0,0,0,1,0,0,0,0,0,0,0,0,0,0,1,1,0.0,0.0,0.0,0.0,1.0,0.0,0.0,1,255,1.0,0.0,1.0,0.05,0.0,0.0,0.0,0.0,normal
0,tcp,private,S0,0,0,0,0,0,0,0,0,0,0,0,0,0,0,0,0,0,0,65,5,1.0,1.0,0.0,0.0,0.08,0.09,0.0,255,19,0.07,0.08,0.0,0.0,1.0,1.0,0.0,0.0,neptune
0,tcp,private,S0,0,0,0,0,0,0,0,0,0,0,0,0,0,0,0,0,0,0,183,7,1.0,1.0,0.0,0.0,0.04,0.05,0.0,255,7,0.03,0.05,0.0,0.0,1.0,1.0,0.0,0.0,neptune
0,tcp,http,REJ,0,0,0,0,0,0,0,0,0,0,0,0,0,0,0,0,0,0,1,2,0.0,0.0,1.0,1.0,1.0,0.0,1.0,100,255,1.0,0.0,0.01,0.16,0.0,0.0,1.0,1.0,normal
0,tcp,private,OTH,0,0,0,0,0,0,0,0,0,0,0,0,0,0,0,0,0,0,1,1,0.0,0.0,0.0,0.0,1.0,0.0,0.0,151,1,0.01,0.68,0.68,0.0,0.04,0.0,0.64,0.0,portsweep
2639,udp,other,SF,147,105,0,0,0,0,0,0,0,0,0,0,0,0,0,0,0,0,1,1,0.0,0.0,0.0,0.0,1.0,0.0,0.0,255,2,0.01,0.76,1.0,0.0,0.0,0.0,0.0,0.0,normal
4,tcp,smtp,SF,1671,365,0,0,0,0,0,1,0,0,0,0,0,0,0,0,0,0,1,1,0.0,0.0,0.0,0.0,1.0,0.0,0.0,156,155,0.62,0.03,0.01,0.01,0.0,0.0,0.0,0.0,normal
0,tcp,courier,REJ,0,0,0,0,0,0,0,0,0,0,0,0,0,0,0,0,0,0,124,1,0.0,0.0,1.0,1.0,0.01,0.07,0.0,255,1,0.0,0.07,0.0,0.0,0.0,0.0,1.0,1.0,neptune
13,udp,private,SF,105,146,0,0,0,0,0,0,0,0,0,0,0,0,0,0,0,0,2,2,0.0,0.0,0.0,0.0,1.0,0.0,0.0,255,224,0.88,0.01,0.01,0.0,0.0,0.0,0.0,0.0,normal
0,tcp,ftp_data,SF,13239,0,0,0,0,0,0,1,0,0,0,0,0,0,0,0,0,0,9,9,0.0,0.0,0.0,0.0,1.0,0.0,0.0,98,77,0.39,0.07,0.39,0.03,0.0,0.01,0.0,0.0,normal
0,tcp,http,SF,353,1423,0,0,0,0,0,1,0,0,0,0,0,0,0,0,0,0,10,30,0.0,0.0,0.0,0.0,1.0,0.0,0.07,255,255,1.0,0.0,0.0,0.0,0.0,0.0,0.0,0.0,normal
0,tcp,klogin,S0,0,0,0,0,0,0,0,0,0,0,0,0,0,0,0,0,0,0,125,1,1.0,1.0,0.0,0.0,0.01,0.07,0.0,255,1,0.0,0.06,0.0,0.0,1.0,1.0,0.0,0.0,neptune
0,tcp,ftp_data,SF,7321,0,0,0,0,0,0,1,0,0,0,0,0,0,0,0,0,0,2,2,0.0,0.0,0.0,0.0,1.0,0.0,0.0,203,57,0.28,0.03,0.28,0.0,0.01,0.0,0.0,0.0,normal
0,tcp,http,SF,190,33318,0,0,0,0,0,1,0,0,0,0,0,0,0,0,0,0,1,1,0.0,0.0,0.0,0.0,1.0,0.0,0.0,255,255,1.0,0.0,0.0,0.0,0.0,0.0,0.0,0.0,normal
7,tcp,smtp,SF,1163,338,0,0,0,0,0,1,0,0,0,0,0,0,0,0,0,0,1,2,0.0,0.0,0.0,0.0,1.0,0.0,1.0,103,191,0.83,0.05,0.01,0.01,0.0,0.01,0.0,0.0,normal
1,tcp,smtp,SF,785,333,0,0,0,0,0,1,0,0,0,0,0,0,0,0,0,0,1,2,0.0,0.0,0.0,0.0,1.0,0.0,1.0,255,17,0.07,0.62,0.0,0.0,0.0,0.0,0.0,0.0,normal
0,tcp,ftp_data,SF,2056,0,0,0,0,0,0,1,0,0,0,0,0,0,0,0,0,0,9,9,0.0,0.0,0.0,0.0,1.0,0.0,0.0,255,110,0.43,0.02,0.44,0.0,0.0,0.01,0.0,0.0,normal
0,tcp,Z39_50,S0,0,0,0,0,0,0,0,0,0,0,0,0,0,0,0,0,0,0,186,7,1.0,1.0,0.0,0.0,0.04,0.06,0.0,255,14,0.05,0.07,0.0,0.0,1.0,1.0,0.0,0.0,neptune
0,tcp,http,SF,269,3372,0,0,0,0,0,1,0,0,0,0,0,0,0,0,0,0,4,4,0.0,0.0,0.0,0.0,1.0,0.0,0.0,34,71,1.0,0.0,0.03,0.03,0.0,0.0,0.0,0.0,normal
0,tcp,http,SF,215,1379,0,0,0,0,0,1,0,0,0,0,0,0,0,0,0,0,11,11,0.0,0.0,0.0,0.0,1.0,0.0,0.0,63,255,1.0,0.0,0.02,0.03,0.0,0.0,0.0,0.0,normal
0,tcp,http,REJ,0,0,0,0,0,0,0,0,0,0,0,0,0,0,0,0,0,0,1,1,0.0,0.0,1.0,1.0,1.0,0.0,0.0,6,1,0.17,0.33,0.17,0.0,0.0,0.0,0.17,1.0,normal
0,tcp,http,SF,249,7213,0,0,0,0,0,1,0,0,0,0,0,0,0,0,0,0,6,6,0.0,0.0,0.0,0.0,1.0,0.0,0.0,58,255,1.0,0.0,0.02,0.07,0.0,0.0,0.0,0.0,normal
0,tcp,ldap,S0,0,0,0,0,0,0,0,0,0,0,0,0,0,0,0,0,0,0,115,10,1.0,1.0,0.0,0.0,0.09,0.08,0.0,255,10,0.04,0.06,0.0,0.0,1.0,1.0,0.0,0.0,neptune
0,udp,domain_u,SF,44,76,0,0,0,0,0,0,0,0,0,0,0,0,0,0,0,0,286,286,0.0,0.0,0.0,0.0,1.0,0.0,0.0,255,254,1.0,0.01,0.0,0.0,0.0,0.0,0.0,0.0,normal
0,udp,private,SF,28,0,0,3,0,0,0,0,0,0,0,0,0,0,0,0,0,0,42,41,0.0,0.0,0.02,0.0,0.98,0.05,0.0,255,41,0.16,0.02,0.16,0.0,0.0,0.0,0.64,0.0,teardrop
0,tcp,other,REJ,0,0,0,0,0,0,0,0,0,0,0,0,0,0,0,0,0,0,511,1,0.13,0.0,0.87,1.0,0.0,1.0,0.0,255,1,0.0,1.0,0.0,0.0,0.0,0.0,1.0,1.0,satan
0,tcp,smtp,SF,1242,489,0,0,0,0,0,1,0,0,0,0,0,0,0,0,0,0,1,1,0.0,0.0,0.0,0.0,1.0,0.0,0.0,86,134,0.43,0.05,0.01,0.01,0.0,0.0,0.0,0.0,normal
0,tcp,private,S0,0,0,0,0,0,0,0,0,0,0,0,0,0,0,0,0,0,0,13,6,1.0,1.0,0.0,0.0,0.46,0.15,0.0,255,6,0.02,0.08,0.0,0.0,1.0,1.0,0.0,0.0,neptune
0,tcp,http,SF,368,453,0,0,0,0,0,1,0,0,0,0,0,0,0,0,0,0,18,24,0.0,0.0,0.0,0.0,1.0,0.0,0.08,255,255,1.0,0.0,0.0,0.0,0.0,0.0,0.0,0.0,normal
0,tcp,private,S0,0,0,0,0,0,0,0,0,0,0,0,0,0,0,0,0,0,0,204,2,1.0,1.0,0.0,0.0,0.01,0.06,0.0,65,2,0.03,0.15,0.02,0.0,0.78,1.0,0.02,0.0,neptune
0,icmp,eco_i,SF,30,0,0,0,0,0,0,0,0,0,0,0,0,0,0,0,0,0,5,1,0.0,0.0,0.0,0.0,0.2,0.6,0.0,255,4,0.02,0.01,0.08,0.0,0.0,0.0,0.0,0.0,normal
0,tcp,private,S0,0,0,0,0,0,0,0,0,0,0,0,0,0,0,0,0,0,0,149,17,1.0,1.0,0.0,0.0,0.11,0.05,0.0,255,30,0.12,0.05,0.0,0.0,1.0,1.0,0.0,0.0,neptune
0,tcp,http,SF,220,2467,0,0,0,0,0,1,0,0,0,0,0,0,0,0,0,0,14,14,0.0,0.0,0.0,0.0,1.0,0.0,0.0,47,255,1.0,0.0,0.02,0.01,0.0,0.0,0.0,0.0,normal
0,tcp,discard,S0,0,0,0,0,0,0,0,0,0,0,0,0,0,0,0,0,0,0,9,2,1.0,1.0,0.0,0.0,0.22,0.67,0.0,255,10,0.04,0.09,0.0,0.0,1.0,1.0,0.0,0.0,neptune
0,tcp,http_443,S0,0,0,0,0,0,0,0,0,0,0,0,0,0,0,0,0,0,0,205,17,1.0,1.0,0.0,0.0,0.08,0.05,0.0,255,17,0.07,0.05,0.0,0.0,1.0,1.0,0.0,0.0,neptune
0,tcp,ftp_data,SF,59,0,0,0,0,0,0,1,0,0,0,0,0,0,0,0,0,0,16,16,0.0,0.0,0.0,0.0,1.0,0.0,0.0,255,81,0.32,0.02,0.32,0.0,0.0,0.0,0.03,0.0,normal
0,tcp,private,S0,0,0,0,0,0,0,0,0,0,0,0,0,0,0,0,0,0,0,13,3,1.0,1.0,0.0,0.0,0.23,0.38,0.0,255,3,0.01,0.09,0.0,0.0,1.0,1.0,0.0,0.0,neptune
0,tcp,http,SF,329,1303,0,0,0,0,0,1,0,0,0,0,0,0,0,0,0,0,3,3,0.0,0.0,0.0,0.0,1.0,0.0,0.0,15,255,1.0,0.0,0.07,0.06,0.0,0.0,0.0,0.0,normal
0,tcp,uucp,S0,0,0,0,0,0,0,0,0,0,0,0,0,0,0,0,0,0,0,144,19,1.0,1.0,0.0,0.0,0.13,0.06,0.0,255,19,0.07,0.06,0.0,0.0,1.0,1.0,0.0,0.0,neptune
0,tcp,login,S0,0,0,0,0,0,0,0,0,0,0,0,0,0,0,0,0,0,0,131,2,1.0,1.0,0.0,0.0,0.02,0.06,0.0,255,13,0.05,0.07,0.0,0.0,1.0,1.0,0.0,0.0,neptune
0,tcp,http,REJ,0,0,0,0,0,0,0,0,0,0,0,0,0,0,0,0,0,0,7,7,0.0,0.0,0.43,0.43,1.0,0.0,0.0,160,171,1.0,0.0,0.01,0.04,0.01,0.01,0.26,0.3,normal
0,udp,other,SF,1,0,0,0,0,0,0,0,0,0,0,0,0,0,0,0,0,0,9,9,0.0,0.0,0.0,0.0,1.0,0.0,0.0,255,9,0.04,0.2,0.59,0.0,0.0,0.0,0.35,0.0,satan
0,tcp,uucp_path,S0,0,0,0,0,0,0,0,0,0,0,0,0,0,0,0,0,0,0,203,9,1.0,1.0,0.0,0.0,0.04,0.07,0.0,255,9,0.04,0.06,0.0,0.0,1.0,1.0,0.0,0.0,neptune
0,tcp,private,S0,0,0,0,0,0,0,0,0,0,0,0,0,0,0,0,0,0,0,110,4,1.0,1.0,0.0,0.0,0.04,0.07,0.0,108,4,0.04,0.09,0.01,0.0,1.0,1.0,0.0,0.0,neptune
0,tcp,http,SF,226,1890,0,0,0,0,0,1,0,0,0,0,0,0,0,0,0,0,11,11,0.0,0.0,0.0,0.0,1.0,0.0,0.0,75,255,1.0,0.0,0.01,0.03,0.0,0.0,0.0,0.0,normal
0,tcp,ftp_data,SF,5319,0,0,0,0,0,0,1,0,0,0,0,0,0,0,0,0,0,2,2,0.0,0.0,0.0,0.0,1.0,0.0,0.0,255,79,0.31,0.03,0.31,0.0,0.0,0.0,0.0,0.0,normal
0,tcp,http,SF,335,388,0,0,0,0,0,1,0,0,0,0,0,0,0,0,0,0,13,14,0.0,0.0,0.0,0.0,1.0,0.0,0.14,169,255,1.0,0.0,0.01,0.02,0.0,0.0,0.0,0.0,normal
0,tcp,http,REJ,0,0,0,0,0,0,0,0,0,0,0,0,0,0,0,0,0,0,1,2,0.0,0.0,1.0,1.0,1.0,0.0,1.0,2,145,1.0,0.0,0.5,0.2,0.0,0.0,1.0,1.0,normal
0,tcp,http,SF,216,658,0,0,0,0,0,1,0,0,0,0,0,0,0,0,0,0,13,13,0.0,0.0,0.0,0.0,1.0,0.0,0.0,255,255,1.0,0.0,0.0,0.0,0.0,0.0,0.0,0.0,normal
0,tcp,private,S0,0,0,0,0,0,0,0,0,0,0,0,0,0,0,0,0,0,0,130,6,1.0,1.0,0.0,0.0,0.05,0.06,0.0,255,5,0.02,0.07,0.0,0.0,1.0,1.0,0.0,0.0,neptune
0,tcp,http,SF,161,5530,0,0,0,0,0,1,0,0,0,0,0,0,0,0,0,0,2,2,0.0,0.0,0.0,0.0,1.0,0.0,0.0,2,255,1.0,0.0,0.5,0.05,0.0,0.0,0.0,0.0,normal
0,tcp,mtp,S0,0,0,0,0,0,0,0,0,0,0,0,0,0,0,0,0,0,0,207,10,1.0,1.0,0.0,0.0,0.05,0.06,0.0,255,10,0.04,0.07,0.0,0.0,1.0,1.0,0.0,0.0,neptune
0,tcp,private,S0,0,0,0,0,0,0,0,0,0,0,0,0,0,0,0,0,0,0,178,17,1.0,1.0,0.0,0.0,0.1,0.06,0.0,255,6,0.02,0.09,0.0,0.0,1.0,1.0,0.0,0.0,neptune
0,tcp,uucp,S0,0,0,0,0,0,0,0,0,0,0,0,0,0,0,0,0,0,0,21,11,1.0,1.0,0.0,0.0,0.52,0.14,0.0,255,11,0.04,0.07,0.0,0.0,1.0,1.0,0.0,0.0,neptune
0,tcp,csnet_ns,S0,0,0,0,0,0,0,0,0,0,0,0,0,0,0,0,0,0,0,104,7,1.0,1.0,0.0,0.0,0.07,0.07,0.0,255,5,0.02,0.08,0.0,0.0,1.0,1.0,0.0,0.0,neptune
0,tcp,http,SF,227,1300,0,0,0,0,0,1,0,0,0,0,0,0,0,0,0,0,21,21,0.0,0.0,0.0,0.0,1.0,0.0,0.0,43,255,1.0,0.0,0.02,0.02,0.0,0.0,0.0,0.0,normal
0,icmp,eco_i,SF,8,0,0,0,0,0,0,0,0,0,0,0,0,0,0,0,0,0,1,27,0.0,0.0,0.0,0.0,1.0,0.0,1.0,1,39,1.0,0.0,1.0,0.51,0.0,0.0,0.0,0.0,ipsweep
0,icmp,eco_i,SF,8,0,0,0,0,0,0,0,0,0,0,0,0,0,0,0,0,0,1,12,0.0,0.0,0.0,0.0,1.0,0.0,1.0,3,71,1.0,0.0,1.0,0.25,0.0,0.0,0.0,0.0,nmap
2,tcp,ftp_data,SF,2194619,0,0,0,0,0,0,1,0,0,0,0,0,0,0,0,0,0,1,1,0.0,0.0,0.0,0.0,1.0,0.0,0.0,255,36,0.14,0.6,0.14,0.0,0.0,0.0,0.0,0.0,normal
0,tcp,ftp_data,SF,10261,0,0,0,0,0,0,1,0,0,0,0,0,0,0,0,0,0,8,8,0.0,0.0,0.0,0.0,1.0,0.0,0.0,25,96,0.56,0.08,0.56,0.02,0.0,0.0,0.0,0.0,normal
0,icmp,eco_i,SF,8,0,0,0,0,0,0,0,0,0,0,0,0,0,0,0,0,0,1,16,0.0,0.0,0.0,0.0,1.0,0.0,1.0,2,86,1.0,0.0,1.0,0.51,0.0,0.0,0.0,0.0,ipsweep
0,tcp,http,SF,144,1569,0,0,0,0,0,1,0,0,0,0,0,0,0,0,0,0,5,5,0.0,0.0,0.0,0.0,1.0,0.0,0.0,5,255,1.0,0.0,0.2,0.05,0.0,0.0,0.0,0.0,normal
0,tcp,link,S0,0,0,0,0,0,0,0,0,0,0,0,0,0,0,0,0,0,0,242,6,1.0,1.0,0.0,0.0,0.02,0.07,0.0,255,6,0.02,0.07,0.0,0.0,1.0,1.0,0.0,0.0,neptune
0,udp,domain_u,SF,36,0,0,0,0,0,0,0,0,0,0,0,0,0,0,0,0,0,11,11,0.0,0.0,0.0,0.0,1.0,0.0,0.0,50,79,1.0,0.0,1.0,0.03,0.0,0.0,0.0,0.0,normal
0,tcp,http,REJ,0,0,0,0,0,0,0,0,0,0,0,0,0,0,0,0,0,0,1,1,0.0,0.0,1.0,1.0,1.0,0.0,0.0,10,255,1.0,0.0,0.1,0.06,0.0,0.0,1.0,0.41,normal
0,tcp,bgp,S0,0,0,0,0,0,0,0,0,0,0,0,0,0,0,0,0,0,0,202,2,1.0,1.0,0.0,0.0,0.01,0.05,0.0,160,2,0.01,0.07,0.01,0.0,0.99,1.0,0.0,0.0,neptune
0,udp,domain_u,SF,43,75,0,0,0,0,0,0,0,0,0,0,0,0,0,0,0,0,134,134,0.0,0.0,0.0,0.0,1.0,0.0,0.0,255,254,1.0,0.01,0.01,0.0,0.0,0.0,0.0,0.0,normal
0,tcp,private,S0,0,0,0,0,0,0,0,0,0,0,0,0,0,0,0,0,0,0,129,13,1.0,1.0,0.0,0.0,0.1,0.05,0.0,255,8,0.03,0.05,0.0,0.0,1.0,1.0,0.0,0.0,neptune
22901,tcp,private,RSTR,1,0,0,0,0,0,0,0,0,0,0,0,0,0,0,0,0,0,2,2,0.0,0.0,1.0,1.0,1.0,0.0,0.0,255,2,0.01,0.73,1.0,0.0,0.0,0.0,1.0,1.0,portsweep
1,tcp,smtp,SF,1029,328,0,0,0,0,0,1,0,0,0,0,0,0,0,0,0,0,1,3,0.0,0.0,0.0,0.0,1.0,0.0,1.0,8,187,1.0,0.0,0.12,0.01,0.0,0.0,0.0,0.0,normal
0,tcp,http,SF,313,1292,0,0,0,0,0,1,0,0,0,0,0,0,0,0,0,0,7,9,0.0,0.0,0.0,0.0,1.0,0.0,0.22,64,255,1.0,0.0,0.02,0.05,0.0,0.0,0.0,0.0,normal
0,tcp,http,SF,324,11972,0,0,0,0,0,1,0,0,0,0,0,0,0,0,0,0,2,2,0.0,0.0,0.0,0.0,1.0,0.0,0.0,51,255,1.0,0.0,0.02,0.06,0.0,0.0,0.0,0.0,normal
0,icmp,ecr_i,SF,1032,0,0,0,0,0,0,0,0,0,0,0,0,0,0,0,0,0,511,511,0.0,0.0,0.0,0.0,1.0,0.0,0.0,255,195,0.76,0.03,0.76,0.0,0.0,0.0,0.0,0.0,smurf
0,tcp,iso_tsap,S0,0,0,0,0,0,0,0,0,0,0,0,0,0,0,0,0,0,0,231,19,1.0,1.0,0.0,0.0,0.08,0.05,0.0,255,19,0.07,0.05,0.0,0.0,1.0,1.0,0.0,0.0,neptune
0,icmp,ecr_i,SF,520,0,0,0,0,0,0,0,0,0,0,0,0,0,0,0,0,0,293,293,0.0,0.0,0.0,0.0,1.0,0.0,0.0,255,255,1.0,0.0,1.0,0.0,0.0,0.0,0.0,0.0,smurf
0,tcp,http,SF,300,2507,0,0,0,0,0,1,0,0,0,0,0,0,0,0,0,0,4,4,0.0,0.0,0.0,0.0,1.0,0.0,0.0,216,210,0.97,0.01,0.0,0.0,0.0,0.0,0.07,0.07,normal
0,tcp,http,SF,298,5336,0,0,0,0,0,1,0,0,0,0,0,0,0,0,0,0,16,16,0.0,0.0,0.0,0.0,1.0,0.0,0.0,110,255,1.0,0.0,0.01,0.01,0.0,0.0,0.0,0.0,normal
0,tcp,private,RSTR,0,0,0,0,0,0,0,0,0,0,0,0,0,0,0,0,0,0,1,1,0.0,0.0,1.0,1.0,1.0,0.0,0.0,255,1,0.0,0.36,0.71,0.0,0.0,0.0,0.71,1.0,portsweep
0,udp,domain_u,SF,44,70,0,0,0,0,0,0,0,0,0,0,0,0,0,0,0,0,127,127,0.0,0.0,0.0,0.0,1.0,0.0,0.0,255,224,0.88,0.01,0.0,0.0,0.0,0.0,0.0,0.0,normal
0,udp,domain_u,SF,45,130,0,0,0,0,0,0,0,0,0,0,0,0,0,0,0,0,199,199,0.0,0.0,0.0,0.0,1.0,0.0,0.0,124,85,0.69,0.02,0.01,0.0,0.0,0.0,0.0,0.0,normal
0,tcp,http,SF,202,8973,0,0,0,0,0,1,0,0,0,0,0,0,0,0,0,0,2,2,0.0,0.0,0.0,0.0,1.0,0.0,0.0,128,255,1.0,0.0,0.01,0.01,0.0,0.0,0.13,0.07,normal
3,tcp,smtp,SF,1114,326,0,0,0,0,0,1,0,0,0,0,0,0,0,0,0,0,1,2,0.0,0.0,0.0,0.0,1.0,0.0,1.0,100,115,0.52,0.04,0.01,0.02,0.0,0.0,0.0,0.0,normal
890,tcp,telnet,RSTO,0,14,0,0,0,0,0,0,0,0,0,0,0,0,0,0,0,0,1,1,0.0,0.0,1.0,1.0,1.0,0.0,0.0,2,2,1.0,0.0,1.0,0.0,0.0,0.0,0.5,0.5,normal
0,tcp,ftp_data,SF,71,0,0,0,0,0,0,0,0,0,0,0,0,0,0,0,0,0,1,1,0.0,0.0,0.0,0.0,1.0,0.0,0.0,255,57,0.22,0.4,0.22,0.0,0.4,0.0,0.0,0.0,normal
0,udp,domain_u,SF,45,78,0,0,0,0,0,0,0,0,0,0,0,0,0,0,0,0,157,157,0.0,0.0,0.0,0.0,1.0,0.0,0.0,255,255,1.0,0.0,0.01,0.0,0.0,0.0,0.0,0.0,normal
0,tcp,http,SF,294,699,0,0,0,0,0,1,0,0,0,0,0,0,0,0,0,0,6,6,0.0,0.0,0.0,0.0,1.0,0.0,0.0,18,255,1.0,0.0,0.06,0.03,0.0,0.0,0.0,0.0,normal
0,tcp,discard,S0,0,0,0,0,0,0,0,0,0,0,0,0,0,0,0,0,0,0,221,7,1.0,1.0,0.0,0.0,0.03,0.06,0.0,255,7,0.03,0.07,0.0,0.0,1.0,1.0,0.0,0.0,neptune
0,tcp,private,S0,0,0,0,0,0,0,0,0,0,0,0,0,0,0,0,0,0,0,88,5,1.0,1.0,0.0,0.0,0.06,0.07,0.0,255,1,0.0,0.07,0.0,0.0,1.0,1.0,0.0,0.0,neptune
0,tcp,http,SF,361,758,0,0,0,0,0,1,0,0,0,0,0,0,0,0,0,0,10,10,0.0,0.0,0.0,0.0,1.0,0.0,0.0,255,255,1.0,0.0,0.0,0.0,0.0,0.0,0.0,0.0,normal
0,tcp,ftp_data,SF,749,0,0,0,0,0,0,1,0,0,0,0,0,0,0,0,0,0,2,2,0.0,0.0,0.0,0.0,1.0,0.0,0.0,140,90,0.36,0.11,0.42,0.02,0.01,0.01,0.0,0.0,normal
0,udp,domain_u,SF,36,0,0,0,0,0,0,0,0,0,0,0,0,0,0,0,0,0,5,7,0.0,0.0,0.0,0.0,1.0,0.0,0.29,93,93,1.0,0.0,1.0,0.0,0.0,0.0,0.0,0.0,normal
0,tcp,http,SF,214,1600,0,0,0,0,0,1,0,0,0,0,0,0,0,0,0,0,5,8,0.0,0.0,0.0,0.0,1.0,0.0,0.25,255,255,1.0,0.0,0.0,0.0,0.0,0.0,0.0,0.0,normal
0,tcp,private,RSTR,0,0,0,0,0,0,0,0,0,0,0,0,0,0,0,0,0,0,1,1,0.0,0.0,1.0,1.0,1.0,0.0,0.0,255,1,0.0,0.59,0.58,0.0,0.0,0.0,0.59,1.0,portsweep
0,tcp,private,S0,0,0,0,0,0,0,0,0,0,0,0,0,0,0,0,0,0,0,253,6,1.0,1.0,0.0,0.0,0.02,0.06,0.0,255,2,0.01,0.07,0.0,0.0,1.0,1.0,0.0,0.0,neptune
0,tcp,bgp,S0,0,0,0,0,0,0,0,0,0,0,0,0,0,0,0,0,0,0,269,12,1.0,1.0,0.0,0.0,0.04,0.06,0.0,255,12,0.05,0.07,0.0,0.0,1.0,1.0,0.0,0.0,neptune
0,tcp,http,SF,285,1670,0,0,0,0,0,1,0,0,0,0,0,0,0,0,0,0,12,54,0.0,0.0,0.0,0.0,1.0,0.0,0.04,199,255,1.0,0.0,0.01,0.02,0.0,0.0,0.0,0.0,normal
0,tcp,http,SF,310,8222,0,0,0,0,0,1,0,0,0,0,0,0,0,0,0,0,1,3,0.0,0.0,0.0,0.0,1.0,0.0,1.0,59,255,1.0,0.0,0.02,0.03,0.0,0.01,0.0,0.0,normal
0,tcp,echo,S0,0,0,0,0,0,0,0,0,0,0,0,0,0,0,0,0,0,0,166,9,1.0,1.0,0.0,0.0,0.05,0.07,0.0,255,9,0.04,0.06,0.0,0.0,1.0,1.0,0.0,0.0,neptune
1,tcp,smtp,SF,1092,335,0,0,0,0,0,1,0,0,0,0,0,0,0,0,0,0,1,4,0.0,0.0,0.0,0.0,1.0,0.0,1.0,27,178,0.7,0.15,0.04,0.02,0.0,0.0,0.0,0.0,normal
0,tcp,daytime,S0,0,0,0,0,0,0,0,0,0,0,0,0,0,0,0,0,0,0,233,4,1.0,1.0,0.0,0.0,0.02,0.07,0.0,255,1,0.0,0.08,0.0,0.0,1.0,1.0,0.0,0.0,neptune
0,tcp,private,SH,0,0,0,0,0,0,0,0,0,0,0,0,0,0,0,0,0,0,1,1,1.0,1.0,0.0,0.0,1.0,0.0,0.0,182,1,0.01,0.95,0.96,0.0,0.96,1.0,0.0,0.0,nmap
0,tcp,http,SF,193,2692,0,0,0,0,0,1,0,0,0,0,0,0,0,0,0,0,10,10,0.0,0.0,0.0,0.0,1.0,0.0,0.0,44,255,1.0,0.0,0.02,0.02,0.0,0.0,0.0,0.0,normal
0,tcp,http,SF,222,5162,0,0,0,0,0,1,0,0,0,0,0,0,0,0,0,0,3,6,0.0,0.0,0.0,0.0,1.0,0.0,0.5,110,255,1.0,0.0,0.01,0.01,0.01,0.01,0.0,0.0,normal
0,tcp,http,REJ,0,0,0,0,0,0,0,0,0,0,0,0,0,0,0,0,0,0,1,1,0.0,0.0,1.0,1.0,1.0,0.0,0.0,27,255,1.0,0.0,0.04,0.08,0.0,0.0,1.0,0.84,normal
0,tcp,http,SF,168,740,0,0,0,0,0,1,0,0,0,0,0,0,0,0,0,0,2,2,0.0,0.0,0.0,0.0,1.0,0.0,0.0,10,255,1.0,0.0,0.1,0.02,0.0,0.0,0.0,0.0,normal
0,tcp,http,SF,163,19076,0,0,0,0,0,1,0,0,0,0,0,0,0,0,0,0,1,1,0.0,0.0,0.0,0.0,1.0,0.0,0.0,255,255,1.0,0.0,0.0,0.0,0.0,0.0,0.13,0.13,normal
0,tcp,http,SF,461,5029,0,0,0,0,0,1,0,0,0,0,0,0,0,0,0,0,14,19,0.0,0.0,0.0,0.0,1.0,0.0,0.21,255,255,1.0,0.0,0.0,0.0,0.0,0.0,0.0,0.0,normal
0,tcp,netbios_ns,S0,0,0,0,0,0,0,0,0,0,0,0,0,0,0,0,0,0,0,208,21,1.0,1.0,0.0,0.0,0.1,0.06,0.0,255,21,0.08,0.06,0.0,0.0,1.0,1.0,0.0,0.0,neptune
0,tcp,ftp,S0,0,0,0,0,0,0,0,0,0,0,0,0,0,0,0,0,0,0,210,19,1.0,1.0,0.0,0.0,0.09,0.06,0.0,255,18,0.07,0.06,0.0,0.0,1.0,1.0,0.0,0.0,neptune
6029,udp,other,SF,146,105,0,0,0,0,0,0,0,0,0,0,0,0,0,0,0,0,4,2,0.0,0.0,0.0,0.0,0.5,0.5,0.0,255,2,0.01,0.75,0.99,0.0,0.0,0.0,0.0,0.0,normal
0,tcp,private,REJ,0,0,0,0,0,0,0,0,0,0,0,0,0,0,0,0,0,0,112,18,0.0,0.0,1.0,1.0,0.16,0.05,0.0,255,18,0.07,0.06,0.0,0.0,0.0,0.0,1.0,1.0,neptune
0,udp,other,SF,147,0,0,0,0,0,0,0,0,0,0,0,0,0,0,0,0,0,4,1,0.0,0.0,0.0,0.0,0.25,0.75,0.0,255,1,0.0,0.85,0.99,0.0,0.0,0.0,0.0,0.0,normal
0,tcp,link,S0,0,0,0,0,0,0,0,0,0,0,0,0,0,0,0,0,0,0,251,22,1.0,1.0,0.0,0.0,0.09,0.05,0.0,255,22,0.09,0.06,0.0,0.0,1.0,1.0,0.0,0.0,neptune
0,udp,domain_u,SF,45,140,0,0,0,0,0,0,0,0,0,0,0,0,0,0,0,0,81,162,0.0,0.0,0.0,0.0,1.0,0.0,0.01,255,219,0.86,0.02,0.0,0.0,0.0,0.0,0.0,0.0,normal
0,icmp,eco_i,SF,8,0,0,0,0,0,0,0,0,0,0,0,0,0,0,0,0,0,1,40,0.0,0.0,0.0,0.0,1.0,0.0,1.0,1,113,1.0,0.0,1.0,0.5,0.0,0.0,0.0,0.0,ipsweep
0,tcp,http,REJ,0,0,0,0,0,0,0,0,0,0,0,0,0,0,0,0,0,0,1,1,0.0,0.0,1.0,1.0,1.0,0.0,0.0,5,227,1.0,0.0,0.2,0.12,0.0,0.0,1.0,0.72,normal
0,tcp,http,SF,273,327,0,0,0,0,0,1,0,0,0,0,0,0,0,0,0,0,3,21,0.0,0.0,0.0,0.0,1.0,0.0,0.24,149,255,1.0,0.0,0.01,0.01,0.0,0.0,0.01,0.0,normal
0,tcp,http,SF,415,11202,0,0,0,0,0,1,0,0,0,0,0,0,0,0,0,0,5,5,0.2,0.2,0.0,0.0,1.0,0.0,0.0,255,255,1.0,0.0,0.0,0.0,0.01,0.01,0.0,0.0,normal
0,tcp,bgp,REJ,0,0,0,0,0,0,0,0,0,0,0,0,0,0,0,0,0,0,110,20,0.0,0.0,1.0,1.0,0.18,0.06,0.0,255,17,0.07,0.07,0.0,0.0,0.0,0.0,1.0,1.0,neptune
0,tcp,iso_tsap,S0,0,0,0,0,0,0,0,0,0,0,0,0,0,0,0,0,0,0,233,18,1.0,1.0,0.0,0.0,0.08,0.06,0.0,255,18,0.07,0.07,0.0,0.0,1.0,1.0,0.0,0.0,neptune
0,tcp,http,SF,296,734,0,0,0,0,0,1,0,0,0,0,0,0,0,0,0,0,12,12,0.0,0.0,0.0,0.0,1.0,0.0,0.0,17,255,1.0,0.0,0.06,0.03,0.0,0.0,0.0,0.0,normal
0,icmp,eco_i,SF,8,0,0,0,0,0,0,0,0,0,0,0,0,0,0,0,0,0,1,45,0.0,0.0,0.0,0.0,1.0,0.0,1.0,2,43,1.0,0.0,1.0,0.51,0.0,0.0,0.0,0.0,ipsweep
0,icmp,ecr_i,SF,1032,0,0,0,0,0,0,0,0,0,0,0,0,0,0,0,0,0,511,511,0.0,0.0,0.0,0.0,1.0,0.0,0.0,228,83,0.36,0.01,0.36,0.0,0.0,0.0,0.0,0.0,smurf
0,udp,private,SF,207,0,0,0,0,0,0,0,0,0,0,0,0,0,0,0,0,0,2,2,0.0,0.0,0.0,0.0,1.0,0.0,0.0,156,132,0.85,0.01,0.85,0.0,0.0,0.0,0.0,0.0,nmap
0,tcp,http,SF,291,1967,0,0,0,0,0,1,0,0,0,0,0,0,0,0,0,0,9,21,0.0,0.0,0.0,0.0,1.0,0.0,0.24,9,255,1.0,0.0,0.11,0.02,0.0,0.0,0.0,0.0,normal
0,udp,domain_u,SF,43,71,0,0,0,0,0,0,0,0,0,0,0,0,0,0,0,0,154,154,0.0,0.0,0.0,0.0,1.0,0.0,0.0,255,254,1.0,0.01,0.0,0.0,0.0,0.0,0.0,0.0,normal
0,udp,domain_u,SF,34,0,0,0,0,0,0,0,0,0,0,0,0,0,0,0,0,0,1,2,0.0,0.0,0.0,0.0,1.0,0.0,1.0,255,11,0.04,0.03,0.04,0.0,0.0,0.0,0.0,0.0,normal
14,udp,private,SF,105,147,0,0,0,0,0,0,0,0,0,0,0,0,0,0,0,0,2,2,0.0,0.0,0.0,0.0,1.0,0.0,0.0,13,13,1.0,0.0,0.15,0.0,0.0,0.0,0.0,0.0,normal
0,icmp,eco_i,SF,18,0,0,0,0,0,0,0,0,0,0,0,0,0,0,0,0,0,1,1,0.0,0.0,0.0,0.0,1.0,0.0,0.0,4,72,1.0,0.0,1.0,0.25,0.0,0.0,0.0,0.0,ipsweep
0,tcp,http,SF,299,644,0,0,0,0,0,1,0,0,0,0,0,0,0,0,0,0,6,6,0.0,0.0,0.0,0.0,1.0,0.0,0.0,49,255,1.0,0.0,0.02,0.04,0.0,0.0,0.0,0.0,normal
0,udp,private,SF,28,0,0,3,0,0,0,0,0,0,0,0,0,0,0,0,0,0,15,15,0.0,0.0,0.0,0.0,1.0,0.0,0.0,255,15,0.06,0.01,0.06,0.0,0.0,0.0,0.0,0.0,teardrop
0,tcp,http,SF,197,13595,0,0,0,0,0,1,0,0,0,0,0,0,0,0,0,0,3,3,0.0,0.0,0.0,0.0,1.0,0.0,0.0,11,255,1.0,0.0,0.09,0.04,0.0,0.0,0.0,0.0,normal
0,tcp,http,SF,242,397,0,0,0,0,0,1,0,0,0,0,0,0,0,0,0,0,10,27,0.0,0.0,0.0,0.0,1.0,0.0,0.07,255,255,1.0,0.0,0.0,0.0,0.0,0.0,0.0,0.0,normal
0,tcp,private,S0,0,0,0,0,0,0,0,0,0,0,0,0,0,0,0,0,0,0,111,5,1.0,1.0,0.0,0.0,0.05,0.06,0.0,255,35,0.14,0.05,0.0,0.0,1.0,1.0,0.0,0.0,neptune
0,tcp,private,REJ,0,0,0,0,0,0,0,0,0,0,0,0,0,0,0,0,0,0,203,20,0.0,0.0,1.0,1.0,0.1,0.07,0.0,255,20,0.08,0.08,0.0,0.0,0.0,0.0,1.0,1.0,neptune
0,icmp,eco_i,SF,8,0,0,0,0,0,0,0,0,0,0,0,0,0,0,0,0,0,1,9,0.0,0.0,0.0,0.0,1.0,0.0,1.0,1,6,1.0,0.0,1.0,0.67,0.0,0.0,0.0,0.0,ipsweep
0,tcp,http,SF,288,6935,0,0,0,0,0,1,0,0,0,0,0,0,0,0,0,0,3,3,0.33,0.33,0.0,0.0,1.0,0.0,0.0,255,255,1.0,0.0,0.0,0.0,0.0,0.0,0.0,0.0,normal
0,tcp,ftp,S0,0,0,0,0,0,0,0,0,0,0,0,0,0,0,0,0,0,0,245,4,1.0,1.0,0.0,0.0,0.02,0.06,0.0,255,6,0.02,0.06,0.0,0.0,1.0,1.0,0.0,0.0,neptune
0,icmp,eco_i,SF,8,0,0,0,0,0,0,0,0,0,0,0,0,0,0,0,0,0,1,19,0.0,0.0,0.0,0.0,1.0,0.0,1.0,3,103,1.0,0.0,1.0,0.25,0.0,0.0,0.0,0.0,nmap
0,tcp,http,REJ,0,0,0,0,0,0,0,0,0,0,0,0,0,0,0,0,0,0,1,1,0.0,0.0,1.0,1.0,1.0,0.0,0.0,2,239,1.0,0.0,0.5,0.14,0.0,0.0,1.0,1.0,normal
2,tcp,smtp,SF,894,327,0,0,0,0,0,1,0,0,0,0,0,0,0,0,0,0,1,1,0.0,0.0,0.0,0.0,1.0,0.0,0.0,70,101,0.39,0.04,0.01,0.02,0.01,0.02,0.0,0.0,normal
0,tcp,http,SF,232,3390,0,0,0,0,0,1,0,0,0,0,0,0,0,0,0,0,31,38,0.0,0.0,0.0,0.0,1.0,0.0,0.08,65,255,1.0,0.0,0.02,0.01,0.0,0.0,0.0,0.0,normal
0,tcp,private,REJ,0,0,0,0,0,0,0,0,0,0,0,0,0,0,0,0,0,0,136,13,0.0,0.0,1.0,1.0,0.1,0.06,0.0,255,28,0.11,0.05,0.0,0.0,0.0,0.0,1.0,1.0,neptune
0,tcp,ftp_data,SF,12,0,0,0,0,0,0,1,0,0,0,0,0,0,0,0,0,0,2,2,0.0,0.0,0.0,0.0,1.0,0.0,0.0,145,46,0.32,0.03,0.32,0.0,0.0,0.0,0.0,0.0,normal
0,tcp,http,SF,299,2769,0,0,0,0,0,1,0,0,0,0,0,0,0,0,0,0,12,24,0.0,0.0,0.0,0.0,1.0,0.0,0.21,210,255,1.0,0.0,0.0,0.01,0.0,0.0,0.0,0.0,normal
0,tcp,private,S0,0,0,0,0,0,0,0,0,0,0,0,0,0,0,0,0,0,0,238,16,1.0,1.0,0.0,0.0,0.07,0.05,0.0,255,16,0.06,0.07,0.0,0.0,1.0,1.0,0.0,0.0,neptune
0,icmp,ecr_i,SF,1032,0,0,0,0,0,0,0,0,0,0,0,0,0,0,0,0,0,511,511,0.0,0.0,0.0,0.0,1.0,0.0,0.0,255,14,0.05,0.05,0.05,0.0,0.36,0.0,0.02,0.0,smurf
0,tcp,smtp,SF,2126,334,0,0,0,0,0,1,0,0,0,0,0,0,0,0,0,0,1,1,0.0,0.0,0.0,0.0,1.0,0.0,0.0,197,245,0.97,0.01,0.01,0.01,0.0,0.0,0.0,0.0,normal
0,tcp,http,SF,224,26956,0,0,0,0,0,1,0,0,0,0,0,0,0,0,0,0,20,26,0.0,0.0,0.0,0.0,1.0,0.0,0.08,20,255,1.0,0.0,0.05,0.05,0.0,0.0,0.0,0.0,normal
0,tcp,http,SF,336,269,0,0,0,0,0,1,0,0,0,0,0,0,0,0,0,0,11,11,0.0,0.0,0.0,0.0,1.0,0.0,0.0,154,255,1.0,0.0,0.01,0.04,0.0,0.0,0.0,0.0,normal
2634,udp,other,SF,147,105,0,0,0,0,0,0,0,0,0,0,0,0,0,0,0,0,1,1,0.0,0.0,0.0,0.0,1.0,0.0,0.0,255,2,0.01,0.75,1.0,0.0,0.0,0.0,0.0,0.0,normal
0,icmp,urp_i,SF,66,0,0,0,0,0,0,0,0,0,0,0,0,0,0,0,0,0,2,1,0.0,0.0,0.0,0.0,0.5,1.0,0.0,255,2,0.01,0.01,0.01,0.0,0.0,0.0,0.0,0.0,normal
0,tcp,http,SF,200,2200,0,0,0,0,0,1,0,0,0,0,0,0,0,0,0,0,2,2,0.0,0.0,0.0,0.0,1.0,0.0,0.0,25,255,1.0,0.0,0.04,0.03,0.0,0.0,0.0,0.0,normal
0,tcp,private,REJ,0,0,0,0,0,0,0,0,0,0,0,0,0,0,0,0,0,0,241,17,0.0,0.0,1.0,1.0,0.07,0.07,0.0,255,17,0.07,0.07,0.0,0.0,0.0,0.0,1.0,1.0,neptune
0,tcp,http,SF,225,2507,0,0,0,0,0,1,0,0,0,0,0,0,0,0,0,0,5,5,0.0,0.0,0.0,0.0,1.0,0.0,0.0,255,245,0.96,0.01,0.0,0.0,0.0,0.0,0.0,0.0,normal
0,tcp,other,REJ,0,0,0,0,0,0,0,0,0,0,0,0,0,0,0,0,0,0,510,1,0.09,0.0,0.91,1.0,0.0,1.0,0.0,255,1,0.0,1.0,0.0,0.0,0.09,0.0,0.91,1.0,satan
0,tcp,http,SF,268,5032,0,0,0,0,0,1,0,0,0,0,0,0,0,0,0,0,1,1,0.0,0.0,0.0,0.0,1.0,0.0,0.0,255,233,0.91,0.01,0.0,0.0,0.0,0.0,0.0,0.0,normal
0,tcp,http,SF,228,7337,0,0,0,0,0,1,0,0,0,0,0,0,0,0,0,0,9,14,0.0,0.0,0.0,0.0,1.0,0.0,0.29,226,255,1.0,0.0,0.0,0.02,0.0,0.0,0.0,0.0,normal
0,tcp,http,SF,226,2702,0,0,0,0,0,1,0,0,0,0,0,0,0,0,0,0,4,4,0.0,0.0,0.0,0.0,1.0,0.0,0.0,36,255,1.0,0.0,0.03,0.05,0.0,0.0,0.0,0.0,normal
0,tcp,private,S0,0,0,0,0,0,0,0,0,0,0,0,0,0,0,0,0,0,0,74,12,1.0,1.0,0.0,0.0,0.16,0.07,0.0,141,12,0.09,0.06,0.01,0.0,1.0,1.0,0.0,0.0,neptune
2470,udp,other,SF,147,105,0,0,0,0,0,0,0,0,0,0,0,0,0,0,0,0,0,0,0.0,0.0,0.0,0.0,0.0,0.0,0.0,255,1,0.0,0.87,0.97,0.0,0.0,0.0,0.0,0.0,normal
0,tcp,http,SF,306,1750,0,0,0,0,0,1,0,0,0,0,0,0,0,0,0,0,34,69,0.0,0.0,0.0,0.0,1.0,0.0,0.07,163,255,1.0,0.0,0.01,0.02,0.0,0.0,0.0,0.0,normal
0,tcp,http,SF,315,318,0,0,0,0,0,1,0,0,0,0,0,0,0,0,0,0,12,13,0.0,0.0,0.0,0.0,1.0,0.0,0.15,177,255,1.0,0.0,0.01,0.02,0.01,0.0,0.0,0.0,normal
0,tcp,finger,SF,6,222,0,0,0,0,0,0,0,0,0,0,0,0,0,0,0,0,1,1,0.0,0.0,0.0,0.0,1.0,0.0,0.0,105,4,0.02,0.04,0.01,0.5,0.0,0.0,0.0,0.0,normal
0,tcp,http_443,REJ,0,0,0,0,0,0,0,0,0,0,0,0,0,0,0,0,0,0,112,10,0.0,0.0,1.0,1.0,0.09,0.07,0.0,255,10,0.04,0.07,0.0,0.0,0.0,0.0,1.0,1.0,neptune
0,icmp,ecr_i,SF,1480,0,0,1,0,0,0,0,0,0,0,0,0,0,0,0,0,0,6,6,0.0,0.0,0.0,0.0,1.0,0.0,0.0,255,6,0.02,0.02,0.02,0.0,0.0,0.0,0.0,0.0,pod
0,tcp,netbios_dgm,S0,0,0,0,0,0,0,0,0,0,0,0,0,0,0,0,0,0,0,115,14,1.0,1.0,0.0,0.0,0.12,0.06,0.0,255,14,0.05,0.08,0.0,0.0,1.0,1.0,0.0,0.0,neptune
1,tcp,smtp,SF,3057,335,0,0,0,0,0,1,0,0,0,0,0,0,0,0,0,0,1,2,0.0,0.0,0.0,0.0,1.0,0.0,1.0,232,105,0.38,0.03,0.0,0.02,0.0,0.0,0.0,0.0,normal
0,tcp,ftp_data,S0,0,0,0,0,0,0,0,0,0,0,0,0,0,0,0,0,0,0,248,7,1.0,1.0,0.0,0.0,0.03,0.06,0.0,255,7,0.03,0.07,0.0,0.0,1.0,1.0,0.0,0.0,neptune
491,tcp,X11,SF,4002852,504344,0,0,0,0,0,1,0,0,0,0,0,0,0,0,0,0,3,2,0.0,0.0,0.0,0.0,0.67,0.67,0.0,255,2,0.01,0.61,0.0,0.0,0.0,0.0,0.0,0.0,normal
0,udp,domain_u,SF,45,131,0,0,0,0,0,0,0,0,0,0,0,0,0,0,0,0,70,150,0.0,0.0,0.0,0.0,1.0,0.0,0.01,255,239,0.94,0.01,0.0,0.0,0.0,0.0,0.0,0.0,normal
0,tcp,http,SF,205,655,0,0,0,0,0,1,0,0,0,0,0,0,0,0,0,0,13,14,0.0,0.0,0.0,0.0,1.0,0.0,0.14,255,255,1.0,0.0,0.0,0.0,0.0,0.0,0.0,0.0,normal
0,tcp,http,SF,185,1391,0,0,0,0,0,1,0,0,0,0,0,0,0,0,0,0,5,6,0.0,0.0,0.0,0.0,1.0,0.0,0.33,25,255,1.0,0.0,0.04,0.03,0.0,0.0,0.0,0.0,normal
0,udp,domain_u,SF,45,81,0,0,0,0,0,0,0,0,0,0,0,0,0,0,0,0,182,181,0.0,0.0,0.0,0.0,0.99,0.01,0.0,255,254,1.0,0.01,0.01,0.0,0.0,0.0,0.0,0.0,normal
0,tcp,private,REJ,0,0,0,0,0,0,0,0,0,0,0,0,0,0,0,0,0,0,144,14,0.0,0.0,1.0,1.0,0.1,0.06,0.0,255,11,0.04,0.06,0.0,0.0,0.0,0.0,1.0,1.0,neptune
0,tcp,smtp,SF,991,303,0,0,0,0,0,1,0,0,0,0,0,0,0,0,0,0,1,1,0.0,0.0,0.0,0.0,1.0,0.0,0.0,250,65,0.25,0.28,0.0,0.03,0.0,0.0,0.26,0.0,normal
0,tcp,smtp,SF,1388,327,0,0,0,0,0,1,0,0,0,0,0,0,0,0,0,0,1,1,0.0,0.0,0.0,0.0,1.0,0.0,0.0,255,8,0.03,0.59,0.0,0.0,0.0,0.12,0.0,0.0,normal
0,tcp,http,SF,212,2739,0,0,0,0,0,1,0,0,0,0,0,0,0,0,0,0,17,18,0.0,0.0,0.0,0.0,1.0,0.0,0.11,18,255,1.0,0.0,0.06,0.04,0.0,0.0,0.0,0.0,normal
0,tcp,klogin,S0,0,0,0,0,0,0,0,0,0,0,0,0,0,0,0,0,0,0,134,10,1.0,1.0,0.0,0.0,0.07,0.07,0.0,255,10,0.04,0.06,0.0,0.0,1.0,1.0,0.0,0.0,neptune
0,tcp,http,SF,222,7533,0,0,0,0,0,1,0,0,0,0,0,0,0,0,0,0,4,9,0.0,0.0,0.0,0.0,1.0,0.0,0.44,4,255,1.0,0.0,0.25,0.06,0.0,0.0,0.0,0.0,normal
0,tcp,telnet,S0,0,0,0,0,0,0,0,0,0,0,0,0,0,0,0,0,0,0,215,19,1.0,1.0,0.0,0.0,0.09,0.06,0.0,255,19,0.07,0.08,0.0,0.0,1.0,1.0,0.0,0.0,neptune
0,tcp,http,S0,0,0,0,0,0,0,0,0,0,0,0,0,0,0,0,0,0,0,2,4,0.5,0.5,0.0,0.0,1.0,0.0,0.5,50,255,1.0,0.0,0.04,0.07,0.02,0.02,0.0,0.01,normal
0,tcp,http,REJ,0,0,0,0,0,0,0,0,0,0,0,0,0,0,0,0,0,0,1,3,0.0,0.0,1.0,1.0,1.0,0.0,1.0,8,250,0.38,0.25,0.12,0.14,0.0,0.0,0.75,0.53,normal
75,tcp,http,SF,333,188,0,0,0,0,0,1,0,0,0,0,0,0,0,0,0,0,1,25,0.0,0.0,0.0,0.0,1.0,0.0,0.16,91,255,1.0,0.0,0.01,0.03,0.0,0.0,0.02,0.01,normal
0,icmp,ecr_i,SF,1480,0,0,1,0,0,0,0,0,0,0,0,0,0,0,0,0,0,2,4,0.0,0.0,0.0,0.0,1.0,0.0,0.5,2,36,1.0,0.0,1.0,0.5,0.0,0.0,0.0,0.0,pod
0,tcp,smtp,S0,0,0,0,0,0,0,0,0,0,0,0,0,0,0,0,0,0,0,2,2,0.5,0.5,0.0,0.0,1.0,0.0,0.0,255,29,0.11,0.55,0.01,0.0,0.0,0.03,0.0,0.0,normal
770,udp,other,SF,147,105,0,0,0,0,0,0,0,0,0,0,0,0,0,0,0,0,1,1,0.0,0.0,0.0,0.0,1.0,0.0,0.0,231,1,0.0,0.58,0.9,0.0,0.0,0.0,0.0,0.0,normal
0,tcp,discard,S0,0,0,0,0,0,0,0,0,0,0,0,0,0,0,0,0,0,0,278,24,1.0,1.0,0.0,0.0,0.09,0.05,0.0,255,24,0.09,0.05,0.0,0.0,1.0,1.0,0.0,0.0,neptune
0,tcp,auth,S0,0,0,0,0,0,0,0,0,0,0,0,0,0,0,0,0,0,0,264,10,1.0,1.0,0.0,0.0,0.04,0.06,0.0,255,10,0.04,0.07,0.0,0.0,1.0,1.0,0.0,0.0,neptune
0,tcp,private,S0,0,0,0,0,0,0,0,0,0,0,0,0,0,0,0,0,0,0,206,5,1.0,1.0,0.0,0.0,0.02,0.06,0.0,255,17,0.07,0.06,0.0,0.0,1.0,1.0,0.0,0.0,neptune
0,tcp,http,SF,332,11785,0,0,0,0,0,1,0,0,0,0,0,0,0,0,0,0,24,27,0.0,0.0,0.0,0.0,1.0,0.0,0.15,255,255,1.0,0.0,0.0,0.0,0.0,0.0,0.0,0.0,normal
0,tcp,http,SF,204,601,0,0,0,0,0,1,0,0,0,0,0,0,0,0,0,0,32,32,0.0,0.0,0.0,0.0,1.0,0.0,0.0,255,255,1.0,0.0,0.0,0.0,0.0,0.0,0.0,0.0,normal
0,tcp,private,REJ,0,0,0,0,0,0,0,0,0,0,0,0,0,0,0,0,0,0,2,1,0.0,0.0,1.0,1.0,0.5,1.0,0.0,255,1,0.0,0.46,0.44,0.0,0.0,0.0,0.44,1.0,portsweep
0,tcp,ftp_data,SF,74,0,0,0,0,0,0,1,0,0,0,0,0,0,0,0,0,0,2,2,0.0,0.0,0.0,0.0,1.0,0.0,0.0,7,11,0.71,0.29,0.71,0.18,0.0,0.0,0.0,0.0,normal
0,tcp,http,REJ,0,0,0,0,0,0,0,0,0,0,0,0,0,0,0,0,0,0,1,1,0.0,0.0,1.0,1.0,1.0,0.0,0.0,3,22,1.0,0.0,0.33,0.09,0.0,0.09,1.0,0.18,normal
0,tcp,efs,REJ,0,0,0,0,0,0,0,0,0,0,0,0,0,0,0,0,0,0,123,6,0.0,0.0,1.0,1.0,0.05,0.07,0.0,255,6,0.02,0.07,0.0,0.0,0.0,0.0,1.0,1.0,neptune
0,tcp,http,REJ,0,0,0,0,0,0,0,0,0,0,0,0,0,0,0,0,0,0,1,1,0.0,0.0,1.0,1.0,1.0,0.0,0.0,109,255,1.0,0.0,0.01,0.11,0.0,0.0,0.72,0.78,normal
0,tcp,http,SF,217,331,0,0,0,0,0,1,0,0,0,0,0,0,0,0,0,0,2,2,0.0,0.0,0.0,0.0,1.0,0.0,0.0,160,255,1.0,0.0,0.01,0.02,0.0,0.0,0.0,0.0,normal
0,tcp,http,SF,54540,8314,0,0,0,2,0,1,1,0,0,0,0,0,0,0,0,0,5,5,0.2,0.2,0.2,0.2,1.0,0.0,0.0,255,255,1.0,0.0,0.0,0.0,0.0,0.0,0.06,0.06,back
0,tcp,http,SF,208,682,0,0,0,0,0,1,0,0,0,0,0,0,0,0,0,0,18,18,0.0,0.0,0.0,0.0,1.0,0.0,0.0,255,255,1.0,0.0,0.0,0.0,0.0,0.0,0.0,0.0,normal
0,udp,private,SF,1,0,0,0,0,0,0,0,0,0,0,0,0,0,0,0,0,0,25,25,0.0,0.0,0.0,0.0,1.0,0.0,0.0,93,25,0.27,0.05,0.3,0.0,0.0,0.0,0.0,0.0,satan
0,tcp,ftp_data,SF,190,0,0,0,0,0,0,1,0,0,0,1,0,0,0,0,0,0,2,2,0.0,0.0,0.0,0.0,1.0,0.0,0.0,255,2,0.01,0.6,0.01,0.0,0.0,0.0,0.0,0.0,normal
0,tcp,http,REJ,0,0,0,0,0,0,0,0,0,0,0,0,0,0,0,0,0,0,1,1,0.0,0.0,1.0,1.0,1.0,0.0,0.0,4,255,1.0,0.0,0.25,0.07,0.0,0.0,1.0,0.49,normal
0,tcp,private,S0,0,0,0,0,0,0,0,0,0,0,0,0,0,0,0,0,0,0,77,1,1.0,1.0,0.0,0.0,0.01,0.09,0.0,255,18,0.07,0.07,0.0,0.0,1.0,1.0,0.0,0.0,neptune
0,tcp,exec,S0,0,0,0,0,0,0,0,0,0,0,0,0,0,0,0,0,0,0,147,19,1.0,1.0,0.0,0.0,0.13,0.06,0.0,255,19,0.07,0.06,0.0,0.0,1.0,1.0,0.0,0.0,neptune
0,icmp,eco_i,SF,8,0,0,0,0,0,0,0,0,0,0,0,0,0,0,0,0,0,1,30,0.0,0.0,0.0,0.0,1.0,0.0,1.0,1,61,1.0,0.0,1.0,0.51,0.0,0.0,0.0,0.0,ipsweep
0,tcp,smtp,SF,1574,385,0,0,0,0,0,1,0,0,0,0,0,0,0,0,0,0,1,3,0.0,0.0,0.0,0.0,1.0,0.0,0.67,255,131,0.51,0.01,0.0,0.0,0.74,0.76,0.0,0.0,normal
0,tcp,imap4,REJ,0,0,0,0,0,0,0,0,0,0,0,0,0,0,0,0,0,0,246,10,0.0,0.0,1.0,1.0,0.04,0.07,0.0,255,10,0.04,0.07,0.0,0.0,0.0,0.0,1.0,1.0,neptune
0,tcp,smtp,SF,1642,333,0,0,0,0,0,1,0,0,0,0,0,0,0,0,0,0,1,2,0.0,0.0,0.0,0.0,1.0,0.0,1.0,150,84,0.56,0.05,0.01,0.0,0.0,0.0,0.01,0.0,normal
0,tcp,sunrpc,RSTO,0,0,0,0,0,0,0,0,0,0,0,0,0,0,0,0,0,0,300,20,0.0,0.0,1.0,1.0,0.07,0.06,0.0,255,20,0.08,0.06,0.0,0.0,0.0,0.0,1.0,1.0,neptune
0,tcp,ftp_data,SF,245,0,0,0,0,0,0,1,0,0,0,1,0,0,0,0,0,0,2,1,0.0,0.0,0.0,0.0,0.5,1.0,0.0,25,62,0.84,0.12,0.84,0.05,0.0,0.02,0.0,0.0,normal
0,tcp,http,SF,216,1651,0,0,0,0,0,1,0,0,0,0,0,0,0,0,0,0,10,11,0.0,0.0,0.0,0.0,1.0,0.0,0.18,255,255,1.0,0.0,0.0,0.0,0.0,0.0,0.0,0.0,normal
0,tcp,private,S0,0,0,0,0,0,0,0,0,0,0,0,0,0,0,0,0,0,0,15,15,1.0,1.0,0.0,0.0,1.0,0.0,0.0,255,16,0.06,0.07,0.0,0.0,1.0,1.0,0.0,0.0,neptune
1,tcp,smtp,SF,1505,378,0,0,0,0,0,1,0,0,0,0,0,0,0,0,0,0,1,2,0.0,0.0,0.0,0.0,1.0,0.0,1.0,52,149,0.96,0.04,0.02,0.01,0.0,0.0,0.0,0.0,normal
0,tcp,Z39_50,REJ,0,0,0,0,0,0,0,0,0,0,0,0,0,0,0,0,0,0,193,13,0.0,0.0,1.0,1.0,0.07,0.07,0.0,255,13,0.05,0.07,0.0,0.0,0.0,0.0,1.0,1.0,neptune
0,tcp,ldap,S0,0,0,0,0,0,0,0,0,0,0,0,0,0,0,0,0,0,0,117,8,1.0,1.0,0.0,0.0,0.07,0.06,0.0,255,10,0.04,0.07,0.0,0.0,1.0,1.0,0.0,0.0,neptune
0,tcp,http,SF,322,1645,0,0,0,0,0,1,0,0,0,0,0,0,0,0,0,0,3,23,0.0,0.0,0.0,0.0,1.0,0.0,0.13,255,255,1.0,0.0,0.0,0.0,0.01,0.01,0.0,0.0,normal
0,tcp,imap4,S0,0,0,0,0,0,0,0,0,0,0,0,0,0,0,0,0,0,0,228,9,1.0,1.0,0.0,0.0,0.04,0.07,0.0,255,10,0.04,0.09,0.0,0.0,1.0,1.0,0.0,0.0,neptune
0,tcp,http,SF,307,397,0,0,0,0,0,1,0,0,0,0,0,0,0,0,0,0,1,10,0.0,0.0,0.0,0.0,1.0,0.0,0.2,255,255,1.0,0.0,0.0,0.0,0.0,0.0,0.0,0.0,normal
0,tcp,courier,S0,0,0,0,0,0,0,0,0,0,0,0,0,0,0,0,0,0,0,146,20,1.0,1.0,0.0,0.0,0.14,0.05,0.0,255,18,0.07,0.07,0.0,0.0,1.0,1.0,0.0,0.0,neptune
0,tcp,http,REJ,0,0,0,0,0,0,0,0,0,0,0,0,0,0,0,0,0,0,1,2,0.0,0.0,1.0,1.0,1.0,0.0,1.0,18,186,1.0,0.0,0.06,0.22,0.0,0.0,1.0,1.0,normal
0,tcp,http,SF,326,5202,0,0,0,1,0,1,0,0,0,0,0,0,0,0,0,0,12,12,0.0,0.0,0.0,0.0,1.0,0.0,0.0,31,255,1.0,0.0,0.03,0.04,0.0,0.0,0.0,0.0,normal
0,icmp,ecr_i,SF,1032,0,0,0,0,0,0,0,0,0,0,0,0,0,0,0,0,0,511,511,0.0,0.0,0.0,0.0,1.0,0.0,0.0,255,104,0.41,0.02,0.41,0.0,0.02,0.0,0.0,0.0,smurf
0,icmp,eco_i,SF,18,0,0,0,0,0,0,0,0,0,0,0,0,0,0,0,0,0,1,1,0.0,0.0,0.0,0.0,1.0,0.0,0.0,1,253,1.0,0.0,1.0,0.25,0.0,0.0,0.0,0.0,ipsweep
0,udp,domain_u,SF,42,42,0,0,0,0,0,0,0,0,0,0,0,0,0,0,0,0,125,125,0.0,0.0,0.0,0.0,1.0,0.0,0.0,255,255,1.0,0.0,0.0,0.0,0.0,0.0,0.0,0.0,normal
0,tcp,uucp,RSTO,0,0,0,0,0,0,0,0,0,0,0,0,0,0,0,0,0,0,121,17,0.0,0.0,1.0,1.0,0.14,0.07,0.0,255,17,0.07,0.07,0.0,0.0,0.0,0.0,1.0,1.0,neptune
28,tcp,ftp,SF,1533,4152,0,0,0,30,0,1,0,0,0,0,0,0,0,0,0,1,1,1,0.0,0.0,0.0,0.0,1.0,0.0,0.0,214,27,0.13,0.03,0.0,0.0,0.0,0.0,0.0,0.0,normal
3,tcp,smtp,SF,1526,332,0,0,0,0,0,1,0,0,0,0,0,0,0,0,0,0,1,2,0.0,0.0,0.0,0.0,1.0,0.0,1.0,78,69,0.74,0.08,0.01,0.03,0.0,0.0,0.0,0.0,normal
0,icmp,eco_i,SF,8,0,0,0,0,0,0,0,0,0,0,0,0,0,0,0,0,0,1,1,0.0,0.0,0.0,0.0,1.0,0.0,0.0,2,246,1.0,0.0,1.0,0.5,0.0,0.0,0.0,0.0,ipsweep
0,tcp,http,SF,279,16571,0,0,0,0,0,1,0,0,0,0,0,0,0,0,0,0,4,4,0.0,0.0,0.0,0.0,1.0,0.0,0.0,4,255,1.0,0.0,0.25,0.04,0.0,0.0,0.0,0.0,normal
3305,udp,other,SF,146,105,0,0,0,0,0,0,0,0,0,0,0,0,0,0,0,0,1,1,0.0,0.0,0.0,0.0,1.0,0.0,0.0,255,2,0.01,0.69,0.96,0.0,0.0,0.0,0.0,0.0,normal
0,tcp,http,SF,295,310,0,0,0,0,0,1,0,0,0,0,0,0,0,0,0,0,21,41,0.0,0.0,0.0,0.0,1.0,0.0,0.05,255,255,1.0,0.0,0.0,0.0,0.0,0.0,0.0,0.0,normal
0,tcp,ftp_data,SF,8737,0,0,0,0,0,0,1,0,0,0,0,0,0,0,0,0,0,12,13,0.0,0.0,0.0,0.0,1.0,0.0,0.15,156,49,0.28,0.03,0.28,0.04,0.03,0.02,0.0,0.0,normal
0,tcp,ldap,S0,0,0,0,0,0,0,0,0,0,0,0,0,0,0,0,0,0,0,119,1,1.0,1.0,0.0,0.0,0.01,0.06,0.0,255,19,0.07,0.07,0.0,0.0,1.0,1.0,0.0,0.0,neptune
0,udp,domain_u,SF,43,76,0,0,0,0,0,0,0,0,0,0,0,0,0,0,0,0,75,153,0.0,0.0,0.0,0.0,1.0,0.0,0.01,255,212,0.83,0.01,0.0,0.0,0.0,0.0,0.0,0.0,normal
0,tcp,http,SF,200,1886,0,0,0,0,0,1,0,0,0,0,0,0,0,0,0,0,8,12,0.0,0.0,0.0,0.0,1.0,0.0,0.17,27,255,1.0,0.0,0.04,0.05,0.0,0.0,0.0,0.0,normal
0,tcp,http,SF,209,744,0,0,0,0,0,1,0,0,0,0,0,0,0,0,0,0,4,18,0.0,0.0,0.0,0.0,1.0,0.0,0.17,34,255,1.0,0.0,0.03,0.02,0.0,0.0,0.0,0.0,normal
0,tcp,http,SF,262,379,0,0,0,0,0,1,0,0,0,0,0,0,0,0,0,0,1,2,0.0,0.0,0.0,0.0,1.0,0.0,1.0,5,255,1.0,0.0,0.2,0.03,0.0,0.0,0.0,0.0,normal
0,tcp,http,SF,213,1086,0,0,0,0,0,1,0,0,0,0,0,0,0,0,0,0,7,8,0.0,0.0,0.0,0.0,1.0,0.0,0.25,14,255,1.0,0.0,0.07,0.06,0.0,0.0,0.0,0.0,normal
0,tcp,http,SF,173,3171,0,0,0,0,0,1,0,0,0,0,0,0,0,0,0,0,1,2,0.0,0.0,0.0,0.0,1.0,0.0,1.0,1,255,1.0,0.0,1.0,0.04,0.0,0.0,0.0,0.04,normal
0,tcp,http,SF,225,736,0,0,0,0,0,1,0,0,0,0,0,0,0,0,0,0,1,3,0.0,0.0,0.0,0.0,1.0,0.0,0.67,125,255,1.0,0.0,0.01,0.02,0.0,0.0,0.0,0.0,normal
0,tcp,netbios_ssn,S0,0,0,0,0,0,0,0,0,0,0,0,0,0,0,0,0,0,0,115,2,1.0,1.0,0.0,0.0,0.02,0.05,0.0,255,2,0.01,0.05,0.0,0.0,1.0,1.0,0.0,0.0,neptune
0,tcp,ftp_data,S0,0,0,0,0,0,0,0,0,0,0,0,0,0,0,0,0,0,0,75,19,1.0,1.0,0.0,0.0,0.25,0.05,0.0,155,57,0.25,0.03,0.02,0.04,1.0,0.68,0.0,0.0,neptune
0,tcp,http,SF,256,2214,0,0,0,0,0,1,0,0,0,0,0,0,0,0,0,0,9,10,0.0,0.0,0.0,0.0,1.0,0.0,0.2,174,255,1.0,0.0,0.01,0.01,0.01,0.0,0.0,0.0,normal
0,tcp,http,REJ,0,0,0,0,0,0,0,0,0,0,0,0,0,0,0,0,0,0,1,1,0.0,0.0,1.0,1.0,1.0,0.0,0.0,48,255,1.0,0.0,0.02,0.29,0.0,0.0,1.0,1.0,normal
0,tcp,private,RSTO,0,0,0,0,0,0,0,0,0,0,0,0,0,0,0,0,0,0,215,8,0.0,0.0,1.0,1.0,0.04,0.07,0.0,255,8,0.03,0.08,0.0,0.0,0.0,0.0,1.0,1.0,neptune
0,udp,domain_u,SF,43,72,0,0,0,0,0,0,0,0,0,0,0,0,0,0,0,0,172,172,0.0,0.0,0.0,0.0,1.0,0.0,0.0,255,254,1.0,0.01,0.01,0.0,0.0,0.0,0.0,0.0,normal
0,tcp,smtp,SF,805,339,0,0,0,0,0,1,0,0,0,0,0,0,0,0,0,0,1,2,0.0,0.0,0.0,0.0,1.0,0.0,1.0,29,159,0.52,0.07,0.03,0.01,0.0,0.0,0.0,0.06,normal
1910,udp,other,SF,146,105,0,0,0,0,0,0,0,0,0,0,0,0,0,0,0,0,1,1,0.0,0.0,0.0,0.0,1.0,0.0,0.0,255,3,0.01,0.56,0.96,0.0,0.0,0.0,0.0,0.0,normal
0,tcp,private,S0,0,0,0,0,0,0,0,0,0,0,0,0,0,0,0,0,0,0,191,1,1.0,1.0,0.0,0.0,0.01,0.06,0.0,255,1,0.0,0.09,0.0,0.0,1.0,1.0,0.0,0.0,neptune
0,tcp,private,S0,0,0,0,0,0,0,0,0,0,0,0,0,0,0,0,0,0,0,287,9,1.0,1.0,0.0,0.0,0.03,0.06,0.0,255,16,0.06,0.07,0.0,0.0,1.0,1.0,0.0,0.0,neptune
0,tcp,http,REJ,0,0,0,0,0,0,0,0,0,0,0,0,0,0,0,0,0,0,1,1,0.0,0.0,1.0,1.0,1.0,0.0,0.0,4,2,0.5,0.75,0.25,0.0,0.0,0.0,0.5,1.0,normal
0,tcp,http,SF,383,345,0,0,0,0,0,1,0,0,0,0,0,0,0,0,0,0,4,11,0.0,0.0,0.0,0.0,1.0,0.0,0.36,24,231,1.0,0.0,0.04,0.21,0.0,0.0,0.12,0.81,normal
0,tcp,http,SF,214,4115,0,0,0,0,0,1,0,0,0,0,0,0,0,0,0,0,2,2,0.0,0.0,0.0,0.0,1.0,0.0,0.0,47,255,1.0,0.0,0.02,0.03,0.0,0.0,0.0,0.0,normal
0,tcp,ftp_data,SF,175337,0,0,0,0,0,0,1,0,0,0,0,0,0,0,0,0,0,1,1,0.0,0.0,0.0,0.0,1.0,0.0,0.0,99,133,0.75,0.04,0.75,0.02,0.01,0.0,0.0,0.0,normal
0,tcp,bgp,S0,0,0,0,0,0,0,0,0,0,0,0,0,0,0,0,0,0,0,266,8,1.0,1.0,0.0,0.0,0.03,0.06,0.0,255,8,0.03,0.07,0.0,0.0,1.0,1.0,0.0,0.0,neptune
0,udp,private,SF,105,146,0,0,0,0,0,0,0,0,0,0,0,0,0,0,0,0,4,1,0.0,0.0,0.0,0.0,0.25,0.5,0.0,255,244,0.96,0.01,0.01,0.0,0.0,0.0,0.0,0.0,normal
0,tcp,private,S0,0,0,0,0,0,0,0,0,0,0,0,0,0,0,0,0,0,0,123,7,1.0,1.0,0.0,0.0,0.06,0.06,0.0,255,11,0.04,0.07,0.0,0.0,1.0,1.0,0.0,0.0,neptune
0,tcp,http,S0,0,0,0,0,0,0,0,0,0,0,0,0,0,0,0,0,0,0,220,5,1.0,1.0,0.0,0.0,0.02,0.07,0.0,255,5,0.02,0.08,0.0,0.0,1.0,1.0,0.0,0.0,neptune
0,tcp,smtp,SF,802,341,0,0,0,0,0,1,0,0,0,0,0,0,0,0,0,0,1,1,0.0,0.0,0.0,0.0,1.0,0.0,0.0,118,177,0.81,0.03,0.01,0.01,0.0,0.0,0.0,0.0,normal
0,tcp,http,SF,54540,8314,0,0,0,2,0,1,1,0,0,0,0,0,0,0,0,0,4,6,0.0,0.0,0.25,0.5,1.0,0.0,0.5,199,199,1.0,0.0,0.01,0.0,0.0,0.0,0.06,0.06,back
0,tcp,http,SF,243,1694,0,0,0,0,0,1,0,0,0,0,0,0,0,0,0,0,8,26,0.0,0.0,0.0,0.0,1.0,0.0,0.08,255,255,1.0,0.0,0.0,0.0,0.0,0.0,0.0,0.0,normal
0,tcp,smtp,SF,1999,394,0,0,0,0,0,1,0,0,0,0,0,0,0,0,0,0,1,1,0.0,0.0,0.0,0.0,1.0,0.0,0.0,255,45,0.18,0.68,0.0,0.0,0.67,0.0,0.0,0.0,normal
0,tcp,http,SF,225,4624,0,0,0,0,0,1,0,0,0,0,0,0,0,0,0,0,5,5,0.0,0.0,0.0,0.0,1.0,0.0,0.0,210,255,1.0,0.0,0.0,0.02,0.0,0.0,0.33,0.34,normal
0,tcp,private,S0,0,0,0,0,0,0,0,0,0,0,0,0,0,0,0,0,0,0,49,2,1.0,1.0,0.0,0.0,0.04,0.08,0.0,255,2,0.01,0.06,0.0,0.0,1.0,1.0,0.0,0.0,neptune
0,tcp,http,SF,261,37654,0,0,0,0,0,1,0,0,0,0,0,0,0,0,0,0,1,32,0.0,0.0,0.0,0.0,1.0,0.0,0.19,255,255,1.0,0.0,0.0,0.0,0.0,0.0,0.0,0.0,normal
0,tcp,uucp,RSTO,0,0,0,0,0,0,0,0,0,0,0,0,0,0,0,0,0,0,138,19,0.0,0.0,1.0,1.0,0.14,0.06,0.0,255,19,0.07,0.05,0.0,0.0,0.0,0.0,1.0,1.0,neptune
0,udp,domain_u,SF,45,75,0,0,0,0,0,0,0,0,0,0,0,0,0,0,0,0,229,228,0.0,0.0,0.0,0.0,1.0,0.01,0.0,255,244,0.96,0.01,0.0,0.0,0.0,0.0,0.0,0.0,normal
0,tcp,whois,S0,0,0,0,0,0,0,0,0,0,0,0,0,0,0,0,0,0,0,233,13,1.0,1.0,0.0,0.0,0.06,0.06,0.0,255,13,0.05,0.07,0.0,0.0,1.0,1.0,0.0,0.0,neptune
0,tcp,mtp,S0,0,0,0,0,0,0,0,0,0,0,0,0,0,0,0,0,0,0,254,18,1.0,1.0,0.0,0.0,0.07,0.07,0.0,255,18,0.07,0.07,0.0,0.0,1.0,1.0,0.0,0.0,neptune
0,tcp,http,SF,314,434,0,0,0,0,0,1,0,0,0,0,0,0,0,0,0,0,18,23,0.0,0.0,0.0,0.0,1.0,0.0,0.13,255,255,1.0,0.0,0.0,0.0,0.0,0.0,0.0,0.0,normal
0,tcp,auth,SF,13,38,0,0,0,0,0,0,0,0,0,0,0,0,0,0,0,0,1,1,0.0,0.0,0.0,0.0,1.0,0.0,0.0,122,1,0.01,0.06,0.01,0.0,0.0,0.0,0.0,0.0,normal
0,tcp,private,S0,0,0,0,0,0,0,0,0,0,0,0,0,0,0,0,0,0,0,127,10,1.0,1.0,0.0,0.0,0.08,0.08,0.0,255,5,0.02,0.08,0.0,0.0,1.0,1.0,0.0,0.0,neptune
0,tcp,ftp_data,S0,0,0,0,0,0,0,0,0,0,0,0,0,0,0,0,0,0,0,275,8,1.0,1.0,0.0,0.0,0.03,0.06,0.0,255,8,0.03,0.07,0.0,0.0,1.0,1.0,0.0,0.0,neptune
0,udp,domain_u,SF,46,99,0,0,0,0,0,0,0,0,0,0,0,0,0,0,0,0,215,219,0.0,0.0,0.0,0.0,1.0,0.0,0.01,255,217,0.85,0.01,0.0,0.0,0.0,0.0,0.0,0.0,normal
0,icmp,ecr_i,SF,520,0,0,0,0,0,0,0,0,0,0,0,0,0,0,0,0,0,385,385,0.0,0.0,0.0,0.0,1.0,0.0,0.0,255,255,1.0,0.0,1.0,0.0,0.0,0.0,0.0,0.0,smurf
0,tcp,http,SF,293,1658,0,0,0,0,0,1,0,0,0,0,0,0,0,0,0,0,5,5,0.0,0.0,0.0,0.0,1.0,0.0,0.0,92,255,1.0,0.0,0.01,0.03,0.01,0.01,0.0,0.01,normal
0,tcp,http,SF,163,246,0,0,0,0,0,1,0,0,0,0,0,0,0,0,0,0,6,10,0.0,0.0,0.0,0.0,1.0,0.0,0.3,6,172,1.0,0.0,0.17,0.05,0.0,0.0,0.0,0.0,normal
0,tcp,http,SF,243,821,0,0,0,0,0,1,0,0,0,0,0,0,0,0,0,0,31,31,0.0,0.0,0.0,0.0,1.0,0.0,0.0,255,255,1.0,0.0,0.0,0.0,0.0,0.0,0.0,0.0,normal
0,tcp,http,SF,308,3771,0,0,0,0,0,1,0,0,0,0,0,0,0,0,0,0,19,19,0.0,0.0,0.0,0.0,1.0,0.0,0.0,204,255,1.0,0.0,0.0,0.02,0.0,0.0,0.0,0.0,normal
0,tcp,http,SF,310,2837,0,0,0,0,0,1,0,0,0,0,0,0,0,0,0,0,7,7,0.0,0.0,0.0,0.0,1.0,0.0,0.0,255,255,1.0,0.0,0.0,0.0,0.0,0.0,0.0,0.0,normal
0,tcp,http,SF,261,17578,0,0,0,0,0,1,0,0,0,0,0,0,0,0,0,0,2,2,0.0,0.0,0.0,0.0,1.0,0.0,0.0,2,218,1.0,0.0,0.5,0.05,0.0,0.0,0.0,0.0,normal
0,tcp,private,S0,0,0,0,0,0,0,0,0,0,0,0,0,0,0,0,0,0,0,216,20,1.0,1.0,0.0,0.0,0.09,0.07,0.0,255,20,0.08,0.09,0.0,0.0,1.0,1.0,0.0,0.0,neptune
0,tcp,http_443,S0,0,0,0,0,0,0,0,0,0,0,0,0,0,0,0,0,0,0,147,17,1.0,1.0,0.0,0.0,0.12,0.06,0.0,255,16,0.06,0.06,0.0,0.0,1.0,1.0,0.0,0.0,neptune
3,tcp,smtp,SF,2688,336,0,0,0,0,0,1,0,0,0,0,0,0,0,0,0,0,1,2,0.0,0.0,0.0,0.0,1.0,0.0,1.0,107,167,0.54,0.07,0.01,0.01,0.0,0.0,0.0,0.0,normal
0,tcp,private,S0,0,0,0,0,0,0,0,0,0,0,0,0,0,0,0,0,0,0,200,2,1.0,1.0,0.0,0.0,0.01,0.06,0.0,255,8,0.03,0.07,0.0,0.0,1.0,1.0,0.0,0.0,neptune
0,tcp,smtp,S0,0,0,0,0,0,0,0,0,0,0,0,0,0,0,0,0,0,0,7,7,1.0,1.0,0.0,0.0,1.0,0.0,0.0,69,136,0.39,0.03,0.01,0.01,0.97,0.2,0.0,0.0,neptune
0,tcp,http,SF,285,4674,0,0,0,0,0,1,0,0,0,0,0,0,0,0,0,0,3,3,0.0,0.0,0.0,0.0,1.0,0.0,0.0,3,255,1.0,0.0,0.33,0.03,0.0,0.0,0.0,0.0,normal
0,tcp,http,SF,241,1931,0,0,0,0,0,1,0,0,0,0,0,0,0,0,0,0,10,10,0.0,0.0,0.0,0.0,1.0,0.0,0.0,255,255,1.0,0.0,0.0,0.0,0.0,0.0,0.0,0.0,normal
0,tcp,http,REJ,0,0,0,0,0,0,0,0,0,0,0,0,0,0,0,0,0,0,1,1,0.0,0.0,1.0,1.0,1.0,0.0,0.0,13,76,1.0,0.0,0.08,0.26,0.0,0.0,1.0,1.0,normal
0,tcp,http_443,S0,0,0,0,0,0,0,0,0,0,0,0,0,0,0,0,0,0,0,99,13,1.0,1.0,0.0,0.0,0.13,0.06,0.0,255,13,0.05,0.05,0.0,0.0,1.0,1.0,0.0,0.0,neptune
0,udp,domain_u,SF,42,72,0,0,0,0,0,0,0,0,0,0,0,0,0,0,0,0,229,229,0.0,0.0,0.0,0.0,1.0,0.0,0.0,255,254,1.0,0.01,0.0,0.0,0.0,0.0,0.0,0.0,normal
0,tcp,http,SF,240,1469,0,0,0,0,0,1,0,0,0,0,0,0,0,0,0,0,7,8,0.0,0.0,0.0,0.0,1.0,0.0,0.25,29,255,1.0,0.0,0.03,0.02,0.0,0.0,0.0,0.0,normal
0,tcp,http,SF,288,294,0,0,0,0,0,1,0,0,0,0,0,0,0,0,0,0,1,18,0.0,0.0,0.0,0.0,1.0,0.0,0.11,3,255,1.0,0.0,0.33,0.07,0.0,0.0,0.0,0.0,normal
0,icmp,ecr_i,SF,1032,0,0,0,0,0,0,0,0,0,0,0,0,0,0,0,0,0,70,70,0.0,0.0,0.0,0.0,1.0,0.0,0.0,255,70,0.27,0.02,0.27,0.0,0.0,0.0,0.0,0.0,smurf
0,tcp,hostnames,S0,0,0,0,0,0,0,0,0,0,0,0,0,0,0,0,0,0,0,201,17,1.0,1.0,0.0,0.0,0.08,0.07,0.0,255,17,0.07,0.07,0.0,0.0,1.0,1.0,0.0,0.0,neptune
0,tcp,uucp,RSTO,0,0,0,0,0,0,0,0,0,0,0,0,0,0,0,0,0,0,115,15,0.0,0.0,1.0,1.0,0.13,0.07,0.0,255,15,0.06,0.06,0.0,0.0,0.0,0.0,1.0,1.0,neptune
0,icmp,eco_i,SF,8,0,0,0,0,0,0,0,0,0,0,0,0,0,0,0,0,0,1,1,0.0,0.0,0.0,0.0,1.0,0.0,0.0,1,47,1.0,0.0,1.0,0.51,0.0,0.0,0.0,0.0,ipsweep
0,tcp,private,S0,0,0,0,0,0,0,0,0,0,0,0,0,0,0,0,0,0,0,236,22,1.0,1.0,0.0,0.0,0.09,0.05,0.0,177,22,0.12,0.07,0.01,0.0,0.92,1.0,0.01,0.0,neptune
0,tcp,http,REJ,0,0,0,0,0,0,0,0,0,0,0,0,0,0,0,0,0,0,1,2,0.0,0.0,1.0,1.0,1.0,0.0,1.0,2,239,1.0,0.0,0.5,0.19,0.0,0.0,1.0,1.0,normal
0,tcp,http,SF,316,594,0,0,0,0,0,1,0,0,0,0,0,0,0,0,0,0,9,13,0.0,0.0,0.0,0.0,1.0,0.0,0.15,119,255,1.0,0.0,0.01,0.02,0.01,0.0,0.0,0.0,normal
0,tcp,sunrpc,S0,0,0,0,0,0,0,0,0,0,0,0,0,0,0,0,0,0,0,235,1,1.0,1.0,0.0,0.0,0.0,0.06,0.0,255,1,0.0,0.07,0.0,0.0,1.0,1.0,0.0,0.0,neptune
0,tcp,courier,S0,0,0,0,0,0,0,0,0,0,0,0,0,0,0,0,0,0,0,123,5,1.0,1.0,0.0,0.0,0.04,0.06,0.0,255,13,0.05,0.07,0.0,0.0,1.0,1.0,0.0,0.0,neptune
0,tcp,http,SF,224,403,0,0,0,0,0,1,0,0,0,0,0,0,0,0,0,0,49,49,0.0,0.0,0.0,0.0,1.0,0.0,0.0,52,255,1.0,0.0,0.02,0.04,0.0,0.0,0.0,0.0,normal
0,tcp,bgp,S0,0,0,0,0,0,0,0,0,0,0,0,0,0,0,0,0,0,0,211,17,1.0,1.0,0.0,0.0,0.08,0.07,0.0,255,12,0.05,0.08,0.0,0.0,1.0,1.0,0.0,0.0,neptune
0,tcp,kshell,S0,0,0,0,0,0,0,0,0,0,0,0,0,0,0,0,0,0,0,123,22,1.0,1.0,0.0,0.0,0.18,0.05,0.0,255,22,0.09,0.05,0.0,0.0,1.0,1.0,0.0,0.0,neptune
0,tcp,csnet_ns,S0,0,0,0,0,0,0,0,0,0,0,0,0,0,0,0,0,0,0,101,1,1.0,1.0,0.0,0.0,0.01,0.07,0.0,255,1,0.0,0.07,0.0,0.0,1.0,1.0,0.0,0.0,neptune
0,tcp,http,SF,249,486,0,0,0,0,0,1,0,0,0,0,0,0,0,0,0,0,5,22,0.0,0.0,0.0,0.0,1.0,0.0,0.09,50,255,1.0,0.0,0.02,0.07,0.0,0.0,0.0,0.0,normal
0,tcp,login,RSTO,0,0,0,0,0,0,0,0,0,0,0,0,0,0,0,0,0,0,132,5,0.0,0.0,1.0,1.0,0.04,0.07,0.0,255,5,0.02,0.06,0.0,0.0,0.0,0.0,1.0,1.0,neptune
0,tcp,private,S0,0,0,0,0,0,0,0,0,0,0,0,0,0,0,0,0,0,0,214,5,1.0,1.0,0.0,0.0,0.02,0.06,0.0,255,5,0.02,0.06,0.0,0.0,1.0,1.0,0.0,0.0,neptune
0,tcp,time,S0,0,0,0,0,0,0,0,0,0,0,0,0,0,0,0,0,0,0,203,11,1.0,1.0,0.0,0.0,0.05,0.06,0.0,255,11,0.04,0.06,0.0,0.0,1.0,1.0,0.0,0.0,neptune
0,udp,domain_u,SF,43,73,0,0,0,0,0,0,0,0,0,0,0,0,0,0,0,0,145,147,0.0,0.0,0.0,0.0,1.0,0.0,0.02,255,230,0.9,0.01,0.01,0.0,0.0,0.0,0.0,0.0,normal
0,tcp,http,SF,223,417,0,0,0,0,0,1,0,0,0,0,0,0,0,0,0,0,32,32,0.0,0.0,0.0,0.0,1.0,0.0,0.0,32,255,1.0,0.0,0.03,0.04,0.0,0.01,0.0,0.0,normal
0,tcp,private,S0,0,0,0,0,0,0,0,0,0,0,0,0,0,0,0,0,0,0,112,13,1.0,1.0,0.0,0.0,0.12,0.05,0.0,255,14,0.05,0.06,0.0,0.0,1.0,1.0,0.0,0.0,neptune
0,tcp,smtp,SF,877,335,0,0,0,0,0,1,0,0,0,0,0,0,0,0,0,0,1,1,0.0,0.0,0.0,0.0,1.0,0.0,0.0,53,190,0.64,0.08,0.02,0.02,0.0,0.0,0.0,0.0,normal
3,udp,domain_u,SF,42,42,0,0,0,0,0,0,0,0,0,0,0,0,0,0,0,0,3,3,0.0,0.0,0.0,0.0,1.0,0.0,0.0,255,240,0.94,0.01,0.0,0.0,0.0,0.0,0.0,0.0,normal
0,tcp,netbios_ns,S0,0,0,0,0,0,0,0,0,0,0,0,0,0,0,0,0,0,0,9,5,1.0,1.0,0.0,0.0,0.56,0.22,0.0,255,5,0.02,0.07,0.0,0.0,1.0,1.0,0.0,0.0,neptune
0,tcp,remote_job,S0,0,0,0,0,0,0,0,0,0,0,0,0,0,0,0,0,0,0,191,12,1.0,1.0,0.0,0.0,0.06,0.06,0.0,255,12,0.05,0.06,0.0,0.0,1.0,1.0,0.0,0.0,neptune
0,tcp,http,SF,224,267,0,0,0,0,0,1,0,0,0,0,0,0,0,0,0,0,6,20,0.0,0.0,0.0,0.0,1.0,0.0,0.15,255,255,1.0,0.0,0.0,0.0,0.0,0.0,0.0,0.0,normal
0,icmp,ecr_i,SF,1032,0,0,0,0,0,0,0,0,0,0,0,0,0,0,0,0,0,29,29,0.0,0.0,0.0,0.0,1.0,0.0,0.0,255,29,0.11,0.02,0.11,0.0,0.0,0.0,0.0,0.0,smurf
0,tcp,private,S0,0,0,0,0,0,0,0,0,0,0,0,0,0,0,0,0,0,0,79,1,1.0,1.0,0.0,0.0,0.01,0.06,0.0,255,20,0.08,0.07,0.0,0.0,1.0,1.0,0.0,0.0,neptune
0,tcp,http,SF,323,1215,0,0,0,0,0,1,0,0,0,0,0,0,0,0,0,0,8,8,0.0,0.0,0.0,0.0,1.0,0.0,0.0,255,255,1.0,0.0,0.01,0.0,0.0,0.0,0.0,0.0,normal
0,tcp,ssh,S0,0,0,0,0,0,0,0,0,0,0,0,0,0,0,0,0,0,0,299,19,1.0,1.0,0.0,0.0,0.06,0.05,0.0,255,19,0.07,0.06,0.0,0.0,1.0,1.0,0.0,0.0,neptune
0,tcp,http,SF,278,5666,0,0,0,0,0,1,0,0,0,0,0,0,0,0,0,0,13,14,0.0,0.0,0.0,0.0,1.0,0.0,0.14,57,255,1.0,0.0,0.02,0.03,0.0,0.0,0.0,0.0,normal
0,tcp,http,SF,306,1249,0,0,0,0,0,1,0,0,0,0,0,0,0,0,0,0,6,6,0.0,0.0,0.0,0.0,1.0,0.0,0.0,255,255,1.0,0.0,0.0,0.0,0.0,0.0,0.0,0.0,normal
0,tcp,private,RSTR,0,0,0,0,0,0,0,0,0,0,0,0,0,0,0,0,0,0,2,1,0.0,0.0,0.5,1.0,0.5,1.0,0.0,255,1,0.0,1.0,1.0,0.0,0.0,0.0,0.99,1.0,portsweep
0,tcp,echo,S0,0,0,0,0,0,0,0,0,0,0,0,0,0,0,0,0,0,0,194,3,1.0,1.0,0.0,0.0,0.02,0.07,0.0,255,3,0.01,0.07,0.0,0.0,1.0,1.0,0.0,0.0,neptune
0,tcp,ftp_data,SF,203,0,0,0,0,0,0,0,0,0,0,0,0,0,0,0,0,0,2,2,0.0,0.0,0.0,0.0,1.0,0.0,0.0,16,50,0.25,0.25,0.25,0.04,0.0,0.0,0.0,0.0,normal
0,tcp,http,SF,226,631,0,0,0,0,0,1,0,0,0,0,0,0,0,0,0,0,13,35,0.0,0.0,0.0,0.0,1.0,0.0,0.06,255,255,1.0,0.0,0.0,0.0,0.0,0.0,0.0,0.0,normal
0,tcp,http,SF,232,193,0,0,0,0,0,1,0,0,0,0,0,0,0,0,0,0,1,1,0.0,0.0,0.0,0.0,1.0,0.0,0.0,9,255,1.0,0.0,0.11,0.03,0.0,0.0,0.0,0.0,normal
0,tcp,http,SF,244,1127,0,0,0,0,0,1,0,0,0,0,0,0,0,0,0,0,8,11,0.0,0.0,0.0,0.0,1.0,0.0,0.18,103,255,1.0,0.0,0.01,0.01,0.0,0.0,0.0,0.0,normal
0,tcp,netstat,S0,0,0,0,0,0,0,0,0,0,0,0,0,0,0,0,0,0,0,217,19,1.0,1.0,0.0,0.0,0.09,0.06,0.0,255,18,0.07,0.07,0.0,0.0,1.0,1.0,0.0,0.0,neptune
0,udp,domain_u,SF,44,135,0,0,0,0,0,0,0,0,0,0,0,0,0,0,0,0,317,317,0.0,0.0,0.0,0.0,1.0,0.0,0.0,255,251,0.98,0.01,0.0,0.0,0.0,0.0,0.0,0.0,normal
0,tcp,bgp,S0,0,0,0,0,0,0,0,0,0,0,0,0,0,0,0,0,0,0,127,5,1.0,1.0,0.0,0.0,0.04,0.07,0.0,255,4,0.02,0.07,0.0,0.0,1.0,1.0,0.0,0.0,neptune
0,tcp,http,SF,309,18146,0,0,0,0,0,1,0,0,0,0,0,0,0,0,0,0,1,4,0.0,0.0,0.0,0.0,1.0,0.0,0.5,54,255,1.0,0.0,0.02,0.05,0.0,0.0,0.0,0.0,normal
0,udp,domain_u,SF,45,45,0,0,0,0,0,0,0,0,0,0,0,0,0,0,0,0,122,204,0.0,0.0,0.0,0.0,1.0,0.0,0.02,255,254,1.0,0.01,0.01,0.0,0.0,0.0,0.0,0.0,normal
0,udp,domain_u,SF,43,131,0,0,0,0,0,0,0,0,0,0,0,0,0,0,0,0,100,180,0.0,0.0,0.0,0.0,0.99,0.02,0.01,255,254,1.0,0.01,0.0,0.0,0.0,0.0,0.0,0.0,normal
0,tcp,http,SF,216,15502,0,0,0,0,0,1,0,0,0,0,0,0,0,0,0,0,18,18,0.0,0.0,0.0,0.0,1.0,0.0,0.0,23,255,1.0,0.0,0.04,0.03,0.0,0.0,0.0,0.0,normal
24,tcp,telnet,SF,612,235008,0,0,0,0,0,1,0,0,0,0,0,0,0,0,0,0,1,1,0.0,0.0,0.0,0.0,1.0,0.0,0.0,76,5,0.07,0.28,0.01,0.0,0.01,0.2,0.0,0.0,normal
0,tcp,smtp,SF,121,237,0,0,0,0,0,1,0,0,0,0,0,0,0,0,0,0,1,1,0.0,0.0,0.0,0.0,1.0,0.0,0.0,115,90,0.3,0.62,0.01,0.02,0.0,0.0,0.57,0.0,normal
0,tcp,courier,S0,0,0,0,0,0,0,0,0,0,0,0,0,0,0,0,0,0,0,127,12,1.0,1.0,0.0,0.0,0.09,0.06,0.0,255,18,0.07,0.07,0.0,0.0,1.0,1.0,0.0,0.0,neptune
0,tcp,other,SF,1363,0,0,0,0,0,0,1,0,0,0,0,0,0,0,0,0,0,22,1,0.05,0.0,0.0,0.0,0.05,0.36,0.0,69,1,0.01,0.14,0.68,0.0,0.01,0.0,0.0,0.0,normal
0,tcp,http,SF,298,2239,0,0,0,0,0,1,0,0,0,0,0,0,0,0,0,0,3,4,0.0,0.0,0.0,0.0,1.0,0.0,0.5,255,237,0.93,0.02,0.0,0.0,0.0,0.0,0.0,0.0,normal
0,tcp,telnet,S0,0,0,0,0,0,0,0,0,0,0,0,0,0,0,0,0,0,0,230,7,1.0,1.0,0.0,0.0,0.03,0.07,0.0,255,8,0.03,0.07,0.0,0.0,1.0,1.0,0.0,0.0,neptune
0,udp,domain_u,SF,46,157,0,0,0,0,0,0,0,0,0,0,0,0,0,0,0,0,159,225,0.0,0.0,0.0,0.0,0.99,0.01,0.01,255,232,0.91,0.02,0.0,0.0,0.0,0.0,0.0,0.0,normal
1,tcp,smtp,SF,1039,327,0,0,0,0,0,1,0,0,0,0,0,0,0,0,0,0,1,3,0.0,0.0,0.0,0.0,1.0,0.0,1.0,197,106,0.44,0.03,0.01,0.02,0.01,0.02,0.0,0.0,normal
0,tcp,http,SF,331,350,0,0,0,0,0,1,0,0,0,0,0,0,0,0,0,0,9,9,0.0,0.0,0.0,0.0,1.0,0.0,0.0,205,255,1.0,0.0,0.0,0.01,0.0,0.0,0.0,0.0,normal
0,tcp,link,S0,0,0,0,0,0,0,0,0,0,0,0,0,0,0,0,0,0,0,220,11,1.0,1.0,0.0,0.0,0.05,0.06,0.0,255,11,0.04,0.07,0.0,0.0,1.0,1.0,0.0,0.0,neptune
0,tcp,auth,S0,0,0,0,0,0,0,0,0,0,0,0,0,0,0,0,0,0,0,272,18,1.0,1.0,0.0,0.0,0.07,0.06,0.0,255,18,0.07,0.06,0.0,0.0,1.0,1.0,0.0,0.0,neptune
0,tcp,smtp,SF,1285,328,0,0,0,0,0,1,0,0,0,0,0,0,0,0,0,0,1,1,0.0,0.0,0.0,0.0,1.0,0.0,0.0,4,3,0.75,0.5,0.25,0.0,0.0,0.0,0.0,0.0,normal
0,tcp,ldap,S0,0,0,0,0,0,0,0,0,0,0,0,0,0,0,0,0,0,0,42,11,1.0,1.0,0.0,0.0,0.26,0.12,0.0,255,11,0.04,0.08,0.0,0.0,1.0,1.0,0.0,0.0,neptune
0,udp,private,SF,28,0,0,3,0,0,0,0,0,0,0,0,0,0,0,0,0,0,42,42,0.0,0.0,0.0,0.0,1.0,0.0,0.0,114,42,0.37,0.04,0.37,0.0,0.0,0.0,0.0,0.0,teardrop
0,tcp,http,SF,216,1024,0,0,0,0,0,1,0,0,0,0,0,0,0,0,0,0,8,8,0.0,0.0,0.0,0.0,1.0,0.0,0.0,8,255,1.0,0.0,0.12,0.03,0.0,0.0,0.0,0.0,normal
0,tcp,netbios_dgm,S0,0,0,0,0,0,0,0,0,0,0,0,0,0,0,0,0,0,0,255,21,1.0,1.0,0.0,0.0,0.08,0.05,0.0,255,21,0.08,0.05,0.0,0.0,1.0,1.0,0.0,0.0,neptune
0,tcp,http,SF,348,690,0,0,0,0,0,1,0,0,0,0,0,0,0,0,0,0,17,17,0.0,0.0,0.0,0.0,1.0,0.0,0.0,51,255,1.0,0.0,0.02,0.05,0.0,0.0,0.0,0.0,normal
0,tcp,uucp,RSTO,0,0,0,0,0,0,0,0,0,0,0,0,0,0,0,0,0,0,108,4,0.0,0.0,1.0,1.0,0.04,0.07,0.0,255,4,0.02,0.06,0.0,0.0,0.0,0.0,1.0,1.0,neptune
0,tcp,http,SF,312,2108,0,0,0,0,0,1,0,0,0,0,0,0,0,0,0,0,3,11,0.0,0.0,0.0,0.0,1.0,0.0,0.27,255,255,1.0,0.0,0.0,0.0,0.0,0.0,0.0,0.0,normal
0,udp,domain_u,SF,42,133,0,0,0,0,0,0,0,0,0,0,0,0,0,0,0,0,213,290,0.0,0.0,0.0,0.0,1.0,0.01,0.01,215,176,0.82,0.01,0.0,0.0,0.0,0.0,0.0,0.0,normal
0,tcp,http,SF,252,14445,0,0,0,0,0,1,0,0,0,0,0,0,0,0,0,0,1,14,0.0,0.0,0.0,0.0,1.0,0.0,0.5,255,255,1.0,0.0,0.0,0.0,0.0,0.0,0.0,0.0,normal
0,tcp,http,SF,202,2158,0,0,0,0,0,1,0,0,0,0,0,0,0,0,0,0,27,27,0.0,0.0,0.0,0.0,1.0,0.0,0.0,27,255,1.0,0.0,0.04,0.05,0.0,0.0,0.0,0.0,normal
0,tcp,http,SF,312,30739,0,0,0,0,0,1,0,0,0,0,0,0,0,0,0,0,2,4,0.0,0.25,0.0,0.0,1.0,0.0,0.5,155,255,1.0,0.0,0.01,0.03,0.0,0.0,0.01,0.01,normal
0,tcp,http,SF,346,1551,0,0,0,0,0,1,0,0,0,0,0,0,0,0,0,0,30,32,0.0,0.0,0.0,0.0,1.0,0.0,0.09,255,255,1.0,0.0,0.0,0.0,0.0,0.0,0.0,0.0,normal
0,tcp,private,REJ,0,0,0,0,0,0,0,0,0,0,0,0,0,0,0,0,0,0,2,1,0.0,0.0,1.0,1.0,0.5,1.0,0.0,255,1,0.0,1.0,1.0,0.0,0.02,0.0,0.98,1.0,portsweep
0,udp,domain_u,SF,44,131,0,0,0,0,0,0,0,0,0,0,0,0,0,0,0,0,235,315,0.0,0.0,0.0,0.0,1.0,0.0,0.01,255,253,0.99,0.01,0.0,0.0,0.0,0.0,0.0,0.0,normal
0,tcp,http,SF,284,1086,0,0,0,0,0,1,0,0,0,0,0,0,0,0,0,0,4,4,0.25,0.25,0.0,0.0,1.0,0.0,0.0,4,255,1.0,0.0,0.25,0.04,0.25,0.01,0.0,0.0,normal
0,tcp,ftp_data,SF,2056,0,0,0,0,0,0,1,0,0,0,0,0,0,0,0,0,0,4,3,0.0,0.0,0.0,0.0,0.75,0.5,0.0,211,54,0.19,0.03,0.19,0.04,0.0,0.0,0.0,0.0,normal
0,tcp,http,SF,292,849,0,0,0,0,0,1,0,0,0,0,0,0,0,0,0,0,18,29,0.0,0.0,0.0,0.0,1.0,0.0,0.07,212,255,1.0,0.0,0.0,0.02,0.0,0.0,0.0,0.0,normal
0,tcp,private,S0,0,0,0,0,0,0,0,0,0,0,0,0,0,0,0,0,0,0,145,11,0.97,1.0,0.0,0.0,0.08,0.07,0.0,255,12,0.05,0.08,0.0,0.0,1.0,1.0,0.0,0.0,neptune
0,tcp,mtp,S0,0,0,0,0,0,0,0,0,0,0,0,0,0,0,0,0,0,0,241,6,1.0,1.0,0.0,0.0,0.02,0.06,0.0,255,14,0.05,0.07,0.0,0.0,1.0,1.0,0.0,0.0,neptune
26943,tcp,private,RSTR,1,0,0,0,0,0,0,0,0,0,0,0,0,0,0,0,0,0,2,2,0.0,0.0,1.0,1.0,1.0,0.0,0.0,255,2,0.01,0.74,1.0,0.0,0.0,0.0,1.0,1.0,portsweep
1,tcp,smtp,SF,4532,374,0,0,0,0,0,1,0,0,0,0,0,0,0,0,0,0,1,4,0.0,0.0,0.0,0.0,1.0,0.0,1.0,124,185,0.58,0.03,0.01,0.01,0.0,0.0,0.0,0.0,normal
0,tcp,http,SF,228,515,0,0,0,0,0,1,0,0,0,0,0,0,0,0,0,0,23,23,0.0,0.0,0.0,0.0,1.0,0.0,0.0,255,255,1.0,0.0,0.0,0.0,0.0,0.0,0.0,0.0,normal
0,tcp,http,SF,245,318,0,0,0,0,0,1,0,0,0,0,0,0,0,0,0,0,22,22,0.0,0.0,0.0,0.0,1.0,0.0,0.0,80,255,1.0,0.0,0.01,0.02,0.0,0.0,0.0,0.0,normal
0,tcp,ftp_data,SF,12,0,0,0,0,0,0,1,0,0,0,0,0,0,0,0,0,0,1,1,0.0,0.0,0.0,0.0,1.0,0.0,0.0,111,79,0.24,0.03,0.24,0.03,0.0,0.0,0.0,0.0,normal
0,icmp,ecr_i,SF,1032,0,0,0,0,0,0,0,0,0,0,0,0,0,0,0,0,0,199,199,0.0,0.0,0.0,0.0,1.0,0.0,0.0,255,199,0.78,0.01,0.78,0.0,0.0,0.0,0.0,0.0,smurf
0,tcp,http,SF,342,4714,0,0,0,0,0,1,0,0,0,0,0,0,0,0,0,0,7,7,0.0,0.0,0.0,0.0,1.0,0.0,0.0,255,255,1.0,0.0,0.01,0.0,0.0,0.0,0.0,0.0,normal
0,tcp,private,S0,0,0,0,0,0,0,0,0,0,0,0,0,0,0,0,0,0,0,255,16,1.0,1.0,0.0,0.0,0.06,0.05,0.0,116,16,0.14,0.09,0.01,0.0,0.88,1.0,0.01,0.0,neptune
0,tcp,http,SF,271,794,0,0,0,0,0,1,0,0,0,0,0,0,0,0,0,0,31,56,0.0,0.0,0.0,0.0,1.0,0.0,0.04,127,255,1.0,0.0,0.01,0.04,0.0,0.0,0.0,0.0,normal
0,tcp,time,S0,0,0,0,0,0,0,0,0,0,0,0,0,0,0,0,0,0,0,241,1,1.0,1.0,0.0,0.0,0.0,0.06,0.0,255,1,0.0,0.07,0.0,0.0,1.0,1.0,0.0,0.0,neptune
0,tcp,netbios_ns,S0,0,0,0,0,0,0,0,0,0,0,0,0,0,0,0,0,0,0,196,7,1.0,1.0,0.0,0.0,0.04,0.07,0.0,255,7,0.03,0.07,0.0,0.0,1.0,1.0,0.0,0.0,neptune
0,tcp,ftp_data,S0,0,0,0,0,0,0,0,0,0,0,0,0,0,0,0,0,0,0,22,1,0.95,1.0,0.05,0.0,0.05,0.14,0.0,255,16,0.06,0.06,0.01,0.0,1.0,1.0,0.0,0.0,neptune
0,tcp,other,REJ,0,0,0,0,0,0,0,0,0,0,0,0,0,0,0,0,0,0,510,1,0.13,0.0,0.87,1.0,0.0,1.0,0.0,255,1,0.0,1.0,0.0,0.0,0.14,0.0,0.86,1.0,satan
0,tcp,ftp_data,SF,59,0,0,0,0,0,0,1,0,0,0,0,0,0,0,0,0,0,12,12,0.0,0.0,0.0,0.0,1.0,0.0,0.0,255,141,0.55,0.02,0.55,0.0,0.0,0.0,0.0,0.0,normal
27,tcp,ftp,SF,1508,4152,0,0,0,30,0,1,0,0,0,0,0,0,0,0,0,1,1,1,0.0,0.0,0.0,0.0,1.0,0.0,0.0,50,16,0.32,0.08,0.02,0.0,0.0,0.0,0.0,0.0,normal
0,tcp,http,SF,197,315,0,0,0,0,0,1,0,0,0,0,0,0,0,0,0,0,7,15,0.0,0.0,0.0,0.0,1.0,0.0,0.2,255,255,1.0,0.0,0.0,0.0,0.0,0.0,0.0,0.0,normal
0,tcp,private,RSTO,0,0,0,0,0,0,0,0,0,0,0,0,0,0,0,0,0,0,110,18,0.0,0.0,1.0,1.0,0.16,0.06,0.0,255,18,0.07,0.05,0.0,0.0,0.0,0.0,1.0,1.0,neptune
21787,tcp,private,RSTR,1,0,0,0,0,0,0,0,0,0,0,0,0,0,0,0,0,0,2,2,0.0,0.0,1.0,1.0,1.0,0.0,0.0,255,2,0.01,0.73,1.0,0.0,0.0,0.0,1.0,1.0,portsweep
0,tcp,uucp_path,S0,0,0,0,0,0,0,0,0,0,0,0,0,0,0,0,0,0,0,247,3,1.0,1.0,0.0,0.0,0.01,0.05,0.0,255,3,0.01,0.06,0.0,0.0,1.0,1.0,0.0,0.0,neptune
5,tcp,ftp_data,SF,2194619,0,0,0,0,0,0,1,0,0,0,0,0,0,0,0,0,0,2,2,0.0,0.0,0.0,0.0,1.0,0.0,0.0,84,74,0.3,0.04,0.3,0.04,0.0,0.0,0.0,0.0,normal
0,tcp,http,SF,208,396,0,0,0,0,0,1,0,0,0,0,0,0,0,0,0,0,3,36,0.0,0.0,0.0,0.0,1.0,0.0,0.06,23,255,1.0,0.0,0.04,0.06,0.0,0.0,0.0,0.0,normal
0,tcp,http,REJ,0,0,0,0,0,0,0,0,0,0,0,0,0,0,0,0,0,0,1,4,0.0,0.0,1.0,1.0,1.0,0.0,1.0,10,96,1.0,0.0,0.1,0.28,0.0,0.0,1.0,1.0,normal
0,tcp,private,S0,0,0,0,0,0,0,0,0,0,0,0,0,0,0,0,0,0,0,116,5,1.0,1.0,0.0,0.0,0.04,0.07,0.0,225,5,0.02,0.07,0.0,0.0,1.0,1.0,0.0,0.0,neptune
0,tcp,uucp_path,S0,0,0,0,0,0,0,0,0,0,0,0,0,0,0,0,0,0,0,235,2,1.0,1.0,0.0,0.0,0.01,0.06,0.0,255,2,0.01,0.07,0.0,0.0,1.0,1.0,0.0,0.0,neptune
0,tcp,http,SF,205,7176,0,0,0,0,0,1,0,0,0,0,0,0,0,0,0,0,20,22,0.0,0.0,0.0,0.0,1.0,0.0,0.09,42,255,1.0,0.0,0.02,0.06,0.0,0.01,0.0,0.01,normal
0,tcp,http,SF,342,654,0,0,0,0,0,1,0,0,0,0,0,0,0,0,0,0,4,4,0.0,0.0,0.0,0.0,1.0,0.0,0.0,255,255,1.0,0.0,0.0,0.0,0.0,0.0,0.0,0.0,normal
0,tcp,smtp,SF,598,333,0,0,0,0,0,1,0,0,0,0,0,0,0,0,0,0,1,1,0.0,0.0,0.0,0.0,1.0,0.0,0.0,67,148,0.49,0.04,0.01,0.01,0.0,0.0,0.0,0.0,normal
0,tcp,systat,REJ,0,0,0,0,0,0,0,0,0,0,0,0,0,0,0,0,0,0,149,19,0.0,0.0,1.0,1.0,0.13,0.06,0.0,255,17,0.07,0.07,0.0,0.0,0.0,0.0,1.0,1.0,neptune
0,tcp,private,REJ,0,0,0,0,0,0,0,0,0,0,0,0,0,0,0,0,0,0,102,1,0.0,0.0,1.0,1.0,0.01,0.08,0.0,127,1,0.01,0.08,0.01,0.0,0.0,0.0,1.0,1.0,neptune
0,tcp,imap4,REJ,0,0,0,0,0,0,0,0,0,0,0,0,0,0,0,0,0,0,232,12,0.0,0.0,1.0,1.0,0.05,0.06,0.0,255,12,0.05,0.08,0.0,0.0,0.0,0.0,1.0,1.0,neptune
0,udp,domain_u,SF,44,79,0,0,0,0,0,0,0,0,0,0,0,0,0,0,0,0,143,145,0.0,0.0,0.0,0.0,1.0,0.0,0.01,255,228,0.89,0.01,0.01,0.0,0.0,0.0,0.0,0.0,normal
0,tcp,http_443,REJ,0,0,0,0,0,0,0,0,0,0,0,0,0,0,0,0,0,0,80,14,0.0,0.0,1.0,1.0,0.17,0.08,0.0,255,14,0.05,0.06,0.0,0.0,0.0,0.0,1.0,1.0,neptune
0,tcp,discard,S0,0,0,0,0,0,0,0,0,0,0,0,0,0,0,0,0,0,0,208,9,1.0,1.0,0.0,0.0,0.04,0.06,0.0,255,10,0.04,0.07,0.0,0.0,1.0,1.0,0.0,0.0,neptune
0,tcp,ftp_data,SF,1199,0,0,0,0,0,0,1,0,0,0,0,0,0,0,0,0,0,2,2,0.0,0.0,0.0,0.0,1.0,0.0,0.0,25,73,0.92,0.08,0.92,0.03,0.0,0.0,0.0,0.0,normal
0,udp,private,SF,105,0,0,0,0,0,0,0,0,0,0,0,0,0,0,0,0,0,2,2,0.0,0.0,0.0,0.0,1.0,0.0,0.0,255,131,0.51,0.01,0.01,0.0,0.0,0.0,0.0,0.0,normal
0,tcp,private,S0,0,0,0,0,0,0,0,0,0,0,0,0,0,0,0,0,0,0,117,5,1.0,1.0,0.0,0.0,0.04,0.08,0.0,255,16,0.06,0.07,0.0,0.0,1.0,1.0,0.0,0.0,neptune
26,tcp,ftp,SF,320,1054,0,0,0,6,0,1,0,0,0,0,0,0,0,0,0,1,1,1,0.0,0.0,0.0,0.0,1.0,0.0,0.0,228,47,0.21,0.02,0.0,0.0,0.0,0.0,0.0,0.0,normal
0,tcp,http,SF,292,719,0,0,0,0,0,1,0,0,0,0,0,0,0,0,0,0,13,13,0.0,0.0,0.0,0.0,1.0,0.0,0.0,13,255,1.0,0.0,0.08,0.06,0.0,0.0,0.0,0.0,normal
41307,tcp,gopher,RSTR,1,0,0,0,0,0,0,0,0,0,0,0,0,0,0,0,0,0,2,2,0.0,0.0,1.0,1.0,1.0,0.0,0.0,255,2,0.01,0.28,0.55,0.0,0.0,0.0,0.55,1.0,portsweep
0,tcp,private,S0,0,0,0,0,0,0,0,0,0,0,0,0,0,0,0,0,0,0,128,18,1.0,1.0,0.0,0.0,0.14,0.05,0.0,255,18,0.07,0.08,0.0,0.0,1.0,1.0,0.0,0.0,neptune
0,tcp,finger,SF,10,272,0,0,0,0,0,0,0,0,0,0,0,0,0,0,0,0,1,1,0.0,0.0,0.0,0.0,1.0,0.0,0.0,64,8,0.02,0.06,0.02,0.25,0.0,0.0,0.0,0.0,normal
0,tcp,domain,S0,0,0,0,0,0,0,0,0,0,0,0,0,0,0,0,0,0,0,268,5,1.0,1.0,0.0,0.0,0.02,0.06,0.0,255,5,0.02,0.07,0.0,0.0,1.0,1.0,0.0,0.0,neptune
0,tcp,http,SF,367,3360,0,0,0,0,0,1,0,0,0,0,0,0,0,0,0,0,3,3,0.0,0.0,0.0,0.0,1.0,0.0,0.0,255,255,1.0,0.0,0.0,0.0,0.0,0.0,0.0,0.0,normal
0,tcp,private,S0,0,0,0,0,0,0,0,0,0,0,0,0,0,0,0,0,0,0,177,18,1.0,1.0,0.0,0.0,0.1,0.06,0.0,255,18,0.07,0.07,0.0,0.0,1.0,1.0,0.0,0.0,neptune
0,tcp,http,SF,315,1509,0,0,0,0,0,1,0,0,0,0,0,0,0,0,0,0,25,25,0.0,0.0,0.0,0.0,1.0,0.0,0.0,255,255,1.0,0.0,0.0,0.0,0.0,0.0,0.0,0.0,normal
0,udp,domain_u,SF,43,109,0,0,0,0,0,0,0,0,0,0,0,0,0,0,0,0,70,150,0.0,0.0,0.0,0.0,1.0,0.0,0.01,255,254,1.0,0.01,0.0,0.0,0.0,0.0,0.0,0.0,normal
0,tcp,http,SF,201,1110,0,0,0,0,0,1,0,0,0,0,0,0,0,0,0,0,2,4,0.0,0.0,0.0,0.0,1.0,0.0,0.75,182,255,1.0,0.0,0.01,0.02,0.0,0.0,0.0,0.0,normal
0,tcp,echo,S0,0,0,0,0,0,0,0,0,0,0,0,0,0,0,0,0,0,0,230,3,1.0,1.0,0.0,0.0,0.01,0.07,0.0,255,3,0.01,0.07,0.0,0.0,1.0,1.0,0.0,0.0,neptune
0,tcp,discard,RSTO,0,0,0,0,0,0,0,0,0,0,0,0,0,0,0,0,0,0,279,17,0.0,0.0,1.0,1.0,0.06,0.06,0.0,255,17,0.07,0.07,0.0,0.0,0.0,0.0,1.0,1.0,neptune
2,tcp,auth,SF,10,39,0,0,0,0,0,1,0,0,0,0,0,0,0,0,0,0,1,1,0.0,0.0,0.0,0.0,1.0,0.0,0.0,255,3,0.01,0.54,0.0,0.0,0.0,0.0,0.0,0.0,normal
0,udp,domain_u,SF,91,0,0,0,0,0,0,0,0,0,0,0,0,0,0,0,0,0,1,1,0.0,0.0,0.0,0.0,1.0,0.0,0.0,17,13,0.76,0.12,0.76,0.0,0.0,0.0,0.0,0.0,normal
0,tcp,smtp,SF,1291,326,0,0,0,0,0,1,0,0,0,0,0,0,0,0,0,0,1,1,0.0,0.0,0.0,0.0,1.0,0.0,0.0,199,184,0.71,0.03,0.01,0.01,0.0,0.0,0.0,0.0,normal
0,tcp,http,SF,162,27576,0,0,0,0,0,1,0,0,0,0,0,0,0,0,0,0,10,14,0.0,0.0,0.0,0.0,1.0,0.0,0.14,255,255,1.0,0.0,0.0,0.0,0.0,0.0,0.0,0.0,normal
0,tcp,http,SF,189,12948,0,0,0,0,0,1,0,0,0,0,0,0,0,0,0,0,16,16,0.0,0.0,0.0,0.0,1.0,0.0,0.0,34,255,1.0,0.0,0.03,0.01,0.0,0.0,0.03,0.01,normal
0,tcp,pop_3,SF,35,130,0,0,0,0,0,1,0,0,0,0,0,0,0,0,0,0,2,1,0.0,0.0,0.0,0.0,0.5,1.0,0.0,20,8,0.05,0.2,0.05,0.25,0.0,0.0,0.0,0.0,normal
0,icmp,ecr_i,SF,1032,0,0,0,0,0,0,0,0,0,0,0,0,0,0,0,0,0,116,116,0.0,0.0,0.0,0.0,1.0,0.0,0.0,255,116,0.45,0.02,0.45,0.0,0.0,0.0,0.0,0.0,smurf
0,tcp,private,S0,0,0,0,0,0,0,0,0,0,0,0,0,0,0,0,0,0,0,72,10,1.0,1.0,0.0,0.0,0.14,0.07,0.0,109,10,0.09,0.07,0.01,0.0,1.0,1.0,0.0,0.0,neptune
3,tcp,smtp,S2,1064,329,0,0,0,0,0,1,0,0,0,0,0,0,0,0,0,0,1,2,1.0,0.5,0.0,0.0,1.0,0.0,1.0,40,182,0.77,0.08,0.03,0.02,0.05,0.02,0.0,0.0,normal
0,tcp,http,SF,275,432,0,0,0,0,0,1,0,0,0,0,0,0,0,0,0,0,20,24,0.0,0.0,0.0,0.0,1.0,0.0,0.12,255,255,1.0,0.0,0.0,0.0,0.0,0.0,0.0,0.0,normal
0,tcp,http,SF,236,667,0,0,0,0,0,1,0,0,0,0,0,0,0,0,0,0,5,7,0.0,0.0,0.0,0.0,1.0,0.0,0.29,255,255,1.0,0.0,0.0,0.0,0.0,0.0,0.0,0.0,normal
0,tcp,domain,S0,0,0,0,0,0,0,0,0,0,0,0,0,0,0,0,0,0,0,267,15,1.0,1.0,0.0,0.0,0.06,0.05,0.0,255,15,0.06,0.05,0.0,0.0,1.0,1.0,0.0,0.0,neptune
0,tcp,ftp_data,SF,14052,0,0,0,0,0,0,0,0,0,0,0,0,0,0,0,0,0,18,18,0.0,0.0,0.0,0.0,1.0,0.0,0.0,151,65,0.2,0.03,0.2,0.03,0.0,0.0,0.0,0.0,normal
0,tcp,http,SF,200,597,0,0,0,0,0,1,0,0,0,0,0,0,0,0,0,0,6,9,0.0,0.0,0.0,0.0,1.0,0.0,0.22,255,255,1.0,0.0,0.0,0.0,0.0,0.0,0.0,0.0,normal
0,tcp,http,SF,302,283,0,0,0,0,0,1,0,0,0,0,0,0,0,0,0,0,2,2,0.0,0.0,0.0,0.0,1.0,0.0,0.0,20,255,1.0,0.0,0.05,0.02,0.0,0.0,0.0,0.0,normal
4545,udp,other,SF,146,105,0,0,0,0,0,0,0,0,0,0,0,0,0,0,0,0,5,2,0.0,0.0,0.0,0.0,0.4,0.6,0.0,255,2,0.01,0.85,1.0,0.0,0.0,0.0,0.0,0.0,normal
0,tcp,whois,REJ,0,0,0,0,0,0,0,0,0,0,0,0,0,0,0,0,0,0,8,1,0.0,0.0,0.88,1.0,0.12,1.0,0.0,126,1,0.01,0.17,0.01,0.0,0.0,0.0,0.08,1.0,satan
0,tcp,whois,S0,0,0,0,0,0,0,0,0,0,0,0,0,0,0,0,0,0,0,286,18,1.0,1.0,0.0,0.0,0.06,0.06,0.0,255,18,0.07,0.07,0.0,0.0,1.0,1.0,0.0,0.0,neptune
0,tcp,private,S0,0,0,0,0,0,0,0,0,0,0,0,0,0,0,0,0,0,0,113,9,1.0,1.0,0.0,0.0,0.08,0.06,0.0,255,12,0.05,0.08,0.0,0.0,1.0,1.0,0.0,0.0,neptune
0,tcp,private,S0,0,0,0,0,0,0,0,0,0,0,0,0,0,0,0,0,0,0,55,11,1.0,1.0,0.0,0.0,0.2,0.07,0.0,255,11,0.04,0.05,0.0,0.0,1.0,1.0,0.0,0.0,neptune
0,tcp,other,REJ,0,0,0,0,0,0,0,0,0,0,0,0,0,0,0,0,0,0,1,1,0.0,0.0,1.0,1.0,1.0,0.0,0.0,27,27,1.0,0.0,0.04,0.0,0.0,0.0,1.0,1.0,normal
0,tcp,smtp,SF,741,327,0,0,0,0,0,1,0,0,0,0,0,0,0,0,0,0,1,1,0.0,0.0,0.0,0.0,1.0,0.0,0.0,43,130,0.67,0.14,0.02,0.02,0.0,0.02,0.0,0.0,normal
0,tcp,echo,S0,0,0,0,0,0,0,0,0,0,0,0,0,0,0,0,0,0,0,192,3,1.0,1.0,0.0,0.0,0.02,0.07,0.0,255,3,0.01,0.07,0.0,0.0,1.0,1.0,0.0,0.0,neptune
0,udp,domain_u,SF,30,0,0,0,0,0,0,0,0,0,0,0,0,0,0,0,0,0,1,2,0.0,0.0,0.0,0.0,1.0,0.0,1.0,120,12,0.1,0.05,0.1,0.0,0.01,0.0,0.0,0.0,normal
0,tcp,http,SF,305,2507,0,0,0,0,0,1,0,0,0,0,0,0,0,0,0,0,6,6,0.0,0.0,0.0,0.0,1.0,0.0,0.0,52,49,0.94,0.04,0.02,0.0,0.0,0.0,0.0,0.0,normal
0,tcp,private,REJ,0,0,0,0,0,0,0,0,0,0,0,0,0,0,0,0,0,0,172,10,0.0,0.0,1.0,1.0,0.06,0.06,0.0,255,10,0.04,0.07,0.0,0.0,0.0,0.0,1.0,1.0,neptune
0,udp,domain_u,SF,30,0,0,0,0,0,0,0,0,0,0,0,0,0,0,0,0,0,1,4,0.0,0.0,0.0,0.0,1.0,0.0,0.75,255,26,0.1,0.03,0.1,0.0,0.0,0.0,0.0,0.0,normal
0,tcp,systat,S0,0,0,0,0,0,0,0,0,0,0,0,0,0,0,0,0,0,0,137,14,1.0,1.0,0.0,0.0,0.1,0.07,0.0,255,14,0.05,0.08,0.0,0.0,1.0,1.0,0.0,0.0,neptune
0,tcp,http,REJ,0,0,0,0,0,0,0,0,0,0,0,0,0,0,0,0,0,0,215,7,0.0,0.0,1.0,1.0,0.03,0.07,0.0,255,7,0.03,0.07,0.0,0.0,0.0,0.0,1.0,1.0,neptune
1,tcp,smtp,SF,1275,335,0,0,0,0,0,1,0,0,0,0,0,0,0,0,0,0,1,2,0.0,0.0,0.0,0.0,1.0,0.0,1.0,172,154,0.74,0.03,0.01,0.01,0.0,0.0,0.0,0.0,normal
0,tcp,private,S0,0,0,0,0,0,0,0,0,0,0,0,0,0,0,0,0,0,0,290,20,1.0,1.0,0.0,0.0,0.07,0.05,0.0,255,1,0.0,0.08,0.0,0.0,1.0,1.0,0.0,0.0,neptune
0,icmp,eco_i,SF,8,0,0,0,0,0,0,0,0,0,0,0,0,0,0,0,0,0,1,48,0.0,0.0,0.0,0.0,1.0,0.0,1.0,1,9,1.0,0.0,1.0,0.56,0.0,0.0,0.0,0.0,ipsweep
0,tcp,http,SF,270,8134,0,0,0,0,0,1,0,0,0,0,0,0,0,0,0,0,8,10,0.0,0.0,0.0,0.0,1.0,0.0,0.2,165,255,1.0,0.0,0.01,0.04,0.01,0.01,0.0,0.0,normal
666,tcp,telnet,SF,634,20143,0,0,0,0,0,1,3,0,0,0,0,0,0,0,0,0,1,1,0.0,0.0,0.0,0.0,1.0,0.0,0.0,223,109,0.49,0.01,0.0,0.0,0.9,0.92,0.0,0.0,normal
0,tcp,private,S0,0,0,0,0,0,0,0,0,0,0,0,0,0,0,0,0,0,0,117,5,1.0,1.0,0.0,0.0,0.04,0.06,0.0,255,27,0.11,0.05,0.0,0.0,1.0,1.0,0.0,0.0,neptune
0,tcp,time,RSTO,0,0,0,0,0,0,0,0,0,0,0,0,0,0,0,0,0,0,180,8,0.0,0.0,1.0,1.0,0.04,0.07,0.0,255,8,0.03,0.07,0.0,0.0,0.0,0.0,1.0,1.0,neptune
0,tcp,auth,REJ,0,0,0,0,0,0,0,0,0,0,0,0,0,0,0,0,0,0,223,12,0.0,0.0,1.0,1.0,0.05,0.07,0.0,255,12,0.05,0.08,0.0,0.0,0.0,0.0,1.0,1.0,neptune
0,udp,domain_u,SF,42,42,0,0,0,0,0,0,0,0,0,0,0,0,0,0,0,0,8,17,0.0,0.0,0.0,0.0,1.0,0.0,0.29,255,255,1.0,0.0,0.0,0.0,0.0,0.0,0.0,0.0,normal
0,udp,domain_u,SF,43,80,0,0,0,0,0,0,0,0,0,0,0,0,0,0,0,0,124,124,0.0,0.0,0.0,0.0,1.0,0.0,0.0,255,254,1.0,0.01,0.0,0.0,0.0,0.0,0.0,0.0,normal
0,tcp,http,SF,225,590,0,0,0,0,0,1,0,0,0,0,0,0,0,0,0,0,2,2,0.0,0.0,0.0,0.0,1.0,0.0,0.0,14,255,1.0,0.0,0.07,0.05,0.0,0.0,0.0,0.0,normal
0,tcp,http,SF,185,4841,0,0,0,0,0,1,0,0,0,0,0,0,0,0,0,0,3,4,0.0,0.0,0.0,0.0,1.0,0.0,0.5,176,255,1.0,0.0,0.01,0.03,0.0,0.0,0.0,0.0,normal
0,tcp,sql_net,S0,0,0,0,0,0,0,0,0,0,0,0,0,0,0,0,0,0,0,223,11,1.0,1.0,0.0,0.0,0.05,0.05,0.0,255,11,0.04,0.06,0.0,0.0,1.0,1.0,0.0,0.0,neptune
0,udp,domain_u,SF,46,134,0,0,0,0,0,0,0,0,0,0,0,0,0,0,0,0,238,238,0.0,0.0,0.0,0.0,1.0,0.0,0.0,255,252,0.99,0.01,0.0,0.0,0.0,0.0,0.0,0.0,normal
30,tcp,ftp,SF,1423,4152,0,0,0,30,0,1,0,0,0,0,0,0,0,0,0,1,1,1,0.0,0.0,0.0,0.0,1.0,0.0,0.0,105,23,0.22,0.04,0.01,0.0,0.0,0.0,0.0,0.0,normal
0,tcp,http,SF,222,768,0,0,0,0,0,1,0,0,0,0,0,0,0,0,0,0,7,7,0.0,0.0,0.0,0.0,1.0,0.0,0.0,7,255,1.0,0.0,0.14,0.02,0.0,0.0,0.0,0.0,normal
0,tcp,http,SF,304,1309,0,0,0,0,0,1,0,0,0,0,0,0,0,0,0,0,5,6,0.0,0.0,0.0,0.0,1.0,0.0,0.33,10,255,1.0,0.0,0.1,0.05,0.0,0.0,0.0,0.0,normal
0,tcp,http,SF,205,294,0,0,0,0,0,1,0,0,0,0,0,0,0,0,0,0,13,13,0.0,0.0,0.0,0.0,1.0,0.0,0.0,112,255,1.0,0.0,0.01,0.01,0.0,0.0,0.0,0.0,normal
0,tcp,http,SF,232,8153,0,0,0,0,0,1,0,0,0,0,0,0,0,0,0,0,5,5,0.2,0.2,0.0,0.0,1.0,0.0,0.0,30,255,1.0,0.0,0.03,0.04,0.03,0.01,0.0,0.01,normal
0,tcp,finger,S0,0,0,0,0,0,0,0,0,0,0,0,0,0,0,0,0,0,0,33,11,0.94,1.0,0.06,0.0,0.33,0.12,0.0,255,11,0.04,0.06,0.0,0.0,1.0,1.0,0.0,0.0,neptune
0,tcp,http,SF,188,733,0,0,0,0,0,1,0,0,0,0,0,0,0,0,0,0,7,7,0.0,0.0,0.0,0.0,1.0,0.0,0.0,41,255,1.0,0.0,0.02,0.02,0.0,0.01,0.0,0.0,normal
0,tcp,private,S0,0,0,0,0,0,0,0,0,0,0,0,0,0,0,0,0,0,0,159,10,1.0,1.0,0.0,0.0,0.06,0.05,0.0,255,10,0.04,0.05,0.0,0.0,1.0,1.0,0.0,0.0,neptune
0,udp,domain_u,SF,43,74,0,0,0,0,0,0,0,0,0,0,0,0,0,0,0,0,89,89,0.0,0.0,0.0,0.0,1.0,0.0,0.0,255,254,1.0,0.01,0.0,0.0,0.0,0.0,0.0,0.0,normal
0,tcp,kshell,REJ,0,0,0,0,0,0,0,0,0,0,0,0,0,0,0,0,0,0,123,2,0.0,0.0,1.0,1.0,0.02,0.07,0.0,255,2,0.01,0.07,0.0,0.0,0.0,0.0,1.0,1.0,neptune
27,udp,domain_u,SF,90,45,0,0,0,0,0,0,0,0,0,0,0,0,0,0,0,0,2,2,0.0,0.0,0.0,0.0,1.0,0.0,0.0,45,25,0.56,0.04,0.56,0.0,0.0,0.0,0.0,0.0,normal
0,tcp,http,SF,289,14060,0,0,0,0,0,1,0,0,0,0,0,0,0,0,0,0,14,17,0.0,0.0,0.0,0.0,1.0,0.0,0.12,255,255,1.0,0.0,0.0,0.0,0.0,0.0,0.0,0.0,normal
0,udp,domain_u,SF,44,133,0,0,0,0,0,0,0,0,0,0,0,0,0,0,0,0,13,81,0.0,0.0,0.0,0.0,1.0,0.0,0.02,169,119,0.7,0.01,0.01,0.0,0.0,0.0,0.0,0.0,normal
0,tcp,smtp,SF,1966,456,0,0,0,0,0,1,0,0,0,0,0,0,0,0,0,0,1,1,0.0,0.0,0.0,0.0,1.0,0.0,0.0,255,11,0.04,0.07,0.0,0.0,0.84,0.0,0.0,0.0,normal
2603,udp,other,SF,146,105,0,0,0,0,0,0,0,0,0,0,0,0,0,0,0,0,1,1,0.0,0.0,0.0,0.0,1.0,0.0,0.0,255,1,0.0,0.67,0.97,0.0,0.0,0.0,0.0,0.0,normal
0,tcp,systat,S0,0,0,0,0,0,0,0,0,0,0,0,0,0,0,0,0,0,0,208,12,1.0,1.0,0.0,0.0,0.06,0.06,0.0,255,19,0.07,0.05,0.0,0.0,1.0,1.0,0.0,0.0,neptune
0,tcp,http,SF,192,315,0,0,0,0,0,1,0,0,0,0,0,0,0,0,0,0,2,3,0.0,0.0,0.0,0.0,1.0,0.0,0.67,255,255,1.0,0.0,0.0,0.0,0.0,0.0,0.0,0.0,normal
0,tcp,http,SF,264,695,0,0,0,0,0,1,0,0,0,0,0,0,0,0,0,0,31,33,0.0,0.0,0.0,0.0,1.0,0.0,0.09,72,255,1.0,0.0,0.01,0.1,0.0,0.0,0.32,0.8,normal
0,tcp,http,REJ,0,0,0,0,0,0,0,0,0,0,0,0,0,0,0,0,0,0,1,1,0.0,0.0,1.0,1.0,1.0,0.0,0.0,10,43,1.0,0.0,0.1,0.26,0.0,0.0,1.0,1.0,normal
0,tcp,private,REJ,0,0,0,0,0,0,0,0,0,0,0,0,0,0,0,0,0,0,253,5,0.0,0.0,1.0,1.0,0.02,0.07,0.0,255,5,0.02,0.07,0.0,0.0,0.0,0.0,1.0,1.0,neptune
0,tcp,http,SF,261,3913,0,0,0,0,0,1,0,0,0,0,0,0,0,0,0,0,1,2,0.0,0.0,0.0,0.0,1.0,0.0,1.0,255,231,0.91,0.01,0.0,0.0,0.0,0.0,0.0,0.0,normal
0,tcp,exec,RSTO,0,0,0,0,0,0,0,0,0,0,0,0,0,0,0,0,0,0,149,19,0.0,0.0,1.0,1.0,0.13,0.05,0.0,255,19,0.07,0.07,0.0,0.0,0.0,0.0,1.0,1.0,neptune
13500,udp,other,SF,147,105,0,0,0,0,0,0,0,0,0,0,0,0,0,0,0,0,1,1,0.0,0.0,0.0,0.0,1.0,0.0,0.0,255,2,0.01,0.53,0.91,0.0,0.0,0.0,0.0,0.0,normal
0,tcp,private,S0,0,0,0,0,0,0,0,0,0,0,0,0,0,0,0,0,0,0,176,2,0.59,1.0,0.0,0.0,0.01,0.05,0.0,255,19,0.07,0.06,0.0,0.0,1.0,1.0,0.0,0.0,neptune
0,tcp,http,SF,159,9490,0,0,0,0,0,1,0,0,0,0,0,0,0,0,0,0,1,12,0.0,0.0,0.0,0.0,1.0,0.0,0.17,166,255,1.0,0.0,0.01,0.02,0.0,0.0,0.0,0.0,normal
1,tcp,smtp,SF,723,393,0,0,0,0,0,1,0,0,0,0,0,0,0,0,0,0,2,3,0.0,0.0,0.0,0.0,1.0,0.0,0.67,255,5,0.02,0.06,0.0,0.0,0.0,0.0,0.98,0.0,normal
0,icmp,urp_i,SF,183,0,0,0,0,0,0,0,0,0,0,0,0,0,0,0,0,0,5,5,0.0,0.0,0.0,0.0,1.0,0.0,0.0,255,39,0.15,0.01,0.17,0.0,0.0,0.0,0.0,0.0,normal
0,tcp,mtp,S0,0,0,0,0,0,0,0,0,0,0,0,0,0,0,0,0,0,0,221,1,1.0,1.0,0.0,0.0,0.0,0.06,0.0,255,1,0.0,0.06,0.0,0.0,1.0,1.0,0.0,0.0,neptune
0,tcp,http,SF,260,22368,0,0,0,0,0,1,0,0,0,0,0,0,0,0,0,0,1,16,0.0,0.0,0.0,0.0,1.0,0.0,0.12,27,255,1.0,0.0,0.04,0.07,0.0,0.01,0.0,0.0,normal
0,tcp,http,SF,54540,8314,0,0,0,2,0,1,1,0,0,0,0,0,0,0,0,0,5,5,0.2,0.2,0.0,0.0,1.0,0.0,0.0,255,255,1.0,0.0,0.0,0.0,0.01,0.01,0.04,0.04,back
0,tcp,http,SF,214,660,0,0,0,0,0,1,0,0,0,0,0,0,0,0,0,0,4,11,0.0,0.0,0.0,0.0,1.0,0.0,0.36,15,255,1.0,0.0,0.07,0.05,0.0,0.0,0.0,0.0,normal
0,tcp,private,S0,0,0,0,0,0,0,0,0,0,0,0,0,0,0,0,0,0,0,41,15,1.0,1.0,0.0,0.0,0.37,0.1,0.0,255,15,0.06,0.08,0.0,0.0,1.0,1.0,0.0,0.0,neptune
92,tcp,http,SF,312,178,0,0,0,0,0,1,0,0,0,0,0,0,0,0,0,0,34,41,0.0,0.0,0.0,0.0,1.0,0.0,0.05,255,255,1.0,0.0,0.0,0.0,0.0,0.0,0.0,0.0,normal
0,tcp,http,SF,283,1260,0,0,0,0,0,1,0,0,0,0,0,0,0,0,0,0,41,43,0.0,0.0,0.0,0.0,1.0,0.0,0.07,152,255,1.0,0.0,0.01,0.02,0.0,0.01,0.0,0.0,normal
0,tcp,http,SF,241,9284,0,0,0,0,0,1,0,0,0,0,0,0,0,0,0,0,1,1,0.0,0.0,0.0,0.0,1.0,0.0,0.0,159,255,1.0,0.0,0.01,0.01,0.0,0.0,0.0,0.0,normal
0,tcp,http,REJ,0,0,0,0,0,0,0,0,0,0,0,0,0,0,0,0,0,0,1,1,0.0,0.0,1.0,1.0,1.0,0.0,0.0,1,255,1.0,0.0,1.0,0.06,0.0,0.0,1.0,0.62,normal
31,tcp,ftp,SF,1000,3074,0,0,0,22,0,1,0,0,0,0,0,0,0,0,0,1,1,1,0.0,0.0,0.0,0.0,1.0,0.0,0.0,77,26,0.34,0.06,0.03,0.0,0.0,0.0,0.0,0.0,normal
0,tcp,private,S0,0,0,0,0,0,0,0,0,0,0,0,0,0,0,0,0,0,0,206,3,1.0,1.0,0.0,0.0,0.01,0.05,0.0,164,3,0.02,0.07,0.01,0.0,0.99,1.0,0.0,0.0,neptune
6070,udp,other,SF,145,105,0,0,0,0,0,0,0,0,0,0,0,0,0,0,0,0,3,2,0.0,0.0,0.0,0.0,0.67,0.67,0.0,255,4,0.02,0.62,0.88,0.0,0.0,0.0,0.0,0.0,normal
0,tcp,http,SF,310,290,0,0,0,0,0,1,0,0,0,0,0,0,0,0,0,0,35,37,0.0,0.0,0.0,0.0,1.0,0.0,0.08,255,255,1.0,0.0,0.0,0.0,0.0,0.0,0.0,0.0,normal
0,tcp,private,REJ,0,0,0,0,0,0,0,0,0,0,0,0,0,0,0,0,0,0,290,16,0.0,0.0,1.0,1.0,0.06,0.06,0.0,255,16,0.06,0.07,0.0,0.0,0.0,0.0,1.0,1.0,neptune
0,tcp,http,SF,240,6445,0,0,0,0,0,1,0,0,0,0,0,0,0,0,0,0,14,14,0.0,0.0,0.0,0.0,1.0,0.0,0.0,255,255,1.0,0.0,0.0,0.0,0.0,0.0,0.0,0.0,normal
0,tcp,http,SF,246,5480,0,0,0,0,0,1,0,0,0,0,0,0,0,0,0,0,4,9,0.0,0.11,0.0,0.0,1.0,0.0,0.22,115,255,1.0,0.0,0.01,0.02,0.0,0.0,0.01,0.01,normal
0,udp,domain_u,SF,45,111,0,0,0,0,0,0,0,0,0,0,0,0,0,0,0,0,294,294,0.0,0.0,0.0,0.0,1.0,0.0,0.0,255,253,0.99,0.01,0.0,0.0,0.0,0.0,0.0,0.0,normal
0,tcp,http,REJ,0,0,0,0,0,0,0,0,0,0,0,0,0,0,0,0,0,0,1,2,0.0,0.0,1.0,1.0,1.0,0.0,1.0,47,238,1.0,0.0,0.02,0.24,0.0,0.0,1.0,1.0,normal
0,tcp,http,SF,161,688,0,0,0,0,0,1,0,0,0,0,0,0,0,0,0,0,11,11,0.0,0.0,0.0,0.0,1.0,0.0,0.0,255,255,1.0,0.0,0.0,0.0,0.0,0.0,0.0,0.0,normal
0,tcp,http,SF,353,4580,0,0,0,0,0,1,0,0,0,0,0,0,0,0,0,0,3,3,0.33,0.33,0.0,0.0,1.0,0.0,0.0,135,255,1.0,0.0,0.01,0.04,0.01,0.0,0.13,0.08,normal
0,tcp,name,RSTR,0,0,0,0,0,0,0,0,0,0,0,0,0,0,0,0,0,0,1,1,0.0,0.0,1.0,1.0,1.0,0.0,0.0,90,1,0.01,0.48,0.47,0.0,0.07,0.0,0.44,1.0,portsweep
0,tcp,http,SF,300,1260,0,0,0,0,0,1,0,0,0,0,0,0,0,0,0,0,13,13,0.0,0.0,0.0,0.0,1.0,0.0,0.0,13,255,1.0,0.0,0.08,0.08,0.0,0.01,0.0,0.0,normal
0,tcp,csnet_ns,S0,0,0,0,0,0,0,0,0,0,0,0,0,0,0,0,0,0,0,285,25,1.0,1.0,0.0,0.0,0.09,0.05,0.0,255,25,0.1,0.05,0.0,0.0,1.0,1.0,0.0,0.0,neptune
0,udp,private,SF,28,0,0,3,0,0,0,0,0,0,0,0,0,0,0,0,0,0,70,70,0.0,0.0,0.0,0.0,1.0,0.0,0.0,255,70,0.27,0.01,0.27,0.0,0.0,0.0,0.0,0.0,teardrop
0,tcp,http,SF,302,4743,0,0,0,0,0,1,0,0,0,0,0,0,0,0,0,0,12,54,0.0,0.0,0.0,0.0,1.0,0.0,0.11,12,255,1.0,0.0,0.08,0.06,0.0,0.01,0.0,0.0,normal
0,tcp,private,REJ,0,0,0,0,0,0,0,0,0,0,0,0,0,0,0,0,0,0,211,7,0.0,0.0,1.0,1.0,0.03,0.08,0.0,255,7,0.03,0.07,0.0,0.0,0.0,0.0,1.0,1.0,neptune
0,tcp,finger,S0,0,0,0,0,0,0,0,0,0,0,0,0,0,0,0,0,0,0,288,10,1.0,1.0,0.0,0.0,0.03,0.05,0.0,255,10,0.04,0.05,0.0,0.0,1.0,1.0,0.0,0.0,neptune
0,tcp,daytime,S0,0,0,0,0,0,0,0,0,0,0,0,0,0,0,0,0,0,0,270,11,1.0,1.0,0.0,0.0,0.04,0.06,0.0,255,13,0.05,0.05,0.0,0.0,1.0,1.0,0.0,0.0,neptune
0,tcp,http,SF,203,18279,0,0,0,0,0,1,0,0,0,0,0,0,0,0,0,0,1,1,0.0,0.0,0.0,0.0,1.0,0.0,0.0,31,255,1.0,0.0,0.03,0.07,0.0,0.0,0.0,0.0,normal
0,tcp,http,SF,283,1052,0,0,0,0,0,1,0,0,0,0,0,0,0,0,0,0,10,11,0.0,0.0,0.0,0.0,1.0,0.0,0.18,11,255,1.0,0.0,0.09,0.05,0.0,0.0,0.0,0.0,normal
0,udp,domain_u,SF,46,78,0,0,0,0,0,0,0,0,0,0,0,0,0,0,0,0,127,127,0.0,0.0,0.0,0.0,0.99,0.02,0.02,255,254,1.0,0.01,0.0,0.0,0.0,0.0,0.0,0.0,normal
0,tcp,private,REJ,0,0,0,0,0,0,0,0,0,0,0,0,0,0,0,0,0,0,276,11,0.0,0.0,1.0,1.0,0.04,0.06,0.0,255,11,0.04,0.06,0.0,0.0,0.0,0.0,1.0,1.0,neptune
0,tcp,http,SF,330,8134,0,0,0,0,0,1,0,0,0,0,0,0,0,0,0,0,13,13,0.0,0.0,0.0,0.0,1.0,0.0,0.0,79,255,1.0,0.0,0.01,0.04,0.0,0.0,0.0,0.0,normal
40743,tcp,private,RSTR,1,0,0,0,0,0,0,0,0,0,0,0,0,0,0,0,0,0,2,2,0.0,0.0,1.0,1.0,1.0,0.0,0.0,255,2,0.01,0.37,0.73,0.0,0.0,0.0,0.73,1.0,portsweep
0,tcp,auth,SF,9,38,0,0,0,0,0,0,0,0,0,0,0,0,0,0,0,0,1,1,0.0,0.0,0.0,0.0,1.0,0.0,0.0,139,3,0.02,0.04,0.01,0.0,0.0,0.0,0.0,0.0,normal
0,tcp,private,S0,0,0,0,0,0,0,0,0,0,0,0,0,0,0,0,0,0,0,115,12,1.0,1.0,0.0,0.0,0.1,0.06,0.0,255,11,0.04,0.07,0.0,0.0,1.0,1.0,0.0,0.0,neptune
0,tcp,http,SF,299,888,0,0,0,0,0,1,0,0,0,0,0,0,0,0,0,0,6,9,0.0,0.0,0.0,0.0,1.0,0.0,0.22,9,255,1.0,0.0,0.11,0.02,0.0,0.0,0.0,0.0,normal
0,tcp,http,SF,182,5814,0,0,0,0,0,1,0,0,0,0,0,0,0,0,0,0,1,2,0.0,0.0,0.0,0.0,1.0,0.0,1.0,4,1,0.25,0.5,0.25,0.0,0.0,0.0,0.0,0.0,normal
0,icmp,eco_i,SF,8,0,0,0,0,0,0,0,0,0,0,0,0,0,0,0,0,0,1,18,0.0,0.0,0.0,0.0,1.0,0.0,1.0,1,33,1.0,0.0,1.0,0.52,0.0,0.0,0.0,0.0,ipsweep
0,tcp,private,S0,0,0,0,0,0,0,0,0,0,0,0,0,0,0,0,0,0,0,144,13,1.0,1.0,0.0,0.0,0.09,0.06,0.0,223,16,0.07,0.08,0.0,0.0,1.0,1.0,0.0,0.0,neptune
0,tcp,smtp,SF,840,332,0,0,0,0,0,1,0,0,0,0,0,0,0,0,0,0,1,1,0.0,0.0,0.0,0.0,1.0,0.0,0.0,121,181,0.98,0.02,0.01,0.01,0.0,0.0,0.0,0.0,normal
0,tcp,http,SF,223,925,0,0,0,0,0,1,0,0,0,0,0,0,0,0,0,0,10,24,0.0,0.0,0.0,0.0,1.0,0.0,0.08,203,255,1.0,0.0,0.0,0.02,0.0,0.0,0.0,0.0,normal
0,tcp,http,SF,312,7426,0,0,0,0,0,1,0,0,0,0,0,0,0,0,0,0,1,4,0.0,0.0,0.0,0.0,1.0,0.0,0.5,40,255,1.0,0.0,0.03,0.07,0.0,0.0,0.0,0.0,normal
0,icmp,ecr_i,SF,1032,0,0,0,0,0,0,0,0,0,0,0,0,0,0,0,0,0,250,250,0.0,0.0,0.0,0.0,1.0,0.0,0.0,255,250,0.98,0.01,0.98,0.0,0.0,0.0,0.0,0.0,smurf
0,udp,other,SF,147,0,0,0,0,0,0,0,0,0,0,0,0,0,0,0,0,0,5,1,0.0,0.0,0.0,0.0,0.2,0.6,0.0,143,1,0.01,0.69,0.94,0.0,0.0,0.0,0.0,0.0,normal
0,tcp,private,S0,0,0,0,0,0,0,0,0,0,0,0,0,0,0,0,0,0,0,186,5,0.59,1.0,0.0,0.0,0.03,0.05,0.0,255,8,0.03,0.07,0.0,0.0,1.0,1.0,0.0,0.0,neptune
0,tcp,http,SF,321,2444,0,0,0,0,0,1,0,0,0,0,0,0,0,0,0,0,6,6,0.0,0.0,0.0,0.0,1.0,0.0,0.0,36,255,1.0,0.0,0.03,0.02,0.0,0.0,0.0,0.0,normal
0,tcp,smtp,SF,710,328,0,0,0,0,0,1,0,0,0,0,0,0,0,0,0,0,1,1,0.0,0.0,0.0,0.0,1.0,0.0,0.0,255,125,0.49,0.03,0.0,0.0,0.0,0.0,0.0,0.0,normal
0,tcp,http,REJ,0,0,0,0,0,0,0,0,0,0,0,0,0,0,0,0,0,0,1,2,0.0,0.0,1.0,1.0,1.0,0.0,1.0,30,227,1.0,0.0,0.03,0.04,0.0,0.0,1.0,0.78,normal
0,tcp,private,S0,0,0,0,0,0,0,0,0,0,0,0,0,0,0,0,0,0,0,99,11,1.0,1.0,0.0,0.0,0.11,0.06,0.0,255,3,0.01,0.07,0.0,0.0,1.0,1.0,0.0,0.0,neptune
0,tcp,bgp,S0,0,0,0,0,0,0,0,0,0,0,0,0,0,0,0,0,0,0,278,12,1.0,1.0,0.0,0.0,0.04,0.06,0.0,255,12,0.05,0.07,0.0,0.0,1.0,1.0,0.0,0.0,neptune
0,tcp,iso_tsap,REJ,0,0,0,0,0,0,0,0,0,0,0,0,0,0,0,0,0,0,116,1,0.0,0.0,1.0,1.0,0.01,0.07,0.0,255,1,0.0,0.07,0.0,0.0,0.0,0.0,1.0,1.0,neptune
0,tcp,other,SF,3468,0,0,0,0,0,0,1,0,0,0,0,0,0,0,0,0,0,19,1,0.0,0.0,0.0,0.0,0.05,0.16,0.0,97,1,0.01,0.05,0.41,0.0,0.0,0.0,0.0,0.0,normal
0,tcp,efs,REJ,0,0,0,0,0,0,0,0,0,0,0,0,0,0,0,0,0,0,121,4,0.0,0.0,1.0,1.0,0.03,0.07,0.0,255,4,0.02,0.07,0.0,0.0,0.0,0.0,1.0,1.0,neptune
0,tcp,http,SF,273,451,0,0,0,0,0,1,0,0,0,0,0,0,0,0,0,0,1,5,0.0,0.0,0.0,0.0,1.0,0.0,0.6,4,255,1.0,0.0,0.25,0.04,0.0,0.0,0.0,0.0,normal
0,tcp,http,SF,304,2440,0,0,0,0,0,1,0,0,0,0,0,0,0,0,0,0,6,6,0.0,0.0,0.0,0.0,1.0,0.0,0.0,15,255,1.0,0.0,0.07,0.05,0.0,0.0,0.0,0.0,normal
0,tcp,http,SF,331,1972,0,0,0,0,0,1,0,0,0,0,0,0,0,0,0,0,27,30,0.0,0.0,0.0,0.0,1.0,0.0,0.07,27,255,1.0,0.0,0.04,0.02,0.0,0.0,0.0,0.0,normal
0,tcp,http,SF,213,259,0,0,0,0,0,1,0,0,0,0,0,0,0,0,0,0,21,21,0.0,0.0,0.0,0.0,1.0,0.0,0.0,255,255,1.0,0.0,0.0,0.0,0.0,0.0,0.0,0.0,normal
0,tcp,http,SF,189,277,0,0,0,0,0,1,0,0,0,0,0,0,0,0,0,0,1,5,0.0,0.0,0.0,0.0,1.0,0.0,0.6,5,255,1.0,0.0,0.2,0.07,0.0,0.01,0.0,0.0,normal
0,tcp,http,SF,200,455,0,0,0,0,0,1,0,0,0,0,0,0,0,0,0,0,7,13,0.0,0.0,0.0,0.0,1.0,0.0,0.23,255,255,1.0,0.0,0.0,0.0,0.0,0.0,0.0,0.0,normal
0,tcp,private,S0,0,0,0,0,0,0,0,0,0,0,0,0,0,0,0,0,0,0,200,7,1.0,1.0,0.0,0.0,0.04,0.06,0.0,255,8,0.03,0.07,0.0,0.0,1.0,1.0,0.0,0.0,neptune
0,tcp,http,SF,233,261,0,0,0,0,0,1,0,0,0,0,0,0,0,0,0,0,16,16,0.0,0.0,0.0,0.0,1.0,0.0,0.0,255,255,1.0,0.0,0.0,0.0,0.0,0.0,0.0,0.0,normal
0,tcp,http,SF,223,343,0,0,0,0,0,1,0,0,0,0,0,0,0,0,0,0,2,48,0.0,0.0,0.0,0.0,1.0,0.0,0.1,19,255,1.0,0.0,0.05,0.01,0.0,0.0,0.0,0.0,normal
0,tcp,http,SF,291,3682,0,0,0,0,0,1,0,0,0,0,0,0,0,0,0,0,12,12,0.0,0.0,0.0,0.0,1.0,0.0,0.0,28,255,1.0,0.0,0.04,0.03,0.0,0.0,0.0,0.0,normal
0,tcp,uucp,S0,0,0,0,0,0,0,0,0,0,0,0,0,0,0,0,0,0,0,131,22,1.0,1.0,0.0,0.0,0.17,0.05,0.0,255,22,0.09,0.05,0.0,0.0,1.0,1.0,0.0,0.0,neptune
0,tcp,http,SF,239,1056,0,0,0,0,0,1,0,0,0,0,0,0,0,0,0,0,2,2,0.0,0.0,0.0,0.0,1.0,0.0,0.0,26,255,1.0,0.0,0.04,0.03,0.0,0.0,0.0,0.0,normal
0,tcp,http,SF,244,994,0,0,0,0,0,1,0,0,0,0,0,0,0,0,0,0,5,13,0.0,0.0,0.0,0.0,1.0,0.0,0.38,169,255,1.0,0.0,0.01,0.02,0.0,0.0,0.01,0.0,normal
0,tcp,http,SF,355,540,0,0,0,0,0,1,0,0,0,0,0,0,0,0,0,0,18,47,0.0,0.0,0.0,0.0,1.0,0.0,0.21,162,255,1.0,0.0,0.01,0.02,0.0,0.01,0.0,0.01,normal
0,tcp,http,SF,329,2838,0,0,0,0,0,1,0,0,0,0,0,0,0,0,0,0,7,7,0.0,0.0,0.0,0.0,1.0,0.0,0.0,56,255,1.0,0.0,0.02,0.02,0.0,0.0,0.0,0.0,normal
0,tcp,http,SF,325,289,0,0,0,0,0,1,0,0,0,0,0,0,0,0,0,0,6,14,0.0,0.0,0.0,0.0,1.0,0.0,0.36,47,255,1.0,0.0,0.02,0.01,0.0,0.0,0.02,0.01,normal
0,icmp,eco_i,SF,8,0,0,0,0,0,0,0,0,0,0,0,0,0,0,0,0,0,1,5,0.0,0.0,0.0,0.0,1.0,0.0,1.0,2,26,1.0,0.0,1.0,0.5,0.0,0.0,0.0,0.0,ipsweep
1,tcp,smtp,SF,10608,918,0,0,0,0,0,1,0,0,0,0,0,0,0,0,0,0,1,1,0.0,0.0,0.0,0.0,1.0,0.0,0.0,40,176,0.8,0.1,0.03,0.01,0.0,0.0,0.0,0.0,normal
0,tcp,private,S0,0,0,0,0,0,0,0,0,0,0,0,0,0,0,0,0,0,0,132,8,1.0,1.0,0.0,0.0,0.06,0.06,0.0,255,7,0.03,0.08,0.0,0.0,1.0,1.0,0.0,0.0,neptune
0,tcp,http,SF,331,337,0,0,0,0,0,1,0,0,0,0,0,0,0,0,0,0,18,18,0.0,0.0,0.0,0.0,1.0,0.0,0.0,255,255,1.0,0.0,0.0,0.0,0.0,0.0,0.0,0.0,normal
0,tcp,http,SF,320,3163,0,0,0,0,0,1,0,0,0,0,0,0,0,0,0,0,6,16,0.0,0.0,0.0,0.0,1.0,0.0,0.19,39,255,1.0,0.0,0.03,0.02,0.0,0.01,0.0,0.0,normal
0,tcp,ftp_data,SF,245,0,0,0,0,0,0,0,0,0,0,0,0,0,0,0,0,0,2,2,0.0,0.0,0.0,0.0,1.0,0.0,0.0,2,67,1.0,0.0,1.0,0.03,0.0,0.0,0.0,0.0,normal
0,tcp,http,SF,232,1496,0,0,0,0,0,1,0,0,0,0,0,0,0,0,0,0,5,6,0.0,0.0,0.0,0.0,1.0,0.0,0.33,26,255,1.0,0.0,0.04,0.02,0.0,0.0,0.0,0.0,normal
0,tcp,private,S0,0,0,0,0,0,0,0,0,0,0,0,0,0,0,0,0,0,0,13,1,1.0,1.0,0.0,0.0,0.08,0.31,0.0,255,1,0.0,0.09,0.0,0.0,1.0,1.0,0.0,0.0,neptune
0,tcp,http,SF,307,1212,0,0,0,0,0,1,0,0,0,0,0,0,0,0,0,0,1,1,0.0,0.0,0.0,0.0,1.0,0.0,0.0,58,255,1.0,0.0,0.02,0.05,0.0,0.0,0.0,0.0,normal
0,tcp,http,SF,148,14602,0,0,0,2,0,1,0,0,0,0,0,0,0,0,0,0,2,3,0.0,0.0,0.0,0.0,1.0,0.0,0.67,255,255,1.0,0.0,0.0,0.0,0.0,0.0,0.0,0.0,normal
0,tcp,http,SF,321,770,0,0,0,0,0,1,0,0,0,0,0,0,0,0,0,0,4,6,0.0,0.0,0.0,0.0,1.0,0.0,0.5,255,255,1.0,0.0,0.0,0.0,0.0,0.0,0.02,0.02,normal
0,tcp,finger,S0,0,0,1,0,0,0,0,0,0,0,0,0,0,0,0,0,0,0,1,2,1.0,1.0,0.0,0.0,1.0,0.0,1.0,1,3,1.0,0.0,1.0,1.0,1.0,1.0,0.0,0.0,normal
0,udp,domain_u,SF,17,70,0,0,0,0,0,0,0,0,0,0,0,0,0,0,0,0,1,1,0.0,0.0,0.0,0.0,1.0,0.0,0.0,164,93,0.57,0.02,0.01,0.0,0.0,0.0,0.0,0.0,normal
0,tcp,smtp,SF,648,335,0,0,0,0,0,1,0,0,0,0,0,0,0,0,0,0,1,1,0.0,0.0,0.0,0.0,1.0,0.0,0.0,106,166,0.7,0.05,0.01,0.01,0.0,0.0,0.0,0.0,normal
0,tcp,csnet_ns,S0,0,0,0,0,0,0,0,0,0,0,0,0,0,0,0,0,0,0,121,14,1.0,1.0,0.0,0.0,0.12,0.07,0.0,255,14,0.05,0.07,0.0,0.0,1.0,1.0,0.0,0.0,neptune
0,tcp,private,S0,0,0,0,0,0,0,0,0,0,0,0,0,0,0,0,0,0,0,133,3,1.0,1.0,0.0,0.0,0.02,0.07,0.0,255,16,0.06,0.07,0.0,0.0,1.0,1.0,0.0,0.0,neptune
0,tcp,http,SF,296,611,0,0,0,0,0,1,0,0,0,0,0,0,0,0,0,0,2,3,0.0,0.0,0.0,0.0,1.0,0.0,0.67,19,255,1.0,0.0,0.05,0.05,0.0,0.0,0.0,0.0,normal
0,tcp,ftp_data,SF,35195,0,0,0,0,0,0,0,0,0,0,0,0,0,0,0,0,0,17,17,0.0,0.0,0.0,0.0,1.0,0.0,0.0,188,69,0.37,0.03,0.37,0.0,0.0,0.0,0.0,0.0,normal
0,tcp,private,S0,0,0,0,0,0,0,0,0,0,0,0,0,0,0,0,0,0,0,140,12,1.0,1.0,0.0,0.0,0.09,0.06,0.0,255,2,0.01,0.06,0.0,0.0,1.0,1.0,0.0,0.0,neptune
0,udp,domain_u,SF,45,78,0,0,0,0,0,0,0,0,0,0,0,0,0,0,0,0,128,131,0.0,0.0,0.0,0.0,1.0,0.0,0.02,255,225,0.88,0.01,0.0,0.0,0.0,0.0,0.0,0.0,normal
0,tcp,smtp,SF,1420,362,0,0,0,0,0,1,0,0,0,0,0,0,0,0,0,0,2,2,0.0,0.0,0.0,0.0,0.5,1.0,1.0,125,171,0.7,0.04,0.01,0.01,0.0,0.0,0.0,0.0,normal
0,tcp,http,REJ,0,0,0,0,0,0,0,0,0,0,0,0,0,0,0,0,0,0,1,3,0.0,0.0,1.0,1.0,1.0,0.0,1.0,5,255,1.0,0.0,0.2,0.21,0.0,0.0,1.0,1.0,normal
0,tcp,http,SF,232,1966,0,0,0,0,0,1,0,0,0,0,0,0,0,0,0,0,17,17,0.0,0.0,0.0,0.0,1.0,0.0,0.0,30,255,1.0,0.0,0.03,0.06,0.0,0.0,0.0,0.0,normal
0,tcp,http,SF,204,3881,0,0,0,0,0,1,0,0,0,0,0,0,0,0,0,0,13,13,0.0,0.0,0.0,0.0,1.0,0.0,0.0,29,255,1.0,0.0,0.03,0.02,0.0,0.0,0.0,0.0,normal
0,tcp,http,SF,372,1662,0,0,0,0,0,1,0,0,0,0,0,0,0,0,0,0,10,11,0.0,0.0,0.0,0.0,1.0,0.0,0.18,255,255,1.0,0.0,0.0,0.0,0.0,0.0,0.0,0.0,normal
0,icmp,ecr_i,SF,1032,0,0,0,0,0,0,0,0,0,0,0,0,0,0,0,0,0,511,511,0.0,0.0,0.0,0.0,1.0,0.0,0.0,255,182,0.71,0.02,0.71,0.0,0.0,0.0,0.0,0.0,smurf
2,tcp,ftp_data,SF,2194619,0,0,0,0,0,0,1,0,0,0,0,0,0,0,0,0,0,1,1,0.0,0.0,0.0,0.0,1.0,0.0,0.0,132,65,0.49,0.03,0.49,0.0,0.0,0.0,0.0,0.0,normal
0,tcp,http,SF,223,1538,0,0,0,0,0,1,0,0,0,0,0,0,0,0,0,0,21,22,0.0,0.0,0.0,0.0,1.0,0.0,0.09,255,255,1.0,0.0,0.0,0.0,0.0,0.0,0.0,0.0,normal
0,tcp,vmnet,S0,0,0,0,0,0,0,0,0,0,0,0,0,0,0,0,0,0,0,203,2,1.0,1.0,0.0,0.0,0.01,0.07,0.0,255,2,0.01,0.08,0.0,0.0,1.0,1.0,0.0,0.0,neptune
0,udp,private,SF,1,0,0,0,0,0,0,0,0,0,0,0,0,0,0,0,0,0,10,1,0.0,0.0,0.0,0.0,0.1,0.2,0.0,255,55,0.22,0.21,1.0,0.0,0.0,0.0,0.0,0.0,satan
0,tcp,systat,S0,0,0,0,0,0,0,0,0,0,0,0,0,0,0,0,0,0,0,259,24,1.0,1.0,0.0,0.0,0.09,0.05,0.0,255,24,0.09,0.05,0.0,0.0,1.0,1.0,0.0,0.0,neptune
0,tcp,http,SF,322,2073,0,0,0,0,0,1,0,0,0,0,0,0,0,0,0,0,28,29,0.0,0.0,0.0,0.0,1.0,0.0,0.07,255,255,1.0,0.0,0.0,0.0,0.0,0.0,0.0,0.0,normal
0,tcp,http,SF,173,7697,0,0,0,0,0,1,0,0,0,0,0,0,0,0,0,0,23,24,0.0,0.0,0.0,0.0,1.0,0.0,0.08,44,255,1.0,0.0,0.02,0.04,0.0,0.0,0.0,0.0,normal
0,tcp,http,SF,212,174,0,0,0,0,0,1,0,0,0,0,0,0,0,0,0,0,13,13,0.0,0.0,0.0,0.0,1.0,0.0,0.0,13,255,1.0,0.0,0.08,0.01,0.0,0.0,0.0,0.0,normal
0,tcp,efs,S0,0,0,0,0,0,0,0,0,0,0,0,0,0,0,0,0,0,0,130,5,1.0,1.0,0.0,0.0,0.04,0.06,0.0,255,16,0.06,0.07,0.0,0.0,1.0,1.0,0.0,0.0,neptune
0,tcp,exec,S0,0,0,0,0,0,0,0,0,0,0,0,0,0,0,0,0,0,0,35,12,1.0,1.0,0.0,0.0,0.34,0.09,0.0,255,12,0.05,0.07,0.0,0.0,1.0,1.0,0.0,0.0,neptune
0,tcp,http,SF,284,1261,0,0,0,0,0,1,0,0,0,0,0,0,0,0,0,0,43,43,0.0,0.0,0.0,0.0,1.0,0.0,0.0,183,255,1.0,0.0,0.01,0.02,0.0,0.0,0.0,0.0,normal
0,tcp,http,SF,186,833,0,0,0,0,0,1,0,0,0,0,0,0,0,0,0,0,6,6,0.0,0.0,0.0,0.0,1.0,0.0,0.0,6,255,1.0,0.0,0.17,0.02,0.0,0.0,0.0,0.0,normal
0,tcp,private,S0,0,0,0,0,0,0,0,0,0,0,0,0,0,0,0,0,0,0,146,5,1.0,1.0,0.0,0.0,0.03,0.06,0.0,255,3,0.01,0.06,0.0,0.0,1.0,1.0,0.0,0.0,neptune
0,tcp,private,S0,0,0,0,0,0,0,0,0,0,0,0,0,0,0,0,0,0,0,59,5,1.0,1.0,0.0,0.0,0.08,0.1,0.0,255,12,0.05,0.08,0.0,0.0,1.0,1.0,0.0,0.0,neptune
0,tcp,http,REJ,0,0,0,0,0,0,0,0,0,0,0,0,0,0,0,0,0,0,232,7,0.0,0.0,1.0,1.0,0.03,0.06,0.0,255,7,0.03,0.07,0.0,0.0,0.0,0.0,1.0,1.0,neptune
0,tcp,private,S0,0,0,0,0,0,0,0,0,0,0,0,0,0,0,0,0,0,0,89,2,1.0,1.0,0.0,0.0,0.02,0.07,0.0,255,18,0.07,0.07,0.0,0.0,1.0,1.0,0.0,0.0,neptune
0,tcp,private,S0,0,0,0,0,0,0,0,0,0,0,0,0,0,0,0,0,0,0,133,17,1.0,1.0,0.0,0.0,0.13,0.05,0.0,255,20,0.08,0.07,0.0,0.0,1.0,1.0,0.0,0.0,neptune
0,tcp,klogin,S0,0,0,0,0,0,0,0,0,0,0,0,0,0,0,0,0,0,0,129,6,1.0,1.0,0.0,0.0,0.05,0.07,0.0,255,6,0.02,0.06,0.0,0.0,1.0,1.0,0.0,0.0,neptune
0,udp,private,SF,1,0,0,0,0,0,0,0,0,0,0,0,0,0,0,0,0,0,116,106,0.0,0.0,0.0,0.0,0.91,0.02,0.0,255,180,0.71,0.04,1.0,0.0,0.0,0.0,0.0,0.0,satan
0,tcp,vmnet,S0,0,0,0,0,0,0,0,0,0,0,0,0,0,0,0,0,0,0,281,20,1.0,1.0,0.0,0.0,0.07,0.04,0.0,255,14,0.05,0.05,0.0,0.0,1.0,1.0,0.0,0.0,neptune
0,udp,domain_u,SF,44,110,0,0,0,0,0,0,0,0,0,0,0,0,0,0,0,0,1,1,0.0,0.0,0.0,0.0,1.0,0.0,0.0,171,169,0.99,0.01,0.01,0.0,0.0,0.0,0.0,0.0,normal
0,tcp,csnet_ns,S0,0,0,0,0,0,0,0,0,0,0,0,0,0,0,0,0,0,0,289,5,1.0,1.0,0.0,0.0,0.02,0.05,0.0,255,5,0.02,0.05,0.0,0.0,1.0,1.0,0.0,0.0,neptune
0,tcp,http,SF,195,8104,0,0,0,0,0,1,0,0,0,0,0,0,0,0,0,0,4,5,0.0,0.0,0.0,0.0,1.0,0.0,0.4,15,255,1.0,0.0,0.07,0.03,0.0,0.0,0.0,0.0,normal
0,tcp,private,S0,0,0,0,0,0,0,0,0,0,0,0,0,0,0,0,0,0,0,128,18,1.0,1.0,0.0,0.0,0.14,0.06,0.0,131,18,0.14,0.07,0.01,0.0,1.0,1.0,0.0,0.0,neptune
0,tcp,ftp_data,SF,5558,0,0,0,0,0,0,0,0,0,0,0,0,0,0,0,0,0,16,16,0.0,0.0,0.0,0.0,1.0,0.0,0.0,255,22,0.09,0.01,0.09,0.0,0.0,0.0,0.0,0.0,normal
0,tcp,http,SF,220,1241,0,0,0,0,0,1,0,0,0,0,0,0,0,0,0,0,14,14,0.0,0.0,0.0,0.0,1.0,0.0,0.0,14,255,1.0,0.0,0.07,0.06,0.0,0.0,0.0,0.0,normal
0,tcp,http,SF,202,9381,0,0,0,0,0,1,0,0,0,0,0,0,0,0,0,0,13,29,0.0,0.0,0.0,0.0,1.0,0.0,0.07,108,255,1.0,0.0,0.01,0.03,0.0,0.01,0.01,0.0,normal
0,udp,domain_u,SF,42,42,0,0,0,0,0,0,0,0,0,0,0,0,0,0,0,0,3,6,0.0,0.0,0.0,0.0,1.0,0.0,0.5,255,245,0.96,0.01,0.0,0.0,0.0,0.0,0.0,0.0,normal
0,tcp,sunrpc,S0,0,0,0,0,0,0,0,0,0,0,0,0,0,0,0,0,0,0,298,20,1.0,1.0,0.0,0.0,0.07,0.06,0.0,255,20,0.08,0.07,0.0,0.0,1.0,1.0,0.0,0.0,neptune
0,tcp,private,RSTR,0,0,0,0,0,0,0,0,0,0,0,0,0,0,0,0,0,0,1,1,0.0,0.0,1.0,1.0,1.0,0.0,0.0,255,1,0.0,0.76,0.75,0.0,0.0,0.0,0.75,1.0,portsweep
1,tcp,smtp,SF,2152,332,0,0,0,0,0,1,0,0,0,0,0,0,0,0,0,0,1,2,0.0,0.0,0.0,0.0,1.0,0.0,1.0,96,147,0.55,0.03,0.01,0.01,0.0,0.0,0.0,0.0,normal
0,tcp,http,SF,210,3810,0,0,0,0,0,1,0,0,0,0,0,0,0,0,0,0,3,4,0.0,0.0,0.0,0.0,1.0,0.0,0.5,3,255,1.0,0.0,0.33,0.02,0.0,0.0,0.0,0.0,normal
0,tcp,http,SF,372,10679,0,0,0,0,0,1,0,0,0,0,0,0,0,0,0,0,11,11,0.0,0.0,0.0,0.0,1.0,0.0,0.0,255,255,1.0,0.0,0.0,0.0,0.0,0.0,0.0,0.0,normal
0,tcp,private,S0,0,0,0,0,0,0,0,0,0,0,0,0,0,0,0,0,0,0,276,9,1.0,1.0,0.0,0.0,0.03,0.05,0.0,255,8,0.03,0.07,0.0,0.0,1.0,1.0,0.0,0.0,neptune
0,tcp,http,SF,285,8955,0,0,0,0,0,1,0,0,0,0,0,0,0,0,0,0,8,8,0.0,0.0,0.0,0.0,1.0,0.0,0.0,126,255,1.0,0.0,0.01,0.01,0.0,0.0,0.0,0.0,normal
0,tcp,http,SF,257,1387,0,0,0,0,0,1,0,0,0,0,0,0,0,0,0,0,8,8,0.0,0.0,0.0,0.0,1.0,0.0,0.0,180,255,1.0,0.0,0.01,0.02,0.0,0.0,0.0,0.0,normal
29,udp,domain_u,SF,46,46,0,0,0,0,0,0,0,0,0,0,0,0,0,0,0,0,11,13,0.0,0.0,0.0,0.0,0.18,0.18,0.15,56,54,0.96,0.04,0.02,0.0,0.0,0.0,0.0,0.0,normal
0,tcp,smtp,SF,1515,335,0,0,0,0,0,1,0,0,0,0,0,0,2,0,0,0,1,2,0.0,0.0,0.0,0.0,1.0,0.0,1.0,131,164,0.6,0.05,0.01,0.01,0.0,0.0,0.0,0.0,normal
0,tcp,courier,S0,0,0,0,0,0,0,0,0,0,0,0,0,0,0,0,0,0,0,114,6,1.0,1.0,0.0,0.0,0.05,0.06,0.0,255,6,0.02,0.05,0.0,0.0,1.0,1.0,0.0,0.0,neptune
0,tcp,private,REJ,0,0,0,0,0,0,0,0,0,0,0,0,0,0,0,0,0,0,1,1,0.0,0.0,1.0,1.0,1.0,0.0,0.0,39,2,0.03,1.0,0.03,1.0,0.0,0.0,0.97,1.0,ipsweep
0,tcp,http,SF,228,774,0,0,0,0,0,1,0,0,0,0,0,0,0,0,0,0,52,56,0.0,0.0,0.0,0.0,1.0,0.0,0.07,255,255,1.0,0.0,0.0,0.0,0.0,0.0,0.01,0.01,normal
493,tcp,telnet,SF,449,14588,0,0,0,0,0,1,2,0,0,0,0,0,0,0,0,0,1,1,0.0,0.0,0.0,0.0,1.0,0.0,0.0,255,6,0.02,0.06,0.0,0.0,0.93,0.0,0.01,0.33,normal
