duration,protocol_type,service,flag,src_bytes,dst_bytes,land,wrong_fragment,urgent,hot,num_failed_logins,logged_in,num_compromised,root_shell,su_attempted,num_root,num_file_creations,num_shells,num_access_files,num_outbound_cmds,is_host_login,is_guest_login,count,srv_count,serror_rate,srv_serror_rate,rerror_rate,srv_rerror_rate,same_srv_rate,diff_srv_rate,srv_diff_host_rate,dst_host_count,dst_host_srv_count,dst_host_same_srv_rate,dst_host_diff_srv_rate,dst_host_same_src_port_rate,dst_host_srv_diff_host_rate,dst_host_serror_rate,dst_host_srv_serror_rate,dst_host_rerror_rate,dst_host_srv_rerror_rate,label
0,tcp,telnet,S0,0,0,0,0,0,0,0,0,0,0,0,0,0,0,0,0,0,0,54,10,1.0,1.0,0.0,0.0,0.19,0.07,0.0,255,70,0.27,0.02,0.02,0.0,1.0,1.0,0.0,0.0,neptune
0,tcp,private,RSTR,0,0,0,0,0,0,0,0,0,0,0,0,0,0,0,0,0,0,1,1,0.0,0.0,1.0,1.0,1.0,0.0,0.0,124,1,0.01,0.22,0.21,0.0,0.0,0.0,0.2,1.0,portsweep
0,icmp,eco_i,SF,8,0,0,0,0,0,0,0,0,0,0,0,0,0,0,0,0,0,1,35,0.0,0.0,0.0,0.0,1.0,0.0,1.0,1,129,1.0,0.0,1.0,0.51,0.0,0.0,0.0,0.0,ipsweep
0,tcp,private,REJ,0,0,0,0,0,0,0,0,0,0,0,0,0,0,0,0,0,0,364,1,0.0,0.0,1.0,1.0,0.0,0.52,0.0,255,1,0.0,0.52,1.0,0.0,0.0,0.0,1.0,1.0,portsweep
0,icmp,eco_i,SF,8,0,0,0,0,0,0,0,0,0,0,0,0,0,0,0,0,0,1,48,0.0,0.0,0.0,0.0,1.0,0.0,1.0,1,77,1.0,0.0,1.0,0.51,0.0,0.0,0.0,0.0,ipsweep
4,udp,private,SF,1,5,0,0,0,0,0,0,0,0,0,0,0,0,0,0,0,0,39,14,0.0,0.0,0.0,0.0,0.36,0.1,0.0,255,14,0.05,0.62,0.4,0.0,0.16,0.0,0.44,0.0,satan
0,udp,private,SF,1,0,0,0,0,0,0,0,0,0,0,0,0,0,0,0,0,0,5,5,0.0,0.0,0.0,0.0,1.0,0.0,0.0,255,208,0.82,0.03,1.0,0.0,0.0,0.0,0.0,0.0,satan
0,tcp,private,S0,0,0,0,0,0,0,0,0,0,0,0,0,0,0,0,0,0,0,116,3,1.0,1.0,0.0,0.0,0.03,0.06,0.0,255,30,0.12,0.06,0.0,0.0,1.0,1.0,0.0,0.0,neptune
0,icmp,eco_i,SF,8,0,0,0,0,0,0,0,0,0,0,0,0,0,0,0,0,0,1,35,0.0,0.0,0.0,0.0,1.0,0.0,1.0,4,168,1.0,0.0,1.0,0.25,0.0,0.0,0.0,0.0,nmap
0,tcp,iso_tsap,RSTR,0,0,0,0,0,0,0,0,0,0,0,0,0,0,0,0,0,0,1,1,0.0,0.0,1.0,1.0,1.0,0.0,0.0,149,1,0.01,0.68,0.68,0.0,0.04,0.0,0.64,1.0,portsweep
0,udp,private,SF,1,0,0,0,0,0,0,0,0,0,0,0,0,0,0,0,0,0,18,15,0.0,0.0,0.0,0.0,0.83,0.11,0.0,255,15,0.06,0.93,0.08,0.0,0.03,0.0,0.89,0.0,satan
0,icmp,eco_i,SF,8,0,0,0,0,0,0,0,0,0,0,0,0,0,0,0,0,0,1,10,0.0,0.0,0.0,0.0,1.0,0.0,1.0,1,23,1.0,0.0,1.0,0.52,0.0,0.0,0.0,0.0,ipsweep
0,tcp,ftp_data,REJ,0,0,0,0,0,0,0,0,0,0,0,0,0,0,0,0,0,0,456,2,0.07,0.0,0.9,1.0,0.0,1.0,0.0,255,1,0.0,1.0,0.0,0.0,0.08,0.0,0.91,1.0,satan
0,icmp,eco_i,SF,18,0,0,0,0,0,0,0,0,0,0,0,0,0,0,0,0,0,1,1,0.0,0.0,0.0,0.0,1.0,0.0,0.0,1,109,1.0,0.0,1.0,1.0,0.0,0.0,0.0,0.0,ipsweep
0,tcp,private,REJ,0,0,0,0,0,0,0,0,0,0,0,0,0,0,0,0,0,0,192,1,0.1,0.0,0.89,1.0,0.01,1.0,0.0,255,1,0.0,0.89,0.0,0.0,0.07,0.0,0.68,1.0,satan
0,udp,private,SF,1,0,0,0,0,0,0,0,0,0,0,0,0,0,0,0,0,0,46,21,0.0,0.0,0.0,0.0,0.46,0.09,0.0,255,66,0.26,0.27,0.78,0.0,0.05,0.0,0.17,0.0,satan
0,tcp,private,REJ,0,0,0,0,0,0,0,0,0,0,0,0,0,0,0,0,0,0,180,1,0.02,0.0,0.95,1.0,0.01,1.0,0.0,255,1,0.0,0.73,0.0,0.0,0.01,0.0,0.68,1.0,satan
0,udp,private,SF,1,0,0,0,0,0,0,0,0,0,0,0,0,0,0,0,0,0,6,6,0.0,0.0,0.0,0.0,1.0,0.0,0.0,255,6,0.02,0.21,1.0,0.0,0.0,0.0,0.0,0.0,satan
0,tcp,http,SF,231,236,0,0,0,0,0,1,0,0,0,0,0,0,0,0,0,0,9,13,0.0,0.0,0.0,0.0,1.0,0.0,0.15,104,255,1.0,0.0,0.01,0.05,0.0,0.0,0.0,0.0,normal
0,tcp,daytime,S0,0,0,0,0,0,0,0,0,0,0,0,0,0,0,0,0,0,0,298,18,1.0,1.0,0.0,0.0,0.06,0.06,0.0,255,6,0.02,0.08,0.0,0.0,1.0,1.0,0.0,0.0,neptune
12,tcp,ssh,RSTO,6,15,0,0,0,0,0,1,0,0,0,0,0,0,0,0,0,0,511,1,0.07,0.0,0.92,1.0,0.0,1.0,0.0,255,1,0.0,1.0,0.0,0.0,0.13,0.0,0.86,1.0,satan
0,tcp,ftp_data,SF,59,0,0,0,0,0,0,0,0,0,0,0,0,0,0,0,0,0,12,12,0.0,0.0,0.0,0.0,1.0,0.0,0.0,255,51,0.2,0.03,0.17,0.0,0.0,0.0,0.01,0.0,normal
0,icmp,eco_i,SF,8,0,0,0,0,0,0,0,0,0,0,0,0,0,0,0,0,0,1,1,0.0,0.0,0.0,0.0,1.0,0.0,0.0,4,2,0.5,0.75,0.5,0.0,0.0,0.0,0.0,0.0,nmap
0,tcp,harvest,S0,0,0,0,0,0,0,0,0,0,0,0,0,0,0,0,0,0,0,509,1,0.1,1.0,0.89,0.0,0.0,1.0,0.0,255,1,0.0,1.0,0.0,0.0,0.17,1.0,0.82,0.0,satan
0,tcp,ftp_data,SF,334,0,0,0,0,0,0,1,0,0,0,0,0,0,0,0,0,0,1,1,0.0,0.0,0.0,0.0,1.0,0.0,0.0,255,51,0.2,0.03,0.2,0.0,0.0,0.0,0.0,0.0,warezclient
0,tcp,private,RSTR,0,0,0,0,0,0,0,0,0,0,0,0,0,0,0,0,0,0,1,1,0.0,0.0,1.0,1.0,1.0,0.0,0.0,255,1,0.0,0.85,0.84,0.0,0.0,0.0,0.84,1.0,portsweep
0,tcp,Z39_50,RSTR,0,0,0,0,0,0,0,0,0,0,0,0,0,0,0,0,0,0,1,1,0.0,0.0,1.0,1.0,1.0,0.0,0.0,255,1,0.0,0.82,0.82,0.0,0.0,0.0,0.82,1.0,portsweep
0,tcp,private,REJ,0,0,0,0,0,0,0,0,0,0,0,0,0,0,0,0,0,0,2,1,0.0,0.0,1.0,1.0,0.5,1.0,0.0,255,1,0.0,0.37,0.34,0.0,0.0,0.0,0.35,1.0,portsweep
0,tcp,private,REJ,0,0,0,0,0,0,0,0,0,0,0,0,0,0,0,0,0,0,1,1,0.0,0.0,1.0,1.0,1.0,0.0,0.0,35,2,0.03,1.0,0.03,1.0,0.0,0.0,0.86,1.0,ipsweep
0,icmp,eco_i,SF,8,0,0,0,0,0,0,0,0,0,0,0,0,0,0,0,0,0,1,52,0.0,0.0,0.0,0.0,1.0,0.0,1.0,1,17,1.0,0.0,1.0,0.53,0.0,0.0,0.0,0.0,ipsweep
0,tcp,private,REJ,0,0,0,0,0,0,0,0,0,0,0,0,0,0,0,0,0,0,59,1,0.02,0.0,0.92,1.0,0.02,1.0,0.0,255,1,0.0,0.26,0.0,0.0,0.0,0.0,0.22,1.0,satan
0,icmp,eco_i,SF,8,0,0,0,0,0,0,0,0,0,0,0,0,0,0,0,0,0,1,40,0.0,0.0,0.0,0.0,1.0,0.0,1.0,1,81,1.0,0.0,1.0,0.51,0.0,0.0,0.0,0.0,ipsweep
0,tcp,other,REJ,0,0,0,0,0,0,0,0,0,0,0,0,0,0,0,0,0,0,511,1,0.11,0.0,0.89,1.0,0.0,1.0,0.0,255,1,0.0,1.0,0.0,0.0,0.15,0.0,0.85,1.0,satan
0,icmp,eco_i,SF,8,0,0,0,0,0,0,0,0,0,0,0,0,0,0,0,0,0,1,49,0.0,0.0,0.0,0.0,1.0,0.0,1.0,2,134,1.0,0.0,1.0,0.5,0.0,0.0,0.0,0.0,ipsweep
0,tcp,other,REJ,0,0,0,0,0,0,0,0,0,0,0,0,0,0,0,0,0,0,511,1,0.04,0.0,0.96,1.0,0.0,1.0,0.0,255,1,0.0,1.0,0.0,0.0,0.01,0.0,0.99,1.0,satan
0,icmp,eco_i,SF,8,0,0,0,0,0,0,0,0,0,0,0,0,0,0,0,0,0,1,50,0.0,0.0,0.0,0.0,1.0,0.0,1.0,4,61,1.0,0.0,1.0,0.26,0.0,0.0,0.0,0.0,nmap
0,tcp,http,SF,267,7363,0,0,0,0,0,1,0,0,0,0,0,0,0,0,0,0,7,7,0.0,0.0,0.0,0.0,1.0,0.0,0.0,72,255,1.0,0.0,0.01,0.06,0.0,0.0,0.0,0.0,normal
0,udp,other,SF,1,0,0,0,0,0,0,0,0,0,0,0,0,0,0,0,0,0,157,7,0.0,0.0,0.0,0.0,0.04,0.04,0.0,255,7,0.03,0.05,1.0,0.0,0.0,0.0,0.0,0.0,satan
9741,tcp,other,RSTR,1,0,0,0,0,0,0,0,0,0,0,0,0,0,0,0,0,0,2,2,0.0,0.0,1.0,1.0,1.0,0.0,0.0,255,2,0.01,0.74,1.0,0.0,0.0,0.0,1.0,1.0,portsweep
0,udp,private,SF,1,0,0,0,0,0,0,0,0,0,0,0,0,0,0,0,0,0,15,11,0.0,0.0,0.0,0.0,0.73,0.13,0.0,255,11,0.04,0.84,0.18,0.0,0.03,0.0,0.8,0.0,satan
0,tcp,private,REJ,0,0,0,0,0,0,0,0,0,0,0,0,0,0,0,0,0,0,85,1,0.08,0.0,0.92,1.0,0.01,1.0,0.0,255,1,0.0,0.6,0.0,0.0,0.03,0.0,0.32,1.0,satan
0,tcp,ftp_data,SF,334,0,0,0,0,0,0,1,0,0,0,0,0,0,0,0,0,0,2,2,0.0,0.0,0.0,0.0,1.0,0.0,0.0,6,23,1.0,0.0,1.0,0.17,0.0,0.0,0.0,0.0,warezclient
0,tcp,private,RSTR,0,0,0,0,0,0,0,0,0,0,0,0,0,0,0,0,0,0,1,1,0.0,0.0,1.0,1.0,1.0,0.0,0.0,255,1,0.0,0.52,0.51,0.0,0.0,0.0,0.51,1.0,portsweep
0,tcp,other,REJ,0,0,0,0,0,0,0,0,0,0,0,0,0,0,0,0,0,0,336,1,0.09,0.0,0.9,1.0,0.0,1.0,0.0,255,1,0.0,1.0,0.0,0.0,0.09,0.0,0.9,1.0,satan
0,tcp,smtp,SF,2089,437,0,0,0,0,0,1,0,0,0,0,0,0,0,0,0,0,1,1,0.0,0.0,0.0,0.0,1.0,0.0,0.0,255,130,0.51,0.01,0.0,0.0,0.75,0.77,0.0,0.0,normal
0,tcp,private,REJ,0,0,0,0,0,0,0,0,0,0,0,0,0,0,0,0,0,0,198,1,0.07,0.0,0.87,1.0,0.01,0.99,0.0,255,1,0.0,0.78,0.0,0.0,0.05,0.0,0.68,1.0,satan
0,icmp,eco_i,SF,8,0,0,0,0,0,0,0,0,0,0,0,0,0,0,0,0,0,1,13,0.0,0.0,0.0,0.0,1.0,0.0,1.0,4,41,1.0,0.0,1.0,0.27,0.0,0.0,0.0,0.0,nmap
1,tcp,finger,SF,10,186,0,0,0,0,0,0,0,0,0,0,0,0,0,0,0,0,3,4,0.0,0.0,0.0,0.0,1.0,0.0,0.5,255,6,0.02,0.31,0.0,0.0,0.0,0.0,0.12,0.0,satan
8077,tcp,other,RSTR,1,0,0,0,0,0,0,0,0,0,0,0,0,0,0,0,0,0,2,2,0.0,0.0,1.0,1.0,1.0,0.0,0.0,255,2,0.01,0.63,1.0,0.0,0.0,0.0,1.0,1.0,portsweep
0,tcp,http,SF,289,342,0,0,0,0,0,1,0,0,0,0,0,0,0,0,0,0,3,3,0.0,0.0,0.0,0.0,1.0,0.0,0.0,255,255,1.0,0.0,0.0,0.0,0.0,0.0,0.0,0.0,normal
0,udp,domain_u,SF,42,42,0,0,0,0,0,0,0,0,0,0,0,0,0,0,0,0,2,2,0.0,0.0,0.0,0.0,1.0,0.0,0.0,255,250,0.98,0.01,0.0,0.0,0.0,0.0,0.0,0.0,normal
0,udp,private,SF,215,0,0,0,0,0,0,0,0,0,0,0,0,0,0,0,0,0,1,1,0.0,0.0,0.0,0.0,1.0,0.0,0.0,247,207,0.84,0.01,0.84,0.0,0.0,0.0,0.0,0.0,nmap
0,tcp,http,SF,321,1738,0,0,0,0,0,1,0,0,0,0,0,0,0,0,0,0,5,5,0.0,0.0,0.0,0.0,1.0,0.0,0.0,107,255,1.0,0.0,0.01,0.04,0.0,0.0,0.0,0.0,normal
0,tcp,private,SH,0,0,0,0,0,0,0,0,0,0,0,0,0,0,0,0,0,0,1,1,1.0,1.0,0.0,0.0,1.0,0.0,0.0,168,1,0.01,0.94,0.95,0.0,0.95,1.0,0.0,0.0,nmap
0,tcp,private,REJ,0,0,0,0,0,0,0,0,0,0,0,0,0,0,0,0,0,0,408,1,0.06,0.0,0.93,1.0,0.0,1.0,0.0,255,1,0.0,1.0,0.0,0.0,0.09,0.0,0.91,1.0,satan
0,tcp,auth,REJ,0,0,0,0,0,0,0,0,0,0,0,0,0,0,0,0,0,0,259,15,0.0,0.0,1.0,1.0,0.06,0.07,0.0,255,15,0.06,0.07,0.0,0.0,0.0,0.0,1.0,1.0,neptune
26347,tcp,private,RSTR,1,0,0,0,0,0,0,0,0,0,0,0,0,0,0,0,0,0,2,2,0.0,0.0,1.0,1.0,1.0,0.0,0.0,255,2,0.01,0.74,1.0,0.0,0.0,0.0,1.0,1.0,portsweep
0,tcp,smtp,SF,895,328,0,0,0,0,0,1,0,0,0,0,0,0,0,0,0,0,1,1,0.0,0.0,0.0,0.0,1.0,0.0,0.0,171,119,0.7,0.02,0.01,0.0,0.0,0.0,0.0,0.0,normal
0,tcp,other,REJ,0,0,0,0,0,0,0,0,0,0,0,0,0,0,0,0,0,0,509,1,0.23,0.0,0.76,1.0,0.0,1.0,0.0,255,1,0.0,1.0,0.0,0.0,0.22,0.0,0.75,1.0,satan
13468,tcp,other,RSTR,1,0,0,0,0,0,0,0,0,0,0,0,0,0,0,0,0,0,2,2,0.0,0.0,1.0,1.0,1.0,0.0,0.0,255,2,0.01,0.68,1.0,0.0,0.0,0.0,1.0,1.0,portsweep
0,tcp,ftp_data,SF,748,0,0,0,0,0,0,1,0,0,0,9,0,0,0,0,0,0,1,4,0.0,0.0,0.0,0.0,1.0,0.0,0.75,111,29,0.26,0.03,0.26,0.0,0.0,0.0,0.0,0.0,normal
0,icmp,eco_i,SF,8,0,0,0,0,0,0,0,0,0,0,0,0,0,0,0,0,0,1,26,0.0,0.0,0.0,0.0,1.0,0.0,1.0,2,84,1.0,0.0,1.0,0.5,0.0,0.0,0.0,0.0,ipsweep
0,tcp,http,SF,251,338,0,0,0,0,0,1,0,0,0,0,0,0,0,0,0,0,3,5,0.0,0.0,0.0,0.0,1.0,0.0,0.4,16,255,1.0,0.0,0.06,0.04,0.06,0.01,0.0,0.0,normal
1,tcp,private,RSTR,0,0,0,0,0,0,0,0,0,0,0,0,0,0,0,0,0,0,78,2,0.0,0.0,1.0,1.0,0.03,0.54,0.0,248,2,0.01,0.17,0.31,0.0,0.01,0.0,0.51,1.0,portsweep
0,tcp,http,SF,194,31441,0,0,0,0,0,1,0,0,0,0,0,0,0,0,0,0,6,7,0.0,0.0,0.0,0.0,1.0,0.0,0.29,16,255,1.0,0.0,0.06,0.04,0.0,0.0,0.0,0.0,normal
0,tcp,imap4,S0,0,0,0,0,0,0,0,0,0,0,0,0,0,0,0,0,0,0,225,7,1.0,1.0,0.0,0.0,0.03,0.06,0.0,255,7,0.03,0.08,0.0,0.0,1.0,1.0,0.0,0.0,neptune
0,tcp,private,RSTR,0,0,0,0,0,0,0,0,0,0,0,0,0,0,0,0,0,0,1,1,0.0,0.0,1.0,1.0,1.0,0.0,0.0,255,1,0.0,0.47,0.47,0.0,0.0,0.0,0.47,1.0,portsweep
0,tcp,smtp,SF,3798,583,0,0,0,0,0,1,0,0,0,0,0,0,0,0,0,0,1,1,0.0,0.0,0.0,0.0,1.0,0.0,0.0,55,181,0.93,0.05,0.02,0.03,0.0,0.0,0.0,0.0,normal
0,icmp,eco_i,SF,8,0,0,0,0,0,0,0,0,0,0,0,0,0,0,0,0,0,1,40,0.0,0.0,0.0,0.0,1.0,0.0,1.0,2,74,1.0,0.0,1.0,0.5,0.0,0.0,0.0,0.0,ipsweep
0,tcp,http,SF,301,195,0,0,0,0,0,1,0,0,0,0,0,0,0,0,0,0,1,12,0.0,0.0,0.0,0.0,1.0,0.0,0.17,8,255,1.0,0.0,0.12,0.06,0.0,0.01,0.0,0.01,normal
30,tcp,ftp,SF,937,2720,0,0,0,19,0,1,0,0,0,0,0,0,0,0,0,1,1,1,0.0,0.0,0.0,0.0,1.0,0.0,0.0,40,10,0.25,0.08,0.03,0.0,0.0,0.0,0.0,0.0,normal
0,icmp,eco_i,SF,8,0,0,0,0,0,0,0,0,0,0,0,0,0,0,0,0,0,1,39,0.0,0.0,0.0,0.0,1.0,0.0,1.0,2,140,1.0,0.0,1.0,0.5,0.0,0.0,0.0,0.0,ipsweep
0,icmp,eco_i,SF,8,0,0,0,0,0,0,0,0,0,0,0,0,0,0,0,0,0,1,23,0.0,0.0,0.0,0.0,1.0,0.0,1.0,2,72,1.0,0.0,1.0,0.5,0.0,0.0,0.0,0.0,ipsweep
0,icmp,eco_i,SF,8,0,0,0,0,0,0,0,0,0,0,0,0,0,0,0,0,0,1,17,0.0,0.0,0.0,0.0,1.0,0.0,1.0,4,41,1.0,0.0,1.0,0.27,0.0,0.0,0.0,0.0,nmap
0,icmp,eco_i,SF,8,0,0,0,0,0,0,0,0,0,0,0,0,0,0,0,0,0,1,13,0.0,0.0,0.0,0.0,1.0,0.0,1.0,1,145,1.0,0.0,1.0,0.5,0.0,0.0,0.0,0.0,ipsweep
0,tcp,other,REJ,0,0,0,0,0,0,0,0,0,0,0,0,0,0,0,0,0,0,511,1,0.14,0.0,0.86,1.0,0.0,1.0,0.0,255,1,0.0,1.0,0.0,0.0,0.24,0.0,0.76,1.0,satan
0,tcp,http,SF,327,1469,0,0,0,0,0,1,0,0,0,0,0,0,0,0,0,0,3,3,0.33,0.33,0.0,0.0,1.0,0.0,0.0,86,255,1.0,0.0,0.01,0.04,0.01,0.0,0.0,0.0,normal
13816,tcp,other,RSTR,1,0,0,0,0,0,0,0,0,0,0,0,0,0,0,0,0,0,2,2,0.0,0.0,1.0,1.0,1.0,0.0,0.0,255,2,0.01,0.68,1.0,0.0,0.0,0.0,1.0,1.0,portsweep
0,tcp,private,RSTR,0,0,0,0,0,0,0,0,0,0,0,0,0,0,0,0,0,0,1,1,0.0,0.0,1.0,1.0,1.0,0.0,0.0,101,1,0.01,0.07,0.03,0.0,0.0,0.0,0.02,1.0,portsweep
0,tcp,bgp,S0,0,0,0,0,0,0,0,0,0,0,0,0,0,0,0,0,0,0,238,3,1.0,1.0,0.0,0.0,0.01,0.07,0.0,255,3,0.01,0.07,0.0,0.0,1.0,1.0,0.0,0.0,neptune
0,icmp,eco_i,SF,8,0,0,0,0,0,0,0,0,0,0,0,0,0,0,0,0,0,1,20,0.0,0.0,0.0,0.0,1.0,0.0,1.0,2,43,1.0,0.0,1.0,0.51,0.0,0.0,0.0,0.0,ipsweep
0,icmp,eco_i,SF,8,0,0,0,0,0,0,0,0,0,0,0,0,0,0,0,0,0,1,1,0.0,0.0,0.0,0.0,1.0,0.0,0.0,255,2,0.01,0.08,0.09,0.0,0.53,0.0,0.01,0.0,portsweep
0,tcp,http,SF,204,7203,0,0,0,0,0,1,0,0,0,0,0,0,0,0,0,0,13,14,0.0,0.0,0.0,0.0,1.0,0.0,0.14,255,255,1.0,0.0,0.0,0.0,0.0,0.0,0.0,0.0,normal
13,tcp,telnet,SF,139,2456,0,0,0,0,0,1,0,0,0,0,0,0,0,0,0,0,1,1,0.0,0.0,0.0,0.0,1.0,0.0,0.0,3,6,0.33,1.0,0.33,0.67,0.0,0.0,0.0,0.0,normal
0,udp,domain_u,SF,45,111,0,0,0,0,0,0,0,0,0,0,0,0,0,0,0,0,7,8,0.0,0.0,0.0,0.0,1.0,0.0,0.25,145,136,0.94,0.02,0.01,0.0,0.0,0.0,0.0,0.0,normal
0,tcp,http,SF,221,1749,0,0,0,0,0,1,0,0,0,0,0,0,0,0,0,0,15,16,0.0,0.0,0.0,0.0,1.0,0.0,0.12,31,255,1.0,0.0,0.03,0.06,0.0,0.0,0.0,0.0,normal
0,tcp,vmnet,S0,0,0,0,0,0,0,0,0,0,0,0,0,0,0,0,0,0,0,246,2,1.0,1.0,0.0,0.0,0.01,0.06,0.0,255,19,0.07,0.07,0.0,0.0,1.0,1.0,0.0,0.0,neptune
0,tcp,private,OTH,0,0,0,0,0,0,0,0,0,0,0,0,0,0,0,0,0,0,1,1,0.0,0.0,0.0,0.0,1.0,0.0,0.0,164,1,0.01,0.71,0.71,0.0,0.04,0.0,0.62,0.0,portsweep
0,icmp,eco_i,SF,18,0,0,0,0,0,0,0,0,0,0,0,0,0,0,0,0,0,1,1,0.0,0.0,0.0,0.0,1.0,0.0,0.0,1,29,1.0,0.0,1.0,0.28,0.0,0.0,0.0,0.0,ipsweep
0,udp,private,SF,105,147,0,0,0,0,0,0,0,0,0,0,0,0,0,0,0,0,7,1,0.0,0.0,0.0,0.0,0.14,0.29,0.0,255,232,0.91,0.01,0.02,0.0,0.0,0.0,0.0,0.0,normal
0,tcp,http,SF,234,5280,0,0,0,0,0,1,0,0,0,0,0,0,0,0,0,0,4,4,0.0,0.0,0.0,0.0,1.0,0.0,0.0,250,255,1.0,0.0,0.0,0.01,0.0,0.0,0.0,0.0,normal
0,tcp,discard,S0,0,0,0,0,0,0,0,0,0,0,0,0,0,0,0,0,0,0,124,15,1.0,1.0,0.0,0.0,0.12,0.06,0.0,255,15,0.06,0.07,0.0,0.0,1.0,1.0,0.0,0.0,neptune
0,icmp,eco_i,SF,18,0,0,0,0,0,0,0,0,0,0,0,0,0,0,0,0,0,2,1,0.0,0.0,0.0,0.0,0.5,1.0,0.0,3,199,1.0,0.0,1.0,0.25,0.0,0.0,0.0,0.0,ipsweep
0,icmp,eco_i,SF,8,0,0,0,0,0,0,0,0,0,0,0,0,0,0,0,0,0,1,20,0.0,0.0,0.0,0.0,1.0,0.0,1.0,2,42,1.0,0.0,1.0,0.5,0.0,0.0,0.0,0.0,ipsweep
0,tcp,private,S0,0,0,0,0,0,0,0,0,0,0,0,0,0,0,0,0,0,0,84,15,1.0,1.0,0.0,0.0,0.18,0.07,0.0,255,1,0.0,0.07,0.0,0.0,1.0,1.0,0.0,0.0,neptune
0,tcp,hostnames,S0,0,0,0,0,0,0,0,0,0,0,0,0,0,0,0,0,0,0,283,9,1.0,1.0,0.0,0.0,0.03,0.05,0.0,255,9,0.04,0.05,0.0,0.0,1.0,1.0,0.0,0.0,neptune
0,tcp,netstat,REJ,0,0,0,0,0,0,0,0,0,0,0,0,0,0,0,0,0,0,2,1,0.0,0.0,1.0,1.0,0.5,1.0,0.0,255,1,0.0,1.0,1.0,0.0,0.0,0.0,1.0,1.0,portsweep
26050,tcp,private,RSTR,1,0,0,0,0,0,0,0,0,0,0,0,0,0,0,0,0,0,2,2,0.0,0.0,1.0,1.0,1.0,0.0,0.0,255,2,0.01,0.71,1.0,0.0,0.0,0.0,1.0,1.0,portsweep
0,tcp,http,SF,212,2606,0,0,0,0,0,1,0,0,0,0,0,0,0,0,0,0,32,34,0.0,0.0,0.0,0.0,1.0,0.0,0.09,255,255,1.0,0.0,0.0,0.0,0.0,0.0,0.0,0.0,normal
0,tcp,ftp_data,SF,334,0,0,0,0,0,0,1,0,0,0,0,0,0,0,0,0,0,1,1,0.0,0.0,0.0,0.0,1.0,0.0,0.0,1,11,1.0,0.0,1.0,0.27,0.0,0.0,0.0,0.0,warezclient
0,tcp,other,S0,0,0,0,0,0,0,0,0,0,0,0,0,0,0,0,0,0,0,510,1,0.28,1.0,0.71,0.0,0.0,1.0,0.0,255,1,0.0,1.0,0.0,0.0,0.27,1.0,0.73,0.0,satan
36510,tcp,private,RSTR,1,0,0,0,0,0,0,0,0,0,0,0,0,0,0,0,0,0,2,2,0.0,0.0,1.0,1.0,1.0,0.0,0.0,255,2,0.01,0.5,1.0,0.0,0.0,0.0,1.0,1.0,portsweep
0,icmp,eco_i,SF,8,0,0,0,0,0,0,0,0,0,0,0,0,0,0,0,0,0,1,1,0.0,0.0,0.0,0.0,1.0,0.0,0.0,2,129,1.0,0.0,1.0,0.5,0.0,0.0,0.0,0.0,ipsweep
0,icmp,eco_i,SF,8,0,0,0,0,0,0,0,0,0,0,0,0,0,0,0,0,0,1,35,0.0,0.0,0.0,0.0,1.0,0.0,1.0,3,95,1.0,0.0,1.0,0.25,0.0,0.0,0.0,0.0,nmap
0,icmp,eco_i,SF,8,0,0,0,0,0,0,0,0,0,0,0,0,0,0,0,0,0,1,39,0.0,0.0,0.0,0.0,1.0,0.0,1.0,2,87,1.0,0.0,1.0,0.51,0.0,0.0,0.0,0.0,ipsweep
0,icmp,eco_i,SF,18,0,0,0,0,0,0,0,0,0,0,0,0,0,0,0,0,0,1,1,0.0,0.0,0.0,0.0,1.0,0.0,0.0,1,152,1.0,0.0,1.0,1.0,0.0,0.0,0.0,0.0,ipsweep
0,icmp,eco_i,SF,8,0,0,0,0,0,0,0,0,0,0,0,0,0,0,0,0,0,1,32,0.0,0.0,0.0,0.0,1.0,0.0,1.0,2,70,1.0,0.0,1.0,0.5,0.0,0.0,0.0,0.0,ipsweep
0,udp,other,SF,1,0,0,0,0,0,0,0,0,0,0,0,0,0,0,0,0,0,11,2,0.0,0.0,0.0,0.0,0.18,0.45,0.0,255,2,0.01,0.17,1.0,0.0,0.0,0.0,0.0,0.0,satan
0,icmp,eco_i,SF,8,0,0,0,0,0,0,0,0,0,0,0,0,0,0,0,0,0,1,2,0.0,0.0,0.0,0.0,1.0,0.0,1.0,4,184,1.0,0.0,1.0,0.25,0.0,0.0,0.0,0.0,nmap
0,icmp,eco_i,SF,8,0,0,0,0,0,0,0,0,0,0,0,0,0,0,0,0,0,1,10,0.0,0.0,0.0,0.0,1.0,0.0,1.0,2,255,1.0,0.0,1.0,0.5,0.0,0.0,0.0,0.0,ipsweep
0,icmp,eco_i,SF,8,0,0,0,0,0,0,0,0,0,0,0,0,0,0,0,0,0,1,1,0.0,0.0,0.0,0.0,1.0,0.0,0.0,1,79,1.0,0.0,1.0,0.51,0.0,0.0,0.0,0.0,ipsweep
0,tcp,http,SF,259,345,0,0,0,0,0,1,0,0,0,0,0,0,0,0,0,0,17,17,0.0,0.0,0.0,0.0,1.0,0.0,0.0,255,255,1.0,0.0,0.0,0.0,0.0,0.0,0.0,0.0,normal
39103,tcp,private,RSTR,1,0,0,0,0,0,0,0,0,0,0,0,0,0,0,0,0,0,2,2,0.0,0.0,1.0,1.0,1.0,0.0,0.0,255,2,0.01,0.51,1.0,0.0,0.0,0.0,1.0,1.0,portsweep
0,tcp,private,REJ,0,0,0,0,0,0,0,0,0,0,0,0,0,0,0,0,0,0,96,19,0.0,0.0,1.0,1.0,0.2,0.07,0.0,255,19,0.07,0.09,0.0,0.0,0.0,0.0,1.0,1.0,neptune
0,icmp,eco_i,SF,8,0,0,0,0,0,0,0,0,0,0,0,0,0,0,0,0,0,1,25,0.0,0.0,0.0,0.0,1.0,0.0,1.0,3,71,1.0,0.0,1.0,0.25,0.0,0.0,0.0,0.0,nmap
0,icmp,eco_i,SF,8,0,0,0,0,0,0,0,0,0,0,0,0,0,0,0,0,0,1,35,0.0,0.0,0.0,0.0,1.0,0.0,1.0,3,80,1.0,0.0,1.0,0.26,0.0,0.0,0.0,0.0,nmap
0,tcp,other,REJ,0,0,0,0,0,0,0,0,0,0,0,0,0,0,0,0,0,0,509,1,0.09,0.0,0.9,1.0,0.0,1.0,0.0,255,1,0.0,1.0,0.0,0.0,0.18,0.0,0.82,1.0,satan
0,icmp,eco_i,SF,8,0,0,0,0,0,0,0,0,0,0,0,0,0,0,0,0,0,1,10,0.0,0.0,0.0,0.0,1.0,0.0,1.0,1,169,1.0,0.0,1.0,0.25,0.0,0.0,0.0,0.0,nmap
0,icmp,eco_i,SF,18,0,0,0,0,0,0,0,0,0,0,0,0,0,0,0,0,0,1,1,0.0,0.0,0.0,0.0,1.0,0.0,0.0,1,174,1.0,0.0,1.0,1.0,0.0,0.0,0.0,0.0,ipsweep
18,tcp,telnet,SF,510,226840,0,0,0,0,0,1,0,0,0,0,0,0,0,0,0,0,1,1,0.0,0.0,0.0,0.0,1.0,0.0,0.0,255,17,0.07,0.02,0.0,0.0,0.0,0.06,0.04,0.12,normal
0,tcp,discard,S0,0,0,0,0,0,0,0,0,0,0,0,0,0,0,0,0,0,0,235,9,1.0,1.0,0.0,0.0,0.04,0.06,0.0,255,13,0.05,0.07,0.0,0.0,1.0,1.0,0.0,0.0,neptune
0,udp,private,SF,1,0,0,0,0,0,0,0,0,0,0,0,0,0,0,0,0,0,11,2,0.0,0.0,0.0,0.0,0.18,0.18,0.0,255,56,0.22,0.21,1.0,0.0,0.0,0.0,0.0,0.0,satan
0,tcp,private,RSTR,0,0,0,0,0,0,0,0,0,0,0,0,0,0,0,0,0,0,1,1,0.0,0.0,1.0,1.0,1.0,0.0,0.0,255,1,0.0,0.31,0.29,0.0,0.0,0.0,0.29,1.0,portsweep
0,udp,private,SF,1,0,0,0,0,0,0,0,0,0,0,0,0,0,0,0,0,0,32,13,0.0,0.0,0.0,0.0,0.41,0.16,0.0,255,13,0.05,0.27,1.0,0.0,0.0,0.0,0.0,0.0,satan
17379,tcp,other,RSTR,1,0,0,0,0,0,0,0,0,0,0,0,0,0,0,0,0,0,2,2,0.0,0.0,1.0,1.0,1.0,0.0,0.0,255,2,0.01,0.73,1.0,0.0,0.0,0.0,1.0,1.0,portsweep
0,udp,domain_u,SF,43,128,0,0,0,0,0,0,0,0,0,0,0,0,0,0,0,0,105,185,0.0,0.0,0.0,0.0,1.0,0.0,0.01,255,255,1.0,0.0,0.0,0.0,0.0,0.0,0.0,0.0,normal
0,icmp,eco_i,SF,8,0,0,0,0,0,0,0,0,0,0,0,0,0,0,0,0,0,1,30,0.0,0.0,0.0,0.0,1.0,0.0,1.0,1,81,1.0,0.0,1.0,0.52,0.0,0.0,0.0,0.0,ipsweep
0,icmp,eco_i,SF,8,0,0,0,0,0,0,0,0,0,0,0,0,0,0,0,0,0,1,23,0.0,0.0,0.0,0.0,1.0,0.0,1.0,1,19,1.0,0.0,1.0,0.58,0.0,0.0,0.0,0.0,ipsweep
0,tcp,other,REJ,0,0,0,0,0,0,0,0,0,0,0,0,0,0,0,0,0,0,509,1,0.22,0.0,0.77,1.0,0.0,1.0,0.0,255,1,0.0,1.0,0.0,0.0,0.24,0.0,0.76,1.0,satan
0,tcp,private,REJ,0,0,0,0,0,0,0,0,0,0,0,0,0,0,0,0,0,0,1,1,0.0,0.0,1.0,1.0,1.0,0.0,0.0,16,2,0.06,1.0,0.06,1.0,0.0,0.0,0.81,1.0,ipsweep
0,tcp,http,S0,0,0,0,0,0,0,0,0,0,0,0,0,0,0,0,0,0,0,277,10,1.0,1.0,0.0,0.0,0.04,0.06,0.0,255,10,0.04,0.06,0.0,0.0,1.0,1.0,0.0,0.0,neptune
0,tcp,telnet,S0,0,0,0,0,0,0,0,0,0,0,0,0,0,0,0,0,0,0,230,15,1.0,1.0,0.0,0.0,0.07,0.07,0.0,255,15,0.06,0.09,0.0,0.0,1.0,1.0,0.0,0.0,neptune
0,icmp,eco_i,SF,8,0,0,0,0,0,0,0,0,0,0,0,0,0,0,0,0,0,1,44,0.0,0.0,0.0,0.0,1.0,0.0,1.0,1,255,1.0,0.0,1.0,0.5,0.0,0.0,0.0,0.0,ipsweep
0,icmp,eco_i,SF,8,0,0,0,0,0,0,0,0,0,0,0,0,0,0,0,0,0,1,6,0.0,0.0,0.0,0.0,1.0,0.0,1.0,2,30,1.0,0.0,1.0,0.5,0.0,0.0,0.0,0.0,ipsweep
0,tcp,private,REJ,0,0,0,0,0,0,0,0,0,0,0,0,0,0,0,0,0,0,2,1,0.0,0.0,1.0,1.0,0.5,1.0,0.0,255,1,0.0,0.63,0.58,0.0,0.01,0.0,0.59,1.0,portsweep
0,icmp,eco_i,SF,8,0,0,0,0,0,0,0,0,0,0,0,0,0,0,0,0,0,1,39,0.0,0.0,0.0,0.0,1.0,0.0,1.0,4,188,1.0,0.0,1.0,0.25,0.0,0.0,0.0,0.0,nmap
0,tcp,ftp,SF,1235,2449,0,0,0,28,0,1,0,0,0,0,0,0,0,0,0,1,1,1,0.0,0.0,0.0,0.0,1.0,0.0,0.0,176,4,0.02,0.03,0.01,0.0,0.01,0.0,0.01,0.0,warezclient
0,tcp,ftp_data,SF,334,0,0,0,0,0,0,1,0,0,0,0,0,0,0,0,0,0,1,1,0.0,0.0,0.0,0.0,1.0,0.0,0.0,14,46,0.93,0.14,1.0,0.11,0.0,0.0,0.0,0.0,warezclient
0,tcp,auth,SF,9,36,0,0,0,0,0,0,0,0,0,0,0,0,0,0,0,0,2,1,0.0,0.0,0.0,0.0,0.5,1.0,0.0,251,4,0.02,0.03,0.0,0.0,0.0,0.0,0.0,0.0,normal
0,tcp,http,SF,215,775,0,0,0,0,0,1,0,0,0,0,0,0,0,0,0,0,2,7,0.0,0.0,0.0,0.0,1.0,0.0,0.29,2,214,1.0,0.0,0.5,0.01,0.0,0.0,0.0,0.01,normal
0,tcp,private,RSTR,0,0,0,0,0,0,0,0,0,0,0,0,0,0,0,0,0,0,1,1,0.0,0.0,1.0,1.0,1.0,0.0,0.0,240,1,0.0,0.59,0.59,0.0,0.0,0.0,0.59,1.0,portsweep
0,tcp,systat,RSTR,0,0,0,0,0,0,0,0,0,0,0,0,0,0,0,0,0,0,1,1,0.0,0.0,1.0,1.0,1.0,0.0,0.0,141,1,0.01,0.1,0.15,0.0,0.0,0.0,0.15,1.0,portsweep
0,tcp,smtp,SF,1195,331,0,0,0,0,0,1,0,0,0,0,0,0,0,0,0,0,1,2,0.0,0.0,0.0,0.0,1.0,0.0,1.0,77,122,0.73,0.04,0.01,0.02,0.0,0.0,0.0,0.0,normal
0,icmp,eco_i,SF,8,0,0,0,0,0,0,0,0,0,0,0,0,0,0,0,0,0,1,19,0.0,0.0,0.0,0.0,1.0,0.0,1.0,2,146,1.0,0.0,1.0,0.25,0.0,0.0,0.0,0.0,nmap
0,tcp,http,SF,321,882,0,0,0,0,0,1,0,0,0,0,0,0,0,0,0,0,20,20,0.0,0.0,0.0,0.0,1.0,0.0,0.0,223,255,1.0,0.0,0.0,0.01,0.0,0.0,0.0,0.0,normal
22276,tcp,private,RSTR,1,0,0,0,0,0,0,0,0,0,0,0,0,0,0,0,0,0,2,2,0.0,0.0,1.0,1.0,1.0,0.0,0.0,255,2,0.01,0.73,1.0,0.0,0.0,0.0,1.0,1.0,portsweep
0,tcp,private,RSTR,0,0,0,0,0,0,0,0,0,0,0,0,0,0,0,0,0,0,1,1,0.0,0.0,1.0,1.0,1.0,0.0,0.0,255,1,0.0,0.32,0.31,0.0,0.0,0.0,0.31,1.0,portsweep
0,tcp,private,REJ,0,0,0,0,0,0,0,0,0,0,0,0,0,0,0,0,0,0,290,1,0.11,0.0,0.89,1.0,0.0,1.0,0.0,255,1,0.0,1.0,0.0,0.0,0.1,0.0,0.89,1.0,satan
0,tcp,private,REJ,0,0,0,0,0,0,0,0,0,0,0,0,0,0,0,0,0,0,2,1,0.0,0.0,1.0,1.0,0.5,1.0,0.0,255,1,0.0,0.61,0.59,0.0,0.0,0.0,0.59,1.0,portsweep
0,icmp,eco_i,SF,8,0,0,0,0,0,0,0,0,0,0,0,0,0,0,0,0,0,1,32,0.0,0.0,0.0,0.0,1.0,0.0,1.0,3,99,1.0,0.0,1.0,0.25,0.0,0.0,0.0,0.0,nmap
7930,tcp,IRC,RSTR,718,8185,0,0,0,0,0,1,0,0,0,0,0,0,0,0,0,0,1,1,0.0,0.0,1.0,1.0,1.0,0.0,0.0,4,1,0.25,0.5,0.25,0.0,0.0,0.0,0.25,1.0,normal
0,icmp,eco_i,SF,18,0,0,0,0,0,0,0,0,0,0,0,0,0,0,0,0,0,1,1,0.0,0.0,0.0,0.0,1.0,0.0,0.0,1,127,1.0,0.0,1.0,1.0,0.0,0.0,0.0,0.0,ipsweep
0,udp,private,SF,207,0,0,0,0,0,0,0,0,0,0,0,0,0,0,0,0,0,2,2,0.0,0.0,0.0,0.0,1.0,0.0,0.0,210,178,0.85,0.01,0.85,0.0,0.0,0.0,0.0,0.0,nmap
0,icmp,eco_i,SF,8,0,0,0,0,0,0,0,0,0,0,0,0,0,0,0,0,0,1,49,0.0,0.0,0.0,0.0,1.0,0.0,1.0,2,64,1.0,0.0,1.0,0.5,0.0,0.0,0.0,0.0,ipsweep
0,udp,private,SF,1,0,0,0,0,0,0,0,0,0,0,0,0,0,0,0,0,0,26,10,0.0,0.0,0.0,0.0,0.38,0.12,0.0,255,10,0.04,0.59,0.54,0.0,0.0,0.0,0.46,0.0,satan
0,icmp,eco_i,SF,8,0,0,0,0,0,0,0,0,0,0,0,0,0,0,0,0,0,1,44,0.0,0.0,0.0,0.0,1.0,0.0,1.0,2,52,1.0,0.0,1.0,0.5,0.0,0.0,0.0,0.0,ipsweep
0,icmp,eco_i,SF,8,0,0,0,0,0,0,0,0,0,0,0,0,0,0,0,0,0,1,23,0.0,0.0,0.0,0.0,1.0,0.0,1.0,1,191,1.0,0.0,1.0,0.5,0.0,0.0,0.0,0.0,ipsweep
0,tcp,http,SF,296,955,0,0,0,0,0,1,0,0,0,0,0,0,0,0,0,0,1,9,0.0,0.0,0.0,0.22,1.0,0.0,0.56,255,255,1.0,0.0,0.0,0.0,0.0,0.0,0.0,0.0,normal
1,tcp,daytime,RSTOS0,0,0,0,0,0,0,0,0,0,0,0,0,0,0,0,0,0,0,218,2,0.64,0.5,0.36,0.5,0.01,0.42,0.0,255,2,0.01,0.36,0.85,0.0,0.55,0.5,0.31,0.5,portsweep
0,tcp,http,SF,239,3675,0,0,0,0,0,1,0,0,0,0,0,0,0,0,0,0,20,21,0.0,0.0,0.0,0.0,1.0,0.0,0.1,20,251,1.0,0.0,0.05,0.06,0.0,0.0,0.0,0.0,normal
0,tcp,other,REJ,0,0,0,0,0,0,0,0,0,0,0,0,0,0,0,0,0,0,329,1,0.09,0.0,0.9,1.0,0.0,1.0,0.0,255,1,0.0,1.0,0.0,0.0,0.09,0.0,0.9,1.0,satan
0,tcp,private,REJ,0,0,0,0,0,0,0,0,0,0,0,0,0,0,0,0,0,0,58,1,0.02,0.0,0.91,1.0,0.02,1.0,0.0,255,1,0.0,0.25,0.0,0.0,0.0,0.0,0.22,1.0,satan
0,icmp,eco_i,SF,8,0,0,0,0,0,0,0,0,0,0,0,0,0,0,0,0,0,1,26,0.0,0.0,0.0,0.0,1.0,0.0,1.0,1,129,1.0,0.0,1.0,0.51,0.0,0.0,0.0,0.0,ipsweep
0,udp,private,SF,1,0,0,0,0,0,0,0,0,0,0,0,0,0,0,0,0,0,147,127,0.0,0.0,0.0,0.0,0.86,0.03,0.0,255,166,0.65,0.04,1.0,0.0,0.0,0.0,0.0,0.0,satan
1,tcp,ftp,SF,1228,2451,0,0,0,28,0,1,0,0,0,0,0,0,0,0,0,1,1,1,0.0,0.0,0.0,0.0,1.0,0.0,0.0,255,117,0.46,0.02,0.0,0.0,0.0,0.0,0.01,0.0,warezclient
0,tcp,http,SF,324,381,0,0,0,0,0,1,0,0,0,0,0,0,0,0,0,0,27,39,0.0,0.0,0.0,0.0,1.0,0.0,0.13,84,255,1.0,0.0,0.01,0.05,0.0,0.0,0.0,0.0,normal
0,tcp,csnet_ns,S0,0,0,0,0,0,0,0,0,0,0,0,0,0,0,0,0,0,0,144,5,1.0,1.0,0.0,0.0,0.03,0.06,0.0,255,3,0.01,0.08,0.0,0.0,1.0,1.0,0.0,0.0,neptune
0,udp,private,SF,1,0,0,0,0,0,0,0,0,0,0,0,0,0,0,0,0,0,55,9,0.0,0.0,0.0,0.0,0.16,0.09,0.0,255,9,0.04,0.24,0.82,0.0,0.01,0.0,0.17,0.0,satan
0,udp,private,SF,1,0,0,0,0,0,0,0,0,0,0,0,0,0,0,0,0,0,59,5,0.0,0.0,0.0,0.0,0.08,0.08,0.0,255,5,0.02,0.22,0.83,0.0,0.0,0.0,0.17,0.0,satan
0,icmp,ecr_i,SF,1032,0,0,0,0,0,0,0,0,0,0,0,0,0,0,0,0,0,230,230,0.0,0.0,0.0,0.0,1.0,0.0,0.0,206,112,0.54,0.03,0.54,0.0,0.01,0.0,0.31,0.0,smurf
1,tcp,private,RSTOS0,0,0,0,0,0,0,0,0,0,0,0,0,0,0,0,0,0,0,196,2,0.65,0.5,0.35,0.5,0.01,0.41,0.0,255,2,0.01,0.31,0.77,0.0,0.5,0.5,0.27,0.5,portsweep
0,udp,other,SF,19,4,0,0,0,0,0,0,0,0,0,0,0,0,0,0,0,0,2,1,0.0,0.0,0.0,0.0,0.5,1.0,0.0,255,1,0.0,0.02,0.0,0.0,0.0,0.0,0.0,0.0,satan
5037,tcp,ftp_data,SF,5133876,0,0,0,0,5,0,1,0,0,0,0,0,0,0,0,0,0,1,1,0.0,0.0,0.0,0.0,1.0,0.0,0.0,11,11,1.0,0.0,1.0,0.0,0.0,0.0,0.0,0.0,warezclient
0,tcp,finger,S0,0,0,0,0,0,0,0,0,0,0,0,0,0,0,0,0,0,0,233,1,1.0,1.0,0.0,0.0,0.0,0.06,0.0,255,15,0.06,0.07,0.0,0.0,1.0,1.0,0.0,0.0,neptune
0,icmp,eco_i,SF,8,0,0,0,0,0,0,0,0,0,0,0,0,0,0,0,0,0,1,14,0.0,0.0,0.0,0.0,1.0,0.0,1.0,1,16,1.0,0.0,1.0,0.56,0.0,0.0,0.0,0.0,ipsweep
0,icmp,eco_i,SF,8,0,0,0,0,0,0,0,0,0,0,0,0,0,0,0,0,0,1,33,0.0,0.0,0.0,0.0,1.0,0.0,1.0,2,51,1.0,0.0,1.0,0.51,0.0,0.0,0.0,0.0,ipsweep
0,tcp,other,REJ,0,0,0,0,0,0,0,0,0,0,0,0,0,0,0,0,0,0,509,1,0.23,0.0,0.76,1.0,0.0,1.0,0.0,255,1,0.0,1.0,0.0,0.0,0.21,0.0,0.76,1.0,satan
0,tcp,private,REJ,0,0,0,0,0,0,0,0,0,0,0,0,0,0,0,0,0,0,300,1,0.07,0.0,0.89,1.0,0.0,1.0,0.0,255,1,0.0,1.0,0.0,0.0,0.08,0.0,0.89,1.0,satan
0,icmp,eco_i,SF,18,0,0,0,0,0,0,0,0,0,0,0,0,0,0,0,0,0,1,1,0.0,0.0,0.0,0.0,1.0,0.0,0.0,4,136,1.0,0.0,1.0,0.25,0.0,0.0,0.0,0.0,ipsweep
5,tcp,auth,SF,10,35,0,0,0,0,0,1,0,0,0,0,0,0,0,0,0,0,13,1,0.0,0.0,0.0,0.0,0.08,0.15,0.0,185,7,0.03,0.03,0.01,0.29,0.0,0.0,0.0,0.0,normal
0,icmp,eco_i,SF,8,0,0,0,0,0,0,0,0,0,0,0,0,0,0,0,0,0,1,9,0.0,0.0,0.0,0.0,1.0,0.0,1.0,2,126,1.0,0.0,1.0,0.5,0.0,0.0,0.0,0.0,ipsweep
0,icmp,eco_i,SF,8,0,0,0,0,0,0,0,0,0,0,0,0,0,0,0,0,0,1,6,0.0,0.0,0.0,0.0,1.0,0.0,1.0,1,85,1.0,0.0,1.0,0.51,0.0,0.0,0.0,0.0,ipsweep
0,tcp,netbios_dgm,S0,0,0,0,0,0,0,0,0,0,0,0,0,0,0,0,0,0,0,294,19,1.0,1.0,0.0,0.0,0.06,0.06,0.0,255,19,0.07,0.07,0.0,0.0,1.0,1.0,0.0,0.0,neptune
0,tcp,http,REJ,0,0,0,0,0,0,0,0,0,0,0,0,0,0,0,0,0,0,5,1,0.0,0.0,0.4,1.0,0.2,0.6,0.0,158,1,0.01,0.07,0.01,0.0,0.01,0.0,0.01,1.0,satan
0,icmp,eco_i,SF,8,0,0,0,0,0,0,0,0,0,0,0,0,0,0,0,0,0,1,6,0.0,0.0,0.0,0.0,1.0,0.0,1.0,3,61,1.0,0.0,1.0,0.26,0.0,0.0,0.0,0.0,nmap
0,icmp,eco_i,SF,8,0,0,0,0,0,0,0,0,0,0,0,0,0,0,0,0,0,1,17,0.0,0.0,0.0,0.0,1.0,0.0,1.0,2,154,1.0,0.0,1.0,0.25,0.0,0.0,0.0,0.0,nmap
0,tcp,http,SF,226,222,0,0,0,0,0,1,0,0,0,0,0,0,0,0,0,0,6,6,0.0,0.0,0.0,0.0,1.0,0.0,0.0,74,255,1.0,0.0,0.01,0.02,0.0,0.0,0.0,0.0,normal
2,tcp,finger,SF,9,223,0,0,0,0,0,0,0,0,0,0,0,0,0,0,0,0,2,1,0.0,0.0,0.0,0.0,0.5,1.0,0.0,184,11,0.04,0.03,0.01,0.18,0.0,0.0,0.01,0.0,normal
2,tcp,private,RSTR,0,0,0,0,0,0,0,0,0,0,0,0,0,0,0,0,0,0,369,2,0.0,0.0,1.0,1.0,0.01,0.52,0.0,255,2,0.01,0.52,1.0,0.0,0.0,0.0,1.0,1.0,portsweep
0,udp,private,SF,1,0,0,0,0,0,0,0,0,0,0,0,0,0,0,0,0,0,31,15,0.0,0.0,0.0,0.0,0.48,0.1,0.0,255,15,0.06,0.61,0.44,0.0,0.05,0.0,0.51,0.0,satan
30915,tcp,private,RSTR,1,0,0,0,0,0,0,0,0,0,0,0,0,0,0,0,0,0,2,2,0.0,0.0,1.0,1.0,1.0,0.0,0.0,255,2,0.01,0.76,1.0,0.0,0.0,0.0,1.0,1.0,portsweep
0,tcp,other,REJ,0,0,0,0,0,0,0,0,0,0,0,0,0,0,0,0,0,0,509,1,0.2,0.0,0.8,1.0,0.0,1.0,0.0,255,1,0.0,1.0,0.0,0.0,0.24,0.0,0.76,1.0,satan
0,icmp,eco_i,SF,8,0,0,0,0,0,0,0,0,0,0,0,0,0,0,0,0,0,1,31,0.0,0.0,0.0,0.0,1.0,0.0,1.0,1,255,1.0,0.0,1.0,0.5,0.0,0.0,0.0,0.0,ipsweep
0,udp,private,SF,1,0,0,0,0,0,0,0,0,0,0,0,0,0,0,0,0,0,14,2,0.0,0.0,0.0,0.0,0.14,0.29,0.0,255,53,0.21,0.22,1.0,0.0,0.0,0.0,0.0,0.0,satan
0,tcp,other,REJ,0,0,0,0,0,0,0,0,0,0,0,0,0,0,0,0,0,0,510,1,0.19,0.0,0.81,1.0,0.0,1.0,0.0,255,1,0.0,1.0,0.0,0.0,0.22,0.0,0.78,1.0,satan
0,icmp,eco_i,SF,8,0,0,0,0,0,0,0,0,0,0,0,0,0,0,0,0,0,1,7,0.0,0.0,0.0,0.0,1.0,0.0,1.0,2,9,1.0,0.0,1.0,0.56,0.0,0.0,0.0,0.0,ipsweep
0,icmp,eco_i,SF,18,0,0,0,0,0,0,0,0,0,0,0,0,0,0,0,0,0,1,1,0.0,0.0,0.0,0.0,1.0,0.0,0.0,1,160,1.0,0.0,1.0,1.0,0.0,0.0,0.0,0.0,ipsweep
0,tcp,http,REJ,0,0,0,0,0,0,0,0,0,0,0,0,0,0,0,0,0,0,174,1,0.0,0.0,1.0,1.0,0.01,0.53,0.0,255,63,0.25,0.36,0.68,0.0,0.0,0.0,0.93,1.0,portsweep
0,icmp,eco_i,SF,8,0,0,0,0,0,0,0,0,0,0,0,0,0,0,0,0,0,1,28,0.0,0.0,0.0,0.0,1.0,0.0,1.0,1,77,1.0,0.0,1.0,0.51,0.0,0.0,0.0,0.0,ipsweep
0,udp,domain_u,SF,30,30,0,0,0,0,0,0,0,0,0,0,0,0,0,0,0,0,10,15,0.0,0.0,0.0,0.0,1.0,0.0,0.13,255,248,0.97,0.01,0.0,0.0,0.0,0.0,0.0,0.0,normal
0,tcp,private,S0,0,0,0,0,0,0,0,0,0,0,0,0,0,0,0,0,0,0,216,13,1.0,1.0,0.0,0.0,0.06,0.07,0.0,255,13,0.05,0.09,0.0,0.0,1.0,1.0,0.0,0.0,neptune
0,udp,private,SF,1,0,0,0,0,0,0,0,0,0,0,0,0,0,0,0,0,0,133,123,0.0,0.0,0.0,0.0,0.92,0.02,0.0,255,191,0.75,0.04,1.0,0.0,0.0,0.0,0.0,0.0,satan
1,tcp,private,RSTOS0,0,0,0,0,0,0,0,0,0,0,0,0,0,0,0,0,0,0,6,2,0.67,0.5,0.33,0.5,0.33,0.5,0.0,255,2,0.01,0.02,0.02,0.0,0.02,0.5,0.01,0.5,portsweep
0,udp,private,SF,1,0,0,0,0,0,0,0,0,0,0,0,0,0,0,0,0,0,127,117,0.0,0.0,0.0,0.0,0.92,0.02,0.0,255,185,0.73,0.04,1.0,0.0,0.0,0.0,0.0,0.0,satan
0,tcp,private,REJ,0,0,0,0,0,0,0,0,0,0,0,0,0,0,0,0,0,0,1,1,0.0,0.0,1.0,1.0,1.0,0.0,0.0,64,2,0.02,1.0,0.02,1.0,0.0,0.0,0.91,1.0,ipsweep
0,icmp,eco_i,SF,8,0,0,0,0,0,0,0,0,0,0,0,0,0,0,0,0,0,1,20,0.0,0.0,0.0,0.0,1.0,0.0,1.0,1,83,1.0,0.0,1.0,0.51,0.0,0.0,0.0,0.0,ipsweep
0,tcp,http,SF,335,7593,0,0,0,0,0,1,0,0,0,0,0,0,0,0,0,0,1,11,0.0,0.0,0.0,0.09,1.0,0.0,0.36,20,255,1.0,0.0,0.05,0.05,0.0,0.0,0.0,0.0,normal
0,icmp,eco_i,SF,8,0,0,0,0,0,0,0,0,0,0,0,0,0,0,0,0,0,1,47,0.0,0.0,0.0,0.0,1.0,0.0,1.0,1,13,1.0,0.0,1.0,0.62,0.0,0.0,0.0,0.0,ipsweep
0,tcp,gopher,REJ,0,0,0,0,0,0,0,0,0,0,0,0,0,0,0,0,0,0,510,1,0.13,0.0,0.87,1.0,0.0,1.0,0.0,255,1,0.0,1.0,0.0,0.0,0.07,0.0,0.93,1.0,satan
0,icmp,eco_i,SF,8,0,0,0,0,0,0,0,0,0,0,0,0,0,0,0,0,0,1,21,0.0,0.0,0.0,0.0,1.0,0.0,1.0,3,91,1.0,0.0,1.0,0.25,0.0,0.0,0.0,0.0,nmap
0,tcp,smtp,S0,0,0,0,0,0,0,0,0,0,0,0,0,0,0,0,0,0,0,288,13,1.0,1.0,0.0,0.0,0.05,0.05,0.0,255,13,0.05,0.05,0.0,0.0,1.0,1.0,0.0,0.0,neptune
0,tcp,other,S0,0,0,0,0,0,0,0,0,0,0,0,0,0,0,0,0,0,0,433,1,0.08,1.0,0.89,0.0,0.0,1.0,0.0,255,1,0.0,1.0,0.0,0.0,0.11,1.0,0.89,0.0,satan
12933,tcp,other,RSTR,1,0,0,0,0,0,0,0,0,0,0,0,0,0,0,0,0,0,2,2,0.0,0.0,1.0,1.0,1.0,0.0,0.0,255,2,0.01,0.67,1.0,0.0,0.0,0.0,1.0,1.0,portsweep
0,icmp,eco_i,SF,8,0,0,0,0,0,0,0,0,0,0,0,0,0,0,0,0,0,1,8,0.0,0.0,0.0,0.0,1.0,0.0,1.0,4,68,1.0,0.0,1.0,0.25,0.0,0.0,0.0,0.0,nmap
0,tcp,other,REJ,0,0,0,0,0,0,0,0,0,0,0,0,0,0,0,0,0,0,509,1,0.16,0.0,0.84,1.0,0.0,1.0,0.0,255,1,0.0,1.0,0.0,0.0,0.05,0.0,0.95,1.0,satan
0,tcp,ftp,S0,0,0,0,0,0,0,0,0,0,0,0,0,0,0,0,0,0,0,249,5,1.0,1.0,0.0,0.0,0.02,0.06,0.0,255,5,0.02,0.06,0.0,0.0,1.0,1.0,0.0,0.0,neptune
0,tcp,private,REJ,0,0,0,0,0,0,0,0,0,0,0,0,0,0,0,0,0,0,1,1,0.0,0.0,1.0,1.0,1.0,0.0,0.0,28,2,0.04,1.0,0.04,1.0,0.0,0.0,0.96,1.0,ipsweep
0,udp,private,SF,1,0,0,0,0,0,0,0,0,0,0,0,0,0,0,0,0,0,6,2,0.0,0.0,0.0,0.0,0.33,0.33,0.0,255,2,0.01,0.72,0.37,0.0,0.02,0.0,0.62,0.0,satan
0,tcp,private,REJ,0,0,0,0,0,0,0,0,0,0,0,0,0,0,0,0,0,0,37,1,0.16,0.0,0.84,1.0,0.03,1.0,0.0,255,1,0.0,0.47,0.0,0.0,0.02,0.0,0.13,1.0,satan
0,tcp,private,REJ,0,0,0,0,0,0,0,0,0,0,0,0,0,0,0,0,0,0,1,1,0.0,0.0,1.0,1.0,1.0,0.0,0.0,45,1,0.02,1.0,0.02,0.0,0.0,0.0,0.91,1.0,ipsweep
0,icmp,eco_i,SF,8,0,0,0,0,0,0,0,0,0,0,0,0,0,0,0,0,0,1,11,0.0,0.0,0.0,0.0,1.0,0.0,1.0,1,255,1.0,0.0,1.0,0.5,0.0,0.0,0.0,0.0,ipsweep
0,icmp,eco_i,SF,8,0,0,0,0,0,0,0,0,0,0,0,0,0,0,0,0,0,1,24,0.0,0.0,0.0,0.0,1.0,0.0,1.0,1,119,1.0,0.0,1.0,0.5,0.0,0.0,0.0,0.0,ipsweep
13558,tcp,other,RSTR,1,0,0,0,0,0,0,0,0,0,0,0,0,0,0,0,0,0,2,2,0.0,0.0,1.0,1.0,1.0,0.0,0.0,255,2,0.01,0.68,1.0,0.0,0.0,0.0,1.0,1.0,portsweep
0,icmp,eco_i,SF,8,0,0,0,0,0,0,0,0,0,0,0,0,0,0,0,0,0,1,30,0.0,0.0,0.0,0.0,1.0,0.0,1.0,3,131,1.0,0.0,1.0,0.25,0.0,0.0,0.0,0.0,nmap
0,tcp,private,S0,0,0,0,0,0,0,0,0,0,0,0,0,0,0,0,0,0,0,131,15,1.0,1.0,0.0,0.0,0.11,0.05,0.0,255,6,0.02,0.06,0.0,0.0,1.0,1.0,0.0,0.0,neptune
0,tcp,ftp_data,SF,334,0,0,0,0,0,0,1,0,0,0,0,0,0,0,0,0,0,1,1,0.0,0.0,0.0,0.0,1.0,0.0,0.0,5,23,1.0,0.0,1.0,0.22,0.0,0.0,0.0,0.0,warezclient
0,icmp,eco_i,SF,18,0,0,0,0,0,0,0,0,0,0,0,0,0,0,0,0,0,1,1,0.0,0.0,0.0,0.0,1.0,0.0,0.0,4,188,1.0,0.0,1.0,0.25,0.0,0.0,0.0,0.0,ipsweep
0,tcp,ssh,RSTO,0,15,0,0,0,0,0,1,0,0,0,0,0,0,0,0,0,0,1,1,0.0,0.0,1.0,1.0,1.0,0.0,0.0,3,2,0.33,1.0,0.33,1.0,0.0,0.0,1.0,0.5,ipsweep
0,tcp,http,SF,293,1998,0,0,0,0,0,1,0,0,0,0,0,0,0,0,0,0,1,1,0.0,0.0,0.0,0.0,1.0,0.0,0.0,84,255,1.0,0.0,0.01,0.02,0.0,0.0,0.0,0.0,normal
0,tcp,sunrpc,RSTR,0,0,0,0,0,0,0,0,0,0,0,0,0,0,0,0,0,0,1,1,0.0,0.0,1.0,1.0,1.0,0.0,0.0,255,1,0.0,0.44,0.44,0.0,0.0,0.0,0.44,1.0,portsweep
0,tcp,telnet,RSTO,125,179,0,0,0,1,1,0,0,0,0,0,0,0,0,0,0,0,2,2,0.0,0.0,1.0,1.0,1.0,0.0,0.0,7,7,1.0,0.0,0.14,0.0,0.14,0.14,0.86,0.86,guess_passwd
37708,tcp,private,RSTR,1,0,0,0,0,0,0,0,0,0,0,0,0,0,0,0,0,0,2,2,0.0,0.0,1.0,1.0,1.0,0.0,0.0,255,2,0.01,0.5,1.0,0.0,0.0,0.0,1.0,1.0,portsweep
0,tcp,http,SF,323,310,0,0,0,0,0,1,0,0,0,0,0,0,0,0,0,0,21,21,0.0,0.0,0.0,0.0,1.0,0.0,0.0,116,255,1.0,0.0,0.01,0.02,0.0,0.0,0.19,0.33,normal
0,udp,domain_u,SF,88,0,0,0,0,0,0,0,0,0,0,0,0,0,0,0,0,0,1,2,0.0,0.0,0.0,0.0,1.0,0.0,1.0,83,29,0.35,0.05,0.35,0.0,0.0,0.0,0.0,0.0,normal
0,tcp,uucp,S0,0,0,0,0,0,0,0,0,0,0,0,0,0,0,0,0,0,0,144,18,1.0,1.0,0.0,0.0,0.12,0.06,0.0,255,18,0.07,0.07,0.0,0.0,1.0,1.0,0.0,0.0,neptune
0,icmp,eco_i,SF,8,0,0,0,0,0,0,0,0,0,0,0,0,0,0,0,0,0,1,14,0.0,0.0,0.0,0.0,1.0,0.0,1.0,1,173,1.0,0.0,1.0,0.25,0.0,0.0,0.0,0.0,nmap
0,icmp,eco_i,SF,8,0,0,0,0,0,0,0,0,0,0,0,0,0,0,0,0,0,1,43,0.0,0.0,0.0,0.0,1.0,0.0,1.0,1,167,1.0,0.0,1.0,0.5,0.0,0.0,0.0,0.0,ipsweep
0,icmp,eco_i,SF,8,0,0,0,0,0,0,0,0,0,0,0,0,0,0,0,0,0,1,21,0.0,0.0,0.0,0.0,1.0,0.0,1.0,2,42,1.0,0.0,1.0,0.26,0.0,0.0,0.0,0.0,nmap
0,udp,private,SF,1,0,0,0,0,0,0,0,0,0,0,0,0,0,0,0,0,0,12,1,0.0,0.0,0.0,0.0,0.08,0.67,0.0,255,1,0.0,0.31,1.0,0.0,0.0,0.0,0.0,0.0,satan
0,udp,other,SF,1,0,0,0,0,0,0,0,0,0,0,0,0,0,0,0,0,0,15,1,0.0,0.0,0.0,0.0,0.07,0.6,0.0,255,1,0.0,0.12,0.35,0.0,0.0,0.0,0.57,0.0,satan
0,icmp,eco_i,SF,8,0,0,0,0,0,0,0,0,0,0,0,0,0,0,0,0,0,1,45,0.0,0.0,0.0,0.0,1.0,0.0,1.0,2,2,1.0,0.0,1.0,0.0,0.0,0.0,0.0,0.0,ipsweep
0,udp,domain_u,SF,33,0,0,0,0,0,0,0,0,0,0,0,0,0,0,0,0,0,1,3,0.0,0.0,0.0,0.0,1.0,0.0,1.0,148,7,0.05,0.03,0.05,0.0,0.0,0.0,0.0,0.0,normal
0,tcp,private,REJ,0,0,0,0,0,0,0,0,0,0,0,0,0,0,0,0,0,0,132,1,0.01,0.0,0.95,1.0,0.01,1.0,0.0,255,1,0.0,0.55,0.0,0.0,0.0,0.0,0.5,1.0,satan
0,icmp,eco_i,SF,8,0,0,0,0,0,0,0,0,0,0,0,0,0,0,0,0,0,1,46,0.0,0.0,0.0,0.0,1.0,0.0,1.0,2,25,1.0,0.0,1.0,0.52,0.0,0.0,0.0,0.0,ipsweep
0,icmp,eco_i,SF,8,0,0,0,0,0,0,0,0,0,0,0,0,0,0,0,0,0,1,51,0.0,0.0,0.0,0.0,1.0,0.0,1.0,1,29,1.0,0.0,1.0,0.28,0.0,0.0,0.0,0.0,nmap
4,tcp,private,RSTR,0,0,0,0,0,0,0,0,0,0,0,0,0,0,0,0,0,0,145,2,0.0,0.0,1.0,1.0,0.01,0.52,0.0,255,2,0.01,0.31,0.57,0.0,0.0,0.0,0.92,1.0,portsweep
0,tcp,other,REJ,0,0,0,0,0,0,0,0,0,0,0,0,0,0,0,0,0,0,508,1,0.09,0.0,0.91,1.0,0.0,1.0,0.0,255,1,0.0,1.0,0.0,0.0,0.08,0.0,0.92,1.0,satan
8,tcp,ftp_data,SF,7045,0,0,0,0,0,0,1,0,0,0,0,0,0,0,0,0,0,2,2,0.0,0.0,0.0,0.0,1.0,0.0,0.0,7,34,1.0,0.0,1.0,0.12,0.0,0.0,0.0,0.0,warezclient
0,udp,private,SF,1,74,0,0,0,0,0,0,0,0,0,0,0,0,0,0,0,0,30,9,0.0,0.0,0.0,0.0,0.3,0.13,0.0,255,9,0.04,0.77,0.25,0.0,0.16,0.0,0.6,0.0,satan
0,tcp,private,SH,0,0,0,0,0,0,0,0,0,0,0,0,0,0,0,0,0,0,1,1,1.0,1.0,0.0,0.0,1.0,0.0,0.0,65,1,0.02,0.85,0.88,0.0,0.88,1.0,0.0,0.0,nmap
0,udp,private,SF,1,0,0,0,0,0,0,0,0,0,0,0,0,0,0,0,0,0,34,4,0.0,0.0,0.0,0.0,0.12,0.09,0.0,255,27,0.11,0.55,0.49,0.0,0.05,0.0,0.45,0.0,satan
21455,tcp,private,RSTR,1,0,0,0,0,0,0,0,0,0,0,0,0,0,0,0,0,0,2,2,0.0,0.0,1.0,1.0,1.0,0.0,0.0,255,2,0.01,0.69,1.0,0.0,0.0,0.0,1.0,1.0,portsweep
0,udp,private,SF,1,0,0,0,0,0,0,0,0,0,0,0,0,0,0,0,0,0,18,18,0.0,0.0,0.0,0.0,1.0,0.0,0.0,86,18,0.21,0.06,0.24,0.0,0.0,0.0,0.0,0.0,satan
0,tcp,private,SH,0,0,0,0,0,0,0,0,0,0,0,0,0,0,0,0,0,0,1,1,1.0,1.0,0.0,0.0,1.0,0.0,0.0,202,1,0.0,0.95,0.96,0.0,0.96,1.0,0.0,0.0,nmap
0,icmp,urp_i,SF,78,0,0,0,0,0,0,0,0,0,0,0,0,0,0,0,0,0,17,2,0.0,0.0,0.0,0.0,0.12,0.12,0.0,255,14,0.05,0.01,0.05,0.0,0.0,0.0,0.0,0.0,normal
0,icmp,eco_i,SF,8,0,0,0,0,0,0,0,0,0,0,0,0,0,0,0,0,0,1,20,0.0,0.0,0.0,0.0,1.0,0.0,1.0,2,16,1.0,0.0,1.0,0.5,0.0,0.0,0.0,0.0,ipsweep
0,udp,other,SF,1,0,0,0,0,0,0,0,0,0,0,0,0,0,0,0,0,0,16,2,0.0,0.0,0.0,0.0,0.12,0.44,0.0,255,2,0.01,0.25,1.0,0.0,0.0,0.0,0.0,0.0,satan
0,icmp,eco_i,SF,8,0,0,0,0,0,0,0,0,0,0,0,0,0,0,0,0,0,1,25,0.0,0.0,0.0,0.0,1.0,0.0,1.0,1,121,1.0,0.0,1.0,0.26,0.0,0.0,0.0,0.0,nmap
0,tcp,telnet,S0,0,0,0,0,0,0,0,0,0,0,0,0,0,0,0,0,0,0,26,4,1.0,1.0,0.0,0.0,0.15,0.15,0.0,255,61,0.24,0.02,0.02,0.0,1.0,1.0,0.0,0.0,neptune
9,tcp,private,RSTR,0,0,0,0,0,0,0,0,0,0,0,0,0,0,0,0,0,0,1,1,0.0,0.0,1.0,1.0,1.0,0.0,0.0,255,1,0.0,1.0,1.0,0.0,0.0,0.0,1.0,1.0,portsweep
0,icmp,eco_i,SF,8,0,0,0,0,0,0,0,0,0,0,0,0,0,0,0,0,0,1,8,0.0,0.0,0.0,0.0,1.0,0.0,1.0,4,61,1.0,0.0,1.0,0.26,0.0,0.0,0.0,0.0,nmap
0,tcp,ftp_data,SF,334,0,0,0,0,0,0,1,0,0,0,0,0,0,0,0,0,0,2,2,0.0,0.0,0.0,0.0,1.0,0.0,0.0,8,22,1.0,0.0,1.0,0.14,0.0,0.0,0.0,0.0,warezclient
0,udp,private,SF,1,0,0,0,0,0,0,0,0,0,0,0,0,0,0,0,0,0,22,2,0.0,0.0,0.0,0.0,0.09,0.32,0.0,255,2,0.01,0.22,1.0,0.0,0.0,0.0,0.0,0.0,satan
0,tcp,http,SF,237,16191,0,0,0,0,0,1,0,0,0,0,0,0,0,0,0,0,1,7,0.0,0.0,0.0,0.0,1.0,0.0,0.43,1,255,1.0,0.0,1.0,0.03,0.0,0.0,0.0,0.0,normal
0,tcp,other,REJ,0,0,0,0,0,0,0,0,0,0,0,0,0,0,0,0,0,0,511,1,0.11,0.0,0.86,1.0,0.0,1.0,0.0,255,1,0.0,1.0,0.0,0.0,0.11,0.0,0.84,1.0,satan
0,tcp,http,SF,309,322,0,0,0,0,0,1,0,0,0,0,0,0,0,0,0,0,1,1,0.0,0.0,0.0,0.0,1.0,0.0,0.0,255,255,1.0,0.0,0.0,0.0,0.0,0.0,0.0,0.0,normal
0,icmp,eco_i,SF,8,0,0,0,0,0,0,0,0,0,0,0,0,0,0,0,0,0,1,5,0.0,0.0,0.0,0.0,1.0,0.0,1.0,1,117,1.0,0.0,1.0,0.5,0.0,0.0,0.0,0.0,ipsweep
0,icmp,eco_i,SF,8,0,0,0,0,0,0,0,0,0,0,0,0,0,0,0,0,0,1,36,0.0,0.0,0.0,0.0,1.0,0.0,1.0,1,95,1.0,0.0,1.0,0.51,0.0,0.0,0.0,0.0,ipsweep
27161,tcp,private,RSTR,1,0,0,0,0,0,0,0,0,0,0,0,0,0,0,0,0,0,2,2,0.0,0.0,1.0,1.0,1.0,0.0,0.0,255,2,0.01,0.74,1.0,0.0,0.0,0.0,1.0,1.0,portsweep
4109,tcp,other,RSTR,1,0,0,0,0,0,0,0,0,0,0,0,0,0,0,0,0,0,1,1,0.0,0.0,1.0,1.0,1.0,0.0,0.0,255,1,0.0,0.72,1.0,0.0,0.0,0.0,1.0,1.0,portsweep
0,tcp,private,REJ,0,0,0,0,0,0,0,0,0,0,0,0,0,0,0,0,0,0,1,1,0.0,0.0,1.0,1.0,1.0,0.0,0.0,56,1,0.02,1.0,0.02,0.0,0.0,0.0,0.95,1.0,ipsweep
0,tcp,ftp_data,SF,334,0,0,0,0,0,0,1,0,0,0,0,0,0,0,0,0,0,2,2,0.0,0.0,0.0,0.0,1.0,0.0,0.0,4,42,1.0,0.0,1.0,0.14,0.0,0.0,0.0,0.0,warezclient
0,tcp,other,REJ,0,0,0,0,0,0,0,0,0,0,0,0,0,0,0,0,0,0,394,1,0.09,0.0,0.91,1.0,0.0,1.0,0.0,255,1,0.0,1.0,0.0,0.0,0.11,0.0,0.89,1.0,satan
0,tcp,http,SF,0,11595,0,0,0,0,0,0,0,0,0,0,0,0,0,0,0,0,4,4,0.25,0.25,0.0,0.0,1.0,0.0,0.0,128,255,1.0,0.0,0.01,0.03,0.02,0.01,0.0,0.0,normal
0,tcp,ftp_data,SF,334,0,0,0,0,0,0,1,0,0,0,0,0,0,0,0,0,0,1,1,0.0,0.0,0.0,0.0,1.0,0.0,0.0,3,21,1.0,0.0,1.0,0.19,0.0,0.0,0.0,0.0,warezclient
15160,tcp,ftp,SF,362,1202,0,0,0,6,0,1,0,0,0,0,0,0,0,0,0,1,1,1,0.0,0.0,0.0,0.0,1.0,0.0,0.0,255,2,0.01,0.02,0.0,0.0,0.21,0.0,0.0,0.0,warezclient
0,icmp,eco_i,SF,8,0,0,0,0,0,0,0,0,0,0,0,0,0,0,0,0,0,1,45,0.0,0.0,0.0,0.0,1.0,0.0,1.0,2,22,1.0,0.0,1.0,0.55,0.0,0.0,0.0,0.0,ipsweep
0,tcp,other,REJ,0,0,0,0,0,0,0,0,0,0,0,0,0,0,0,0,0,0,509,1,0.08,0.0,0.91,1.0,0.0,0.95,0.0,255,1,0.0,0.91,0.0,0.0,0.08,0.0,0.92,1.0,satan
0,tcp,http,SF,200,2952,0,0,0,0,0,1,0,0,0,0,0,0,0,0,0,0,11,16,0.0,0.0,0.0,0.0,1.0,0.0,0.12,43,255,1.0,0.0,0.02,0.03,0.0,0.0,0.0,0.0,normal
0,tcp,telnet,RSTO,0,15,0,0,0,0,0,0,0,0,0,0,0,0,0,0,0,0,1,1,0.0,0.0,1.0,1.0,1.0,0.0,0.0,4,2,0.25,1.0,0.25,1.0,0.0,0.0,1.0,1.0,ipsweep
1,tcp,ftp,SF,1213,2449,0,0,0,28,0,1,0,0,0,0,0,0,0,0,0,1,1,1,0.0,0.0,0.0,0.0,1.0,0.0,0.0,255,132,0.52,0.02,0.0,0.0,0.0,0.0,0.0,0.0,warezclient
0,tcp,smtp,SF,919,279,0,0,0,0,0,1,0,0,0,0,1,0,0,0,0,0,1,1,0.0,0.0,0.0,0.0,1.0,0.0,0.0,134,61,0.46,0.04,0.01,0.0,0.0,0.0,0.0,0.0,normal
0,tcp,other,REJ,0,0,0,0,0,0,0,0,0,0,0,0,0,0,0,0,0,0,434,1,0.08,0.0,0.91,1.0,0.0,1.0,0.0,255,1,0.0,1.0,0.0,0.0,0.06,0.0,0.94,1.0,satan
0,tcp,private,RSTR,0,0,0,0,0,0,0,0,0,0,0,0,0,0,0,0,0,0,1,1,0.0,0.0,1.0,1.0,1.0,0.0,0.0,242,1,0.0,0.6,0.6,0.0,0.0,0.0,0.59,1.0,portsweep
0,icmp,eco_i,SF,8,0,0,0,0,0,0,0,0,0,0,0,0,0,0,0,0,0,1,41,0.0,0.0,0.0,0.0,1.0,0.0,1.0,1,145,1.0,0.0,1.0,0.5,0.0,0.0,0.0,0.0,ipsweep
8,tcp,login,SF,6,0,0,0,0,0,0,0,0,0,0,0,0,0,0,0,0,0,510,1,0.2,0.0,0.79,0.0,0.0,1.0,0.0,255,1,0.0,1.0,0.0,0.0,0.19,0.0,0.8,0.0,satan
0,icmp,eco_i,SF,8,0,0,0,0,0,0,0,0,0,0,0,0,0,0,0,0,0,1,13,0.0,0.0,0.0,0.0,1.0,0.0,1.0,2,50,1.0,0.0,1.0,0.5,0.0,0.0,0.0,0.0,ipsweep
0,tcp,whois,S0,0,0,0,0,0,0,0,0,0,0,0,0,0,0,0,0,0,0,290,13,1.0,1.0,0.0,0.0,0.04,0.05,0.0,255,13,0.05,0.05,0.0,0.0,1.0,1.0,0.0,0.0,neptune
0,tcp,private,REJ,0,0,0,0,0,0,0,0,0,0,0,0,0,0,0,0,0,0,62,1,0.0,0.0,1.0,1.0,0.02,0.55,0.0,232,1,0.0,0.15,0.27,0.0,0.01,0.0,0.48,1.0,portsweep
0,tcp,other,REJ,0,0,0,0,0,0,0,0,0,0,0,0,0,0,0,0,0,0,328,1,0.06,0.0,0.9,1.0,0.0,1.0,0.0,255,1,0.0,1.0,0.0,0.0,0.08,0.0,0.89,1.0,satan
0,tcp,private,RSTR,0,0,0,0,0,0,0,0,0,0,0,0,0,0,0,0,0,0,1,1,0.0,0.0,1.0,1.0,1.0,0.0,0.0,255,1,0.0,0.95,0.95,0.0,0.0,0.0,0.95,1.0,portsweep
0,tcp,http,SF,287,857,0,0,0,0,0,1,0,0,0,0,0,0,0,0,0,0,15,20,0.0,0.0,0.0,0.0,1.0,0.0,0.15,160,237,1.0,0.0,0.01,0.05,0.01,0.0,0.0,0.0,normal
0,udp,domain_u,SF,33,0,0,0,0,0,0,0,0,0,0,0,0,0,0,0,0,0,1,2,0.0,0.0,0.0,0.0,1.0,0.0,1.0,128,36,0.12,0.04,0.12,0.06,0.0,0.0,0.0,0.0,normal
0,tcp,http,SF,216,808,0,0,0,0,0,1,0,0,0,0,0,0,0,0,0,0,9,9,0.0,0.0,0.0,0.0,1.0,0.0,0.0,9,255,1.0,0.0,0.11,0.03,0.0,0.0,0.0,0.0,normal
0,icmp,eco_i,SF,8,0,0,0,0,0,0,0,0,0,0,0,0,0,0,0,0,0,1,28,0.0,0.0,0.0,0.0,1.0,0.0,1.0,2,84,1.0,0.0,1.0,0.5,0.0,0.0,0.0,0.0,ipsweep
1,tcp,private,RSTOS0,0,0,0,0,0,0,0,0,0,0,0,0,0,0,0,0,0,0,60,3,0.78,0.67,0.22,0.33,0.05,0.38,0.0,255,3,0.01,0.09,0.24,0.0,0.18,0.67,0.05,0.33,portsweep
0,icmp,eco_i,SF,18,0,0,0,0,0,0,0,0,0,0,0,0,0,0,0,0,0,1,1,0.0,0.0,0.0,0.0,1.0,0.0,0.0,1,235,1.0,0.0,1.0,1.0,0.0,0.0,0.0,0.0,ipsweep
0,tcp,hostnames,S0,0,0,0,0,0,0,0,0,0,0,0,0,0,0,0,0,0,0,234,11,1.0,1.0,0.0,0.0,0.05,0.07,0.0,255,11,0.04,0.07,0.0,0.0,1.0,1.0,0.0,0.0,neptune
0,tcp,systat,REJ,0,0,0,0,0,0,0,0,0,0,0,0,0,0,0,0,0,0,259,10,0.0,0.0,1.0,1.0,0.04,0.07,0.0,255,10,0.04,0.07,0.0,0.0,0.0,0.0,1.0,1.0,neptune
0,tcp,private,REJ,0,0,0,0,0,0,0,0,0,0,0,0,0,0,0,0,0,0,51,1,0.02,0.0,0.9,1.0,0.02,1.0,0.0,255,1,0.0,0.23,0.0,0.0,0.0,0.0,0.19,1.0,satan
2,tcp,private,RSTR,0,0,0,0,0,0,0,0,0,0,0,0,0,0,0,0,0,0,417,2,0.0,0.0,1.0,1.0,0.0,0.52,0.0,255,2,0.01,0.51,1.0,0.0,0.0,0.0,1.0,1.0,portsweep
0,udp,private,SF,215,0,0,0,0,0,0,0,0,0,0,0,0,0,0,0,0,0,1,1,0.0,0.0,0.0,0.0,1.0,0.0,0.0,87,71,0.82,0.02,0.82,0.0,0.0,0.0,0.0,0.0,nmap
1,tcp,ftp,SF,1232,2451,0,0,0,28,0,1,0,0,0,0,0,0,0,0,0,1,1,1,0.0,0.0,0.0,0.0,1.0,0.0,0.0,118,16,0.14,0.05,0.01,0.0,0.02,0.0,0.07,0.0,warezclient
0,tcp,http,SF,296,1158,0,0,0,0,0,1,0,0,0,0,0,0,0,0,0,0,4,4,0.0,0.0,0.0,0.0,1.0,0.0,0.0,255,255,1.0,0.0,0.0,0.0,0.0,0.0,0.0,0.0,normal
0,icmp,eco_i,SF,8,0,0,0,0,0,0,0,0,0,0,0,0,0,0,0,0,0,1,15,0.0,0.0,0.0,0.0,1.0,0.0,1.0,2,11,1.0,0.0,1.0,0.55,0.0,0.0,0.0,0.0,ipsweep
10,tcp,ftp_data,SF,0,5150841,0,0,0,0,0,0,0,0,0,0,0,0,0,0,0,0,1,1,0.0,0.0,0.0,0.0,1.0,0.0,0.0,10,10,1.0,0.0,1.0,0.0,0.0,0.0,0.0,0.0,warezmaster
17944,tcp,other,RSTR,1,0,0,0,0,0,0,0,0,0,0,0,0,0,0,0,0,0,2,2,0.0,0.0,1.0,1.0,1.0,0.0,0.0,255,2,0.01,0.73,1.0,0.0,0.0,0.0,1.0,1.0,portsweep
0,tcp,other,REJ,0,0,0,0,0,0,0,0,0,0,0,0,0,0,0,0,0,0,322,1,0.1,0.0,0.9,1.0,0.0,1.0,0.0,255,1,0.0,1.0,0.0,0.0,0.09,0.0,0.9,1.0,satan
0,icmp,eco_i,SF,8,0,0,0,0,0,0,0,0,0,0,0,0,0,0,0,0,0,1,34,0.0,0.0,0.0,0.0,1.0,0.0,1.0,1,87,1.0,0.0,1.0,0.51,0.0,0.0,0.0,0.0,ipsweep
0,icmp,eco_i,SF,8,0,0,0,0,0,0,0,0,0,0,0,0,0,0,0,0,0,1,3,0.0,0.0,0.0,0.0,1.0,0.0,1.0,4,255,1.0,0.0,1.0,0.25,0.0,0.0,0.0,0.0,nmap
0,tcp,name,REJ,0,0,0,0,0,0,0,0,0,0,0,0,0,0,0,0,0,0,2,1,0.0,0.0,1.0,1.0,0.5,1.0,0.0,255,1,0.0,1.0,1.0,0.0,0.0,0.0,1.0,1.0,portsweep
0,udp,domain_u,SF,44,73,0,0,0,0,0,0,0,0,0,0,0,0,0,0,0,0,39,38,0.0,0.0,0.0,0.0,0.97,0.05,0.0,255,255,1.0,0.0,0.0,0.0,0.0,0.0,0.0,0.0,normal
0,tcp,other,REJ,0,0,0,0,0,0,0,0,0,0,0,0,0,0,0,0,0,0,420,1,0.06,0.0,0.9,1.0,0.0,1.0,0.0,255,1,0.0,1.0,0.0,0.0,0.08,0.0,0.91,1.0,satan
0,icmp,eco_i,SF,8,0,0,0,0,0,0,0,0,0,0,0,0,0,0,0,0,0,1,10,0.0,0.0,0.0,0.0,1.0,0.0,1.0,1,189,1.0,0.0,1.0,0.25,0.0,0.0,0.0,0.0,nmap
0,tcp,private,REJ,0,0,0,0,0,0,0,0,0,0,0,0,0,0,0,0,0,0,320,1,0.07,0.0,0.89,1.0,0.0,1.0,0.0,255,1,0.0,1.0,0.0,0.0,0.08,0.0,0.89,1.0,satan
0,tcp,other,REJ,0,0,0,0,0,0,0,0,0,0,0,0,0,0,0,0,0,0,511,1,0.36,0.0,0.64,1.0,0.0,1.0,0.0,255,1,0.0,1.0,0.0,0.0,0.29,0.0,0.71,1.0,satan
0,icmp,eco_i,SF,30,0,0,0,0,0,0,0,0,0,0,0,0,0,0,0,0,0,2,1,0.0,0.0,0.0,0.0,0.5,1.0,0.0,255,29,0.11,0.01,0.56,0.0,0.0,0.0,0.0,0.0,normal
0,tcp,smtp,SF,1073,330,0,0,0,0,0,1,0,0,0,0,0,0,0,0,0,0,1,4,0.0,0.0,0.0,0.0,1.0,0.0,1.0,28,233,0.93,0.07,0.04,0.02,0.0,0.0,0.0,0.0,normal
0,tcp,finger,S0,0,0,0,0,0,0,0,0,0,0,0,0,0,0,0,0,0,0,299,24,1.0,1.0,0.0,0.0,0.08,0.05,0.0,255,24,0.09,0.05,0.0,0.0,1.0,1.0,0.0,0.0,neptune
0,tcp,ftp_data,SF,59,0,0,0,0,0,0,1,0,0,0,0,0,0,0,0,0,0,16,16,0.0,0.0,0.0,0.0,1.0,0.0,0.0,255,112,0.44,0.02,0.44,0.0,0.0,0.0,0.0,0.0,normal
0,tcp,private,REJ,0,0,0,0,0,0,0,0,0,0,0,0,0,0,0,0,0,0,10,1,0.0,0.0,0.9,1.0,0.1,1.0,0.0,255,1,0.0,0.08,0.0,0.0,0.0,0.0,0.04,1.0,satan
0,tcp,http,SF,195,4668,0,0,0,0,0,1,0,0,0,0,0,0,0,0,0,0,5,5,0.0,0.0,0.0,0.0,1.0,0.0,0.0,5,255,1.0,0.0,0.2,0.04,0.0,0.0,0.0,0.0,normal
0,icmp,eco_i,SF,18,0,0,0,0,0,0,0,0,0,0,0,0,0,0,0,0,0,1,1,0.0,0.0,0.0,0.0,1.0,0.0,0.0,1,217,1.0,0.0,1.0,1.0,0.0,0.0,0.0,0.0,ipsweep
0,icmp,eco_i,SF,8,0,0,0,0,0,0,0,0,0,0,0,0,0,0,0,0,0,1,36,0.0,0.0,0.0,0.0,1.0,0.0,1.0,1,185,1.0,0.0,1.0,0.25,0.0,0.0,0.0,0.0,nmap
0,icmp,eco_i,SF,8,0,0,0,0,0,0,0,0,0,0,0,0,0,0,0,0,0,1,27,0.0,0.0,0.0,0.0,1.0,0.0,1.0,1,31,1.0,0.0,1.0,0.52,0.0,0.0,0.0,0.0,ipsweep
14238,tcp,other,RSTR,1,0,0,0,0,0,0,0,0,0,0,0,0,0,0,0,0,0,2,2,0.0,0.0,1.0,1.0,1.0,0.0,0.0,255,2,0.01,0.68,1.0,0.0,0.0,0.0,1.0,1.0,portsweep
0,tcp,telnet,RSTO,126,179,0,0,0,1,1,0,0,0,0,0,0,0,0,0,0,0,1,1,0.0,0.0,1.0,1.0,1.0,0.0,0.0,27,27,1.0,0.0,0.04,0.0,0.07,0.07,0.93,0.93,guess_passwd
0,icmp,eco_i,SF,8,0,0,0,0,0,0,0,0,0,0,0,0,0,0,0,0,0,1,5,0.0,0.0,0.0,0.0,1.0,0.0,1.0,2,22,1.0,0.0,1.0,0.5,0.0,0.0,0.0,0.0,ipsweep
0,tcp,ftp_data,SF,374,0,0,0,0,0,0,1,0,0,0,0,0,0,0,0,0,0,8,8,0.0,0.0,0.0,0.0,1.0,0.0,0.0,255,154,0.6,0.03,0.61,0.0,0.0,0.01,0.0,0.0,normal
0,icmp,eco_i,SF,18,0,0,0,0,0,0,0,0,0,0,0,0,0,0,0,0,0,1,1,0.0,0.0,0.0,0.0,1.0,0.0,0.0,1,153,1.0,0.0,1.0,0.25,0.0,0.0,0.0,0.0,ipsweep
0,icmp,eco_i,SF,8,0,0,0,0,0,0,0,0,0,0,0,0,0,0,0,0,0,1,17,0.0,0.0,0.0,0.0,1.0,0.0,1.0,3,80,1.0,0.0,1.0,0.26,0.0,0.0,0.0,0.0,nmap
0,icmp,eco_i,SF,8,0,0,0,0,0,0,0,0,0,0,0,0,0,0,0,0,0,1,29,0.0,0.0,0.0,0.0,1.0,0.0,1.0,1,161,1.0,0.0,1.0,0.5,0.0,0.0,0.0,0.0,ipsweep
0,udp,domain_u,SF,44,131,0,0,0,0,0,0,0,0,0,0,0,0,0,0,0,0,67,145,0.0,0.0,0.0,0.0,1.0,0.0,0.01,245,161,0.66,0.01,0.0,0.0,0.0,0.0,0.0,0.0,normal
0,icmp,eco_i,SF,8,0,0,0,0,0,0,0,0,0,0,0,0,0,0,0,0,0,1,34,0.0,0.0,0.0,0.0,1.0,0.0,1.0,1,125,1.0,0.0,1.0,0.5,0.0,0.0,0.0,0.0,ipsweep
0,tcp,time,SF,6,4,0,0,0,0,0,1,0,0,0,0,0,0,0,0,0,0,2,1,0.0,0.0,0.5,0.0,0.5,1.0,0.0,120,1,0.01,0.13,0.01,0.0,0.0,0.0,0.03,0.0,satan
0,tcp,csnet_ns,S0,0,0,0,0,0,0,0,0,0,0,0,0,0,0,0,0,0,0,103,3,1.0,1.0,0.0,0.0,0.03,0.07,0.0,255,3,0.01,0.07,0.0,0.0,1.0,1.0,0.0,0.0,neptune
359,tcp,other,RSTR,1,0,0,0,0,0,0,0,0,0,0,0,0,0,0,0,0,0,2,2,0.0,0.0,1.0,1.0,1.0,0.0,0.0,255,2,0.01,0.73,1.0,0.0,0.0,0.0,1.0,1.0,portsweep
0,icmp,eco_i,SF,8,0,0,0,0,0,0,0,0,0,0,0,0,0,0,0,0,0,1,30,0.0,0.0,0.0,0.0,1.0,0.0,1.0,1,117,1.0,0.0,1.0,0.5,0.0,0.0,0.0,0.0,ipsweep
0,udp,private,SF,1,0,0,0,0,0,0,0,0,0,0,0,0,0,0,0,0,0,16,5,0.0,0.0,0.0,0.0,0.31,0.12,0.0,255,50,0.2,0.38,0.66,0.0,0.16,0.0,0.18,0.0,satan
0,tcp,ftp_data,S0,0,0,0,0,0,0,0,0,0,0,0,0,0,0,0,0,0,0,33,7,1.0,1.0,0.0,0.0,0.21,0.09,0.0,255,7,0.03,0.07,0.0,0.0,1.0,1.0,0.0,0.0,neptune
0,tcp,http,SF,201,1865,0,0,0,0,0,1,0,0,0,0,0,0,0,0,0,0,7,9,0.0,0.0,0.0,0.0,1.0,0.0,0.33,255,255,1.0,0.0,0.0,0.0,0.0,0.0,0.0,0.0,normal
0,tcp,private,REJ,0,0,0,0,0,0,0,0,0,0,0,0,0,0,0,0,0,0,114,1,0.07,0.0,0.91,1.0,0.01,1.0,0.0,255,1,0.0,0.69,0.0,0.0,0.03,0.0,0.42,1.0,satan
0,tcp,ftp_data,SF,334,0,0,0,0,0,0,1,0,0,0,0,0,0,0,0,0,0,2,2,0.0,0.0,0.0,0.0,1.0,0.0,0.0,4,15,1.0,0.0,1.0,0.2,0.0,0.0,0.0,0.0,warezclient
0,icmp,eco_i,SF,8,0,0,0,0,0,0,0,0,0,0,0,0,0,0,0,0,0,1,23,0.0,0.0,0.0,0.0,1.0,0.0,1.0,4,124,1.0,0.0,1.0,0.25,0.0,0.0,0.0,0.0,nmap
0,udp,private,SF,1,0,0,0,0,0,0,0,0,0,0,0,0,0,0,0,0,0,10,6,0.0,0.0,0.0,0.0,0.6,0.2,0.0,255,6,0.02,0.86,0.16,0.0,0.03,0.0,0.82,0.0,satan
0,tcp,http,SF,257,7143,0,0,0,0,0,1,0,0,0,0,0,0,0,0,0,0,6,6,0.17,0.17,0.0,0.0,1.0,0.0,0.0,255,255,1.0,0.0,0.01,0.0,0.0,0.0,0.0,0.0,normal
0,tcp,private,REJ,0,0,0,0,0,0,0,0,0,0,0,0,0,0,0,0,0,0,110,1,0.07,0.0,0.91,1.0,0.01,1.0,0.0,255,1,0.0,0.69,0.0,0.0,0.03,0.0,0.4,1.0,satan
0,tcp,ftp_data,SF,334,0,0,0,0,0,0,1,0,0,0,0,0,0,0,0,0,0,2,2,0.0,0.0,0.0,0.0,1.0,0.0,0.0,2,14,1.0,0.0,1.0,0.29,0.0,0.0,0.0,0.0,warezclient
0,tcp,http,SF,223,642,0,0,0,0,0,1,0,0,0,0,0,0,0,0,0,0,35,54,0.0,0.0,0.0,0.0,1.0,0.0,0.11,255,255,1.0,0.0,0.0,0.0,0.0,0.0,0.0,0.0,normal
3,tcp,private,RSTR,0,0,0,0,0,0,0,0,0,0,0,0,0,0,0,0,0,0,345,2,0.0,0.0,1.0,1.0,0.01,0.52,0.0,255,2,0.01,0.52,1.0,0.0,0.0,0.0,1.0,1.0,portsweep
0,icmp,eco_i,SF,8,0,0,0,0,0,0,0,0,0,0,0,0,0,0,0,0,0,1,44,0.0,0.0,0.0,0.0,1.0,0.0,1.0,4,196,1.0,0.0,1.0,0.25,0.0,0.0,0.0,0.0,nmap
0,tcp,other,REJ,0,0,0,0,0,0,0,0,0,0,0,0,0,0,0,0,0,0,510,1,0.08,0.0,0.91,1.0,0.0,0.95,0.0,255,1,0.0,0.91,0.0,0.0,0.08,0.0,0.92,1.0,satan
30277,tcp,private,RSTR,1,0,0,0,0,0,0,0,0,0,0,0,0,0,0,0,0,0,2,2,0.0,0.0,1.0,1.0,1.0,0.0,0.0,255,2,0.01,0.65,1.0,0.0,0.0,0.0,1.0,1.0,portsweep
2,tcp,smtp,SF,655,328,0,0,0,0,0,1,0,0,0,0,0,0,1,0,0,0,1,1,0.0,0.0,0.0,0.0,1.0,0.0,0.0,51,138,0.88,0.08,0.02,0.01,0.0,0.0,0.0,0.0,normal
0,icmp,eco_i,SF,8,0,0,0,0,0,0,0,0,0,0,0,0,0,0,0,0,0,1,40,0.0,0.0,0.0,0.0,1.0,0.0,1.0,2,255,1.0,0.0,1.0,0.25,0.0,0.0,0.0,0.0,nmap
0,tcp,other,REJ,0,0,0,0,0,0,0,0,0,0,0,0,0,0,0,0,0,0,503,1,0.07,0.0,0.93,1.0,0.0,1.0,0.0,255,1,0.0,1.0,0.0,0.0,0.04,0.0,0.96,1.0,satan
0,tcp,private,S0,0,0,0,0,0,0,0,0,0,0,0,0,0,0,0,0,0,0,135,10,1.0,1.0,0.0,0.0,0.07,0.06,0.0,255,4,0.02,0.06,0.0,0.0,1.0,1.0,0.0,0.0,neptune
0,tcp,ftp_data,S0,0,0,0,0,0,0,0,0,0,0,0,0,0,0,0,0,0,0,233,22,1.0,1.0,0.0,0.0,0.09,0.06,0.0,255,22,0.09,0.06,0.0,0.0,1.0,1.0,0.0,0.0,neptune
0,icmp,eco_i,SF,8,0,0,0,0,0,0,0,0,0,0,0,0,0,0,0,0,0,1,28,0.0,0.0,0.0,0.0,1.0,0.0,1.0,2,94,1.0,0.0,1.0,0.5,0.0,0.0,0.0,0.0,ipsweep
0,icmp,eco_i,SF,8,0,0,0,0,0,0,0,0,0,0,0,0,0,0,0,0,0,1,44,0.0,0.0,0.0,0.0,1.0,0.0,1.0,2,24,1.0,0.0,1.0,0.54,0.0,0.0,0.0,0.0,ipsweep
0,icmp,eco_i,SF,8,0,0,0,0,0,0,0,0,0,0,0,0,0,0,0,0,0,1,38,0.0,0.0,0.0,0.0,1.0,0.0,1.0,1,147,1.0,0.0,1.0,0.5,0.0,0.0,0.0,0.0,ipsweep
0,icmp,eco_i,SF,8,0,0,0,0,0,0,0,0,0,0,0,0,0,0,0,0,0,1,46,0.0,0.0,0.0,0.0,1.0,0.0,1.0,1,113,1.0,0.0,1.0,0.5,0.0,0.0,0.0,0.0,ipsweep
0,icmp,eco_i,SF,8,0,0,0,0,0,0,0,0,0,0,0,0,0,0,0,0,0,1,41,0.0,0.0,0.0,0.0,1.0,0.0,1.0,1,255,1.0,0.0,1.0,0.25,0.0,0.0,0.0,0.0,nmap
0,tcp,other,REJ,0,0,0,0,0,0,0,0,0,0,0,0,0,0,0,0,0,0,363,1,0.06,0.0,0.91,1.0,0.0,1.0,0.0,255,1,0.0,1.0,0.0,0.0,0.08,0.0,0.9,1.0,satan
0,tcp,private,REJ,0,0,0,0,0,0,0,0,0,0,0,0,0,0,0,0,0,0,2,1,0.0,0.0,1.0,1.0,0.5,1.0,0.0,255,1,0.0,0.86,0.85,0.0,0.0,0.0,0.85,1.0,portsweep
8,tcp,private,RSTR,0,0,0,0,0,0,0,0,0,0,0,0,0,0,0,0,0,0,2,2,0.0,0.0,1.0,1.0,1.0,0.0,0.0,255,2,0.01,0.35,0.69,0.0,0.0,0.0,0.69,1.0,portsweep
0,tcp,time,S0,0,0,0,0,0,0,0,0,0,0,0,0,0,0,0,0,0,0,263,18,1.0,1.0,0.0,0.0,0.07,0.06,0.0,255,18,0.07,0.07,0.0,0.0,1.0,1.0,0.0,0.0,neptune
0,tcp,finger,SF,5,19,0,0,0,0,0,0,0,0,0,0,0,0,0,0,0,0,2,1,0.0,0.0,0.0,0.0,0.5,1.0,0.0,255,1,0.0,0.31,0.0,0.0,0.0,0.0,0.14,0.0,satan
0,tcp,other,REJ,0,0,0,0,0,0,0,0,0,0,0,0,0,0,0,0,0,0,511,1,0.16,0.0,0.82,1.0,0.0,1.0,0.0,255,1,0.0,1.0,0.0,0.0,0.24,0.0,0.76,1.0,satan
1,tcp,private,RSTR,0,0,0,0,0,0,0,0,0,0,0,0,0,0,0,0,0,0,118,2,0.0,0.0,1.0,1.0,0.02,0.56,0.0,255,2,0.01,0.26,0.46,0.0,0.0,0.0,0.53,1.0,portsweep
0,tcp,http,SF,237,407,0,0,0,0,0,1,0,0,0,0,0,0,0,0,0,0,2,14,0.0,0.0,0.0,0.0,1.0,0.0,0.14,17,255,1.0,0.0,0.06,0.06,0.0,0.0,0.0,0.0,normal
0,tcp,login,S0,0,0,0,0,0,0,0,0,0,0,0,0,0,0,0,0,0,0,114,9,1.0,1.0,0.0,0.0,0.08,0.06,0.0,255,1,0.0,0.06,0.0,0.0,1.0,1.0,0.0,0.0,neptune
0,icmp,eco_i,SF,8,0,0,0,0,0,0,0,0,0,0,0,0,0,0,0,0,0,1,36,0.0,0.0,0.0,0.0,1.0,0.0,1.0,2,64,1.0,0.0,1.0,0.5,0.0,0.0,0.0,0.0,ipsweep
0,tcp,gopher,REJ,0,0,0,0,0,0,0,0,0,0,0,0,0,0,0,0,0,0,251,19,0.0,0.0,1.0,1.0,0.08,0.06,0.0,255,19,0.07,0.07,0.0,0.0,0.0,0.0,1.0,1.0,neptune
0,tcp,http,REJ,0,0,0,0,0,0,0,0,0,0,0,0,0,0,0,0,0,0,1,1,0.0,0.0,1.0,1.0,1.0,0.0,0.0,4,199,1.0,0.0,0.25,0.18,0.0,0.0,1.0,0.56,normal
0,tcp,http,SF,321,1096,0,0,0,0,0,1,0,0,0,0,0,0,0,0,0,0,13,13,0.0,0.0,0.0,0.0,1.0,0.0,0.0,218,255,1.0,0.0,0.0,0.02,0.0,0.0,0.0,0.0,normal
0,tcp,private,REJ,0,0,0,0,0,0,0,0,0,0,0,0,0,0,0,0,0,0,2,1,0.0,0.0,1.0,1.0,0.5,1.0,0.0,255,1,0.0,0.62,0.58,0.0,0.01,0.0,0.59,1.0,portsweep
0,tcp,private,S0,0,0,0,0,0,0,0,0,0,0,0,0,0,0,0,0,0,0,271,5,1.0,1.0,0.0,0.0,0.02,0.06,0.0,255,19,0.07,0.08,0.0,0.0,1.0,1.0,0.0,0.0,neptune
0,tcp,ftp_data,SF,334,0,0,0,0,0,0,1,0,0,0,0,0,0,0,0,0,0,1,1,0.0,0.0,0.0,0.0,1.0,0.0,0.0,1,23,1.0,0.0,1.0,0.17,0.0,0.0,0.0,0.0,warezclient
0,tcp,http,SF,228,667,0,0,0,0,0,1,0,0,0,0,0,0,0,0,0,0,4,4,0.0,0.0,0.0,0.0,1.0,0.0,0.0,255,255,1.0,0.0,0.0,0.0,0.0,0.0,0.0,0.0,normal
0,tcp,http,REJ,0,0,0,0,0,0,0,0,0,0,0,0,0,0,0,0,0,0,1,1,0.0,0.0,1.0,1.0,1.0,0.0,0.0,2,255,1.0,0.0,0.5,0.18,0.0,0.0,1.0,0.92,normal
36429,tcp,private,RSTR,1,0,0,0,0,0,0,0,0,0,0,0,0,0,0,0,0,0,2,2,0.0,0.0,1.0,1.0,1.0,0.0,0.0,255,2,0.01,0.5,1.0,0.0,0.0,0.0,1.0,1.0,portsweep
0,tcp,private,REJ,0,0,0,0,0,0,0,0,0,0,0,0,0,0,0,0,0,0,90,1,0.01,0.0,0.92,1.0,0.01,1.0,0.0,215,1,0.0,0.45,0.0,0.0,0.0,0.0,0.4,1.0,satan
0,tcp,http,REJ,0,0,0,0,0,0,0,0,0,0,0,0,0,0,0,0,0,0,1,1,0.0,0.0,1.0,1.0,1.0,0.0,0.0,5,141,1.0,0.0,0.2,0.16,0.0,0.0,1.0,0.97,normal
0,udp,domain_u,SF,44,115,0,0,0,0,0,0,0,0,0,0,0,0,0,0,0,0,1,8,0.0,0.0,0.0,0.0,1.0,0.0,0.38,255,248,0.97,0.01,0.0,0.0,0.0,0.0,0.0,0.0,normal
0,icmp,eco_i,SF,18,0,0,0,0,0,0,0,0,0,0,0,0,0,0,0,0,0,1,1,0.0,0.0,0.0,0.0,1.0,0.0,0.0,1,212,1.0,0.0,1.0,1.0,0.0,0.0,0.0,0.0,ipsweep
42723,tcp,private,RSTR,1,0,0,0,0,0,0,0,0,0,0,0,0,0,0,0,0,0,2,2,0.0,0.0,1.0,1.0,1.0,0.0,0.0,136,2,0.01,0.08,0.12,0.0,0.0,0.0,0.12,1.0,portsweep
0,tcp,smtp,SF,612,280,0,0,0,0,0,1,0,0,0,0,0,0,0,0,0,0,2,2,0.0,0.0,0.0,0.0,1.0,0.0,0.0,186,120,0.62,0.03,0.01,0.02,0.0,0.0,0.0,0.0,normal
0,icmp,eco_i,SF,18,0,0,0,0,0,0,0,0,0,0,0,0,0,0,0,0,0,1,1,0.0,0.0,0.0,0.0,1.0,0.0,0.0,1,5,1.0,0.0,1.0,0.4,0.0,0.0,0.0,0.0,ipsweep
0,tcp,ftp_data,SF,8766,0,0,0,0,0,0,1,0,0,0,0,0,0,0,0,0,0,4,6,0.0,0.0,0.0,0.0,1.0,0.0,0.33,205,10,0.05,0.02,0.05,0.0,0.0,0.0,0.0,0.0,normal
0,tcp,private,S0,0,0,0,0,0,0,0,0,0,0,0,0,0,0,0,0,0,0,149,14,1.0,1.0,0.0,0.0,0.09,0.05,0.0,255,2,0.01,0.07,0.0,0.0,1.0,1.0,0.0,0.0,neptune
0,tcp,http,SF,302,294,0,0,0,0,0,1,0,0,0,0,0,0,0,0,0,0,16,17,0.0,0.0,0.0,0.0,1.0,0.0,0.12,255,255,1.0,0.0,0.0,0.0,0.0,0.0,0.0,0.0,normal
0,icmp,eco_i,SF,8,0,0,0,0,0,0,0,0,0,0,0,0,0,0,0,0,0,1,14,0.0,0.0,0.0,0.0,1.0,0.0,1.0,2,100,1.0,0.0,1.0,0.5,0.0,0.0,0.0,0.0,ipsweep
0,icmp,eco_i,SF,8,0,0,0,0,0,0,0,0,0,0,0,0,0,0,0,0,0,1,25,0.0,0.0,0.0,0.0,1.0,0.0,1.0,1,86,1.0,0.0,1.0,0.51,0.0,0.0,0.0,0.0,ipsweep
0,icmp,eco_i,SF,8,0,0,0,0,0,0,0,0,0,0,0,0,0,0,0,0,0,1,10,0.0,0.0,0.0,0.0,1.0,0.0,1.0,2,22,1.0,0.0,1.0,0.27,0.0,0.0,0.0,0.0,nmap
0,icmp,eco_i,SF,8,0,0,0,0,0,0,0,0,0,0,0,0,0,0,0,0,0,1,16,0.0,0.0,0.0,0.0,1.0,0.0,1.0,1,77,1.0,0.0,1.0,0.51,0.0,0.0,0.0,0.0,ipsweep
3,tcp,private,REJ,0,0,0,0,0,0,0,0,0,0,0,0,0,0,0,0,0,0,222,1,0.04,0.0,0.93,1.0,0.0,1.0,0.0,255,1,0.0,0.89,0.0,0.0,0.04,0.0,0.82,1.0,satan
0,tcp,private,S0,0,0,0,0,0,0,0,0,0,0,0,0,0,0,0,0,0,0,27,7,1.0,1.0,0.0,0.0,0.26,0.11,0.0,255,7,0.03,0.07,0.0,0.0,1.0,1.0,0.0,0.0,neptune
0,tcp,private,RSTR,0,0,0,0,0,0,0,0,0,0,0,0,0,0,0,0,0,0,1,1,0.0,0.0,1.0,1.0,1.0,0.0,0.0,255,1,0.0,0.29,0.57,0.0,0.0,0.0,0.57,1.0,portsweep
0,tcp,private,REJ,0,0,0,0,0,0,0,0,0,0,0,0,0,0,0,0,0,0,41,1,0.0,0.0,0.98,1.0,0.02,1.0,0.0,159,1,0.01,0.34,0.01,0.0,0.0,0.0,0.27,1.0,satan
0,udp,private,SF,1,0,0,0,0,0,0,0,0,0,0,0,0,0,0,0,0,0,21,7,0.0,0.0,0.0,0.0,0.33,0.24,0.0,255,27,0.11,0.67,0.43,0.0,0.0,0.0,0.57,0.0,satan
37183,tcp,private,RSTR,1,0,0,0,0,0,0,0,0,0,0,0,0,0,0,0,0,0,2,2,0.0,0.0,1.0,1.0,1.0,0.0,0.0,255,2,0.01,0.5,1.0,0.0,0.0,0.0,1.0,1.0,portsweep
42837,tcp,private,RSTR,1,0,0,0,0,0,0,0,0,0,0,0,0,0,0,0,0,0,2,2,0.0,0.0,1.0,1.0,1.0,0.0,0.0,128,2,0.02,0.05,0.06,0.0,0.0,0.0,0.06,1.0,portsweep
0,icmp,eco_i,SF,8,0,0,0,0,0,0,0,0,0,0,0,0,0,0,0,0,0,1,48,0.0,0.0,0.0,0.0,1.0,0.0,1.0,1,253,1.0,0.0,1.0,0.5,0.0,0.0,0.0,0.0,ipsweep
0,icmp,eco_i,SF,8,0,0,0,0,0,0,0,0,0,0,0,0,0,0,0,0,0,1,13,0.0,0.0,0.0,0.0,1.0,0.0,1.0,1,213,1.0,0.0,1.0,0.5,0.0,0.0,0.0,0.0,ipsweep
0,udp,private,SF,1,0,0,0,0,0,0,0,0,0,0,0,0,0,0,0,0,0,6,6,0.0,0.0,0.0,0.0,1.0,0.0,0.0,255,77,0.3,0.12,0.93,0.0,0.0,0.0,0.07,0.0,satan
0,tcp,http,SF,349,337,0,0,0,0,0,1,0,0,0,0,0,0,0,0,0,0,2,3,0.0,0.0,0.0,0.0,1.0,0.0,0.67,55,255,1.0,0.0,0.02,0.04,0.0,0.01,0.0,0.0,normal
0,icmp,eco_i,SF,8,0,0,0,0,0,0,0,0,0,0,0,0,0,0,0,0,0,1,2,0.0,0.0,0.0,0.0,1.0,0.0,1.0,1,31,1.0,0.0,1.0,0.52,0.0,0.0,0.0,0.0,ipsweep
0,udp,private,SF,1,0,0,0,0,0,0,0,0,0,0,0,0,0,0,0,0,0,3,3,0.0,0.0,0.0,0.0,1.0,0.0,0.0,255,3,0.01,0.23,1.0,0.0,0.0,0.0,0.0,0.0,satan
0,tcp,private,SH,0,0,0,0,0,0,0,0,0,0,0,0,0,0,0,0,0,0,2,1,1.0,1.0,0.0,0.0,0.5,1.0,0.0,14,1,0.07,0.71,0.5,0.0,0.5,1.0,0.0,0.0,nmap
1051,tcp,other,RSTR,1,0,0,0,0,0,0,0,0,0,0,0,0,0,0,0,0,0,2,2,0.0,0.0,1.0,1.0,1.0,0.0,0.0,255,2,0.01,0.73,1.0,0.0,0.0,0.0,1.0,1.0,portsweep
0,icmp,eco_i,SF,8,0,0,0,0,0,0,0,0,0,0,0,0,0,0,0,0,0,1,49,0.0,0.0,0.0,0.0,1.0,0.0,1.0,1,19,1.0,0.0,1.0,0.53,0.0,0.0,0.0,0.0,ipsweep
0,tcp,uucp_path,S0,0,0,0,0,0,0,0,0,0,0,0,0,0,0,0,0,0,0,283,23,1.0,1.0,0.0,0.0,0.08,0.04,0.0,255,23,0.09,0.05,0.0,0.0,1.0,1.0,0.0,0.0,neptune
0,icmp,eco_i,SF,8,0,0,0,0,0,0,0,0,0,0,0,0,0,0,0,0,0,1,11,0.0,0.0,0.0,0.0,1.0,0.0,1.0,1,35,1.0,0.0,1.0,0.51,0.0,0.0,0.0,0.0,ipsweep
0,tcp,private,RSTR,0,0,0,0,0,0,0,0,0,0,0,0,0,0,0,0,0,0,1,1,0.0,0.0,1.0,1.0,1.0,0.0,0.0,255,1,0.0,0.44,0.87,0.0,0.0,0.0,0.87,1.0,portsweep
0,tcp,other,REJ,0,0,0,0,0,0,0,0,0,0,0,0,0,0,0,0,0,0,509,1,0.05,0.0,0.95,1.0,0.0,1.0,0.0,255,1,0.0,1.0,0.0,0.0,0.05,0.0,0.95,1.0,satan
0,tcp,private,REJ,0,0,0,0,0,0,0,0,0,0,0,0,0,0,0,0,0,0,2,1,0.0,0.0,1.0,1.0,0.5,1.0,0.0,255,1,0.0,0.55,0.53,0.0,0.0,0.0,0.54,1.0,portsweep
0,tcp,private,REJ,0,0,0,0,0,0,0,0,0,0,0,0,0,0,0,0,0,0,415,1,0.06,0.0,0.93,1.0,0.0,1.0,0.0,255,1,0.0,1.0,0.0,0.0,0.09,0.0,0.91,1.0,satan
0,tcp,other,REJ,0,0,0,0,0,0,0,0,0,0,0,0,0,0,0,0,0,0,509,1,0.16,0.0,0.84,1.0,0.0,1.0,0.0,255,1,0.0,1.0,0.0,0.0,0.2,0.0,0.8,1.0,satan
0,tcp,private,S0,0,0,0,0,0,0,0,0,0,0,0,0,0,0,0,0,0,0,137,16,1.0,1.0,0.0,0.0,0.12,0.06,0.0,193,16,0.08,0.06,0.01,0.0,1.0,1.0,0.0,0.0,neptune
0,tcp,other,REJ,0,0,0,0,0,0,0,0,0,0,0,0,0,0,0,0,0,0,509,1,0.23,0.0,0.76,1.0,0.0,1.0,0.0,255,1,0.0,1.0,0.0,0.0,0.24,0.0,0.73,1.0,satan
0,icmp,eco_i,SF,8,0,0,0,0,0,0,0,0,0,0,0,0,0,0,0,0,0,1,45,0.0,0.0,0.0,0.0,1.0,0.0,1.0,4,216,1.0,0.0,1.0,0.25,0.0,0.0,0.0,0.0,nmap
0,tcp,other,REJ,0,0,0,0,0,0,0,0,0,0,0,0,0,0,0,0,0,0,510,1,0.1,0.0,0.9,1.0,0.0,1.0,0.0,255,1,0.0,1.0,0.0,0.0,0.17,0.0,0.83,1.0,satan
0,tcp,private,REJ,0,0,0,0,0,0,0,0,0,0,0,0,0,0,0,0,0,0,301,1,0.1,0.0,0.89,1.0,0.0,1.0,0.0,255,1,0.0,1.0,0.0,0.0,0.09,0.0,0.9,1.0,satan
0,tcp,csnet_ns,RSTR,0,0,0,0,0,0,0,0,0,0,0,0,0,0,0,0,0,0,1,1,0.0,0.0,1.0,1.0,1.0,0.0,0.0,255,1,0.0,0.42,0.82,0.0,0.0,0.0,0.82,1.0,portsweep
0,tcp,http,S2,54540,8315,0,0,0,1,0,1,0,0,0,0,0,0,0,0,0,0,6,6,0.17,0.17,0.0,0.0,1.0,0.0,0.0,255,255,1.0,0.0,0.0,0.0,0.01,0.01,0.04,0.04,back
0,tcp,other,REJ,0,0,0,0,0,0,0,0,0,0,0,0,0,0,0,0,0,0,426,1,0.06,0.0,0.91,1.0,0.0,1.0,0.0,255,1,0.0,1.0,0.0,0.0,0.08,0.0,0.91,1.0,satan
0,icmp,eco_i,SF,8,0,0,0,0,0,0,0,0,0,0,0,0,0,0,0,0,0,1,25,0.0,0.0,0.0,0.0,1.0,0.0,1.0,2,120,1.0,0.0,1.0,0.5,0.0,0.0,0.0,0.0,ipsweep
5,tcp,printer,SF,6,43,0,0,0,0,0,0,0,0,0,0,0,0,0,0,0,0,510,1,0.2,0.0,0.79,0.0,0.0,1.0,0.0,255,1,0.0,1.0,0.0,0.0,0.19,0.0,0.79,0.0,satan
30257,tcp,private,RSTR,1,0,0,0,0,0,0,0,0,0,0,0,0,0,0,0,0,0,2,2,0.0,0.0,1.0,1.0,1.0,0.0,0.0,255,2,0.01,0.65,1.0,0.0,0.0,0.0,1.0,1.0,portsweep
0,tcp,private,RSTR,0,0,0,0,0,0,0,0,0,0,0,0,0,0,0,0,0,0,1,1,0.0,0.0,1.0,1.0,1.0,0.0,0.0,134,1,0.01,0.64,0.64,0.0,0.04,0.0,0.63,1.0,portsweep
0,icmp,urp_i,SF,181,0,0,0,0,0,0,0,0,0,0,0,0,0,0,0,0,0,2,1,0.0,0.0,0.0,0.0,0.5,1.0,0.0,255,22,0.09,0.01,0.11,0.0,0.0,0.0,0.0,0.0,normal
0,icmp,eco_i,SF,8,0,0,0,0,0,0,0,0,0,0,0,0,0,0,0,0,0,1,35,0.0,0.0,0.0,0.0,1.0,0.0,1.0,1,255,1.0,0.0,1.0,0.5,0.0,0.0,0.0,0.0,ipsweep
0,icmp,eco_i,SF,8,0,0,0,0,0,0,0,0,0,0,0,0,0,0,0,0,0,1,17,0.0,0.0,0.0,0.0,1.0,0.0,1.0,2,186,1.0,0.0,1.0,0.25,0.0,0.0,0.0,0.0,nmap
0,tcp,telnet,RSTO,126,179,0,0,0,1,1,0,0,0,0,0,0,0,0,0,0,0,2,2,0.0,0.0,1.0,1.0,1.0,0.0,0.0,17,17,1.0,0.0,0.06,0.0,0.06,0.06,0.94,0.94,guess_passwd
0,tcp,ftp_data,SF,334,0,0,0,0,0,0,1,0,0,0,0,0,0,0,0,0,0,1,1,0.0,0.0,0.0,0.0,1.0,0.0,0.0,1,11,1.0,0.0,1.0,0.36,0.0,0.0,0.0,0.0,warezclient
0,tcp,private,REJ,0,0,0,0,0,0,0,0,0,0,0,0,0,0,0,0,0,0,1,1,0.0,0.0,1.0,1.0,1.0,0.0,0.0,36,1,0.03,1.0,0.03,0.0,0.0,0.0,0.89,1.0,ipsweep
0,icmp,eco_i,SF,8,0,0,0,0,0,0,0,0,0,0,0,0,0,0,0,0,0,1,18,0.0,0.0,0.0,0.0,1.0,0.0,1.0,1,223,1.0,0.0,1.0,0.5,0.0,0.0,0.0,0.0,ipsweep
0,tcp,private,REJ,0,0,0,0,0,0,0,0,0,0,0,0,0,0,0,0,0,0,1,1,0.0,0.0,1.0,1.0,1.0,0.0,0.0,36,2,0.03,1.0,0.03,1.0,0.0,0.0,0.86,1.0,ipsweep
0,tcp,http,SF,235,128,0,0,0,0,0,1,0,0,0,0,0,0,0,0,0,0,25,26,0.0,0.0,0.0,0.0,1.0,0.0,0.08,116,255,1.0,0.0,0.01,0.02,0.0,0.0,0.0,0.0,normal
0,tcp,private,SH,0,0,0,0,0,0,0,0,0,0,0,0,0,0,0,0,0,0,1,1,1.0,1.0,0.0,0.0,1.0,0.0,0.0,98,1,0.01,0.9,0.92,0.0,0.92,1.0,0.0,0.0,nmap
0,tcp,private,REJ,0,0,0,0,0,0,0,0,0,0,0,0,0,0,0,0,0,0,49,1,0.0,0.0,0.96,1.0,0.02,1.0,0.0,167,1,0.01,0.36,0.01,0.0,0.0,0.0,0.3,1.0,satan
0,tcp,http,SF,192,301,0,0,0,0,0,1,0,0,0,0,0,0,0,0,0,0,9,9,0.0,0.0,0.0,0.0,1.0,0.0,0.0,9,255,1.0,0.0,0.11,0.05,0.0,0.0,0.0,0.0,normal
32018,tcp,private,RSTR,1,0,0,0,0,0,0,0,0,0,0,0,0,0,0,0,0,0,2,2,0.0,0.0,1.0,1.0,1.0,0.0,0.0,255,2,0.01,0.82,1.0,0.0,0.0,0.0,1.0,1.0,portsweep
0,tcp,http,SF,351,484,0,0,0,0,0,1,0,0,0,0,0,0,0,0,0,0,5,6,0.0,0.0,0.0,0.0,1.0,0.0,0.33,255,255,1.0,0.0,0.0,0.0,0.0,0.0,0.0,0.0,normal
0,tcp,private,REJ,0,0,0,0,0,0,0,0,0,0,0,0,0,0,0,0,0,0,156,1,0.01,0.0,0.96,1.0,0.01,1.0,0.0,255,1,0.0,0.64,0.0,0.0,0.0,0.0,0.6,1.0,satan
0,udp,private,SF,1,0,0,0,0,0,0,0,0,0,0,0,0,0,0,0,0,0,7,7,0.0,0.0,0.0,0.0,1.0,0.0,0.0,255,7,0.03,0.4,0.79,0.0,0.0,0.0,0.21,0.0,satan
0,tcp,http,SF,324,1918,0,0,0,0,0,1,0,0,0,0,0,0,0,0,0,0,13,17,0.0,0.0,0.0,0.0,1.0,0.0,0.12,255,255,1.0,0.0,0.0,0.0,0.0,0.0,0.0,0.0,normal
0,tcp,private,REJ,0,0,0,0,0,0,0,0,0,0,0,0,0,0,0,0,0,0,1,1,0.0,0.0,1.0,1.0,1.0,0.0,0.0,255,1,0.0,0.87,0.86,0.0,0.0,0.0,0.86,1.0,portsweep
0,icmp,eco_i,SF,8,0,0,0,0,0,0,0,0,0,0,0,0,0,0,0,0,0,1,6,0.0,0.0,0.0,0.0,1.0,0.0,1.0,2,7,1.0,0.0,1.0,0.57,0.0,0.0,0.0,0.0,ipsweep
0,tcp,other,REJ,0,0,0,0,0,0,0,0,0,0,0,0,0,0,0,0,0,0,510,1,0.19,0.0,0.81,1.0,0.0,1.0,0.0,255,1,0.0,1.0,0.0,0.0,0.21,0.0,0.79,1.0,satan
0,tcp,other,REJ,0,0,0,0,0,0,0,0,0,0,0,0,0,0,0,0,0,0,509,1,0.08,0.0,0.91,1.0,0.0,1.0,0.0,255,1,0.0,1.0,0.0,0.0,0.14,0.0,0.85,1.0,satan
0,icmp,eco_i,SF,8,0,0,0,0,0,0,0,0,0,0,0,0,0,0,0,0,0,1,46,0.0,0.0,0.0,0.0,1.0,0.0,1.0,1,17,1.0,0.0,1.0,0.53,0.0,0.0,0.0,0.0,ipsweep
0,tcp,private,RSTR,0,0,0,0,0,0,0,0,0,0,0,0,0,0,0,0,0,0,1,1,0.0,0.0,1.0,1.0,1.0,0.0,0.0,208,1,0.0,0.77,0.77,0.0,0.03,0.0,0.63,1.0,portsweep
0,tcp,http,S0,0,0,0,0,0,0,0,0,0,0,0,0,0,0,0,0,0,0,52,20,1.0,1.0,0.0,0.0,0.38,0.08,0.0,255,60,0.24,0.03,0.0,0.0,1.0,1.0,0.0,0.0,neptune
0,udp,domain_u,SF,46,46,0,0,0,0,0,0,0,0,0,0,0,0,0,0,0,0,5,220,0.0,0.0,0.0,0.0,1.0,0.0,0.01,255,255,1.0,0.0,0.13,0.0,0.0,0.0,0.0,0.0,normal
0,icmp,eco_i,SF,8,0,0,0,0,0,0,0,0,0,0,0,0,0,0,0,0,0,1,23,0.0,0.0,0.0,0.0,1.0,0.0,1.0,2,86,1.0,0.0,1.0,0.5,0.0,0.0,0.0,0.0,ipsweep
0,tcp,http,S0,0,0,0,0,0,0,0,0,0,0,0,0,0,0,0,0,0,0,59,20,1.0,1.0,0.0,0.0,0.34,0.05,0.0,255,65,0.25,0.02,0.0,0.0,1.0,1.0,0.0,0.0,neptune
0,tcp,http,SF,180,36668,0,0,0,0,0,1,0,0,0,0,0,0,0,0,0,0,1,1,0.0,0.0,0.0,0.0,1.0,0.0,0.0,141,255,1.0,0.0,0.01,0.01,0.0,0.0,0.0,0.0,normal
0,tcp,private,REJ,0,0,0,0,0,0,0,0,0,0,0,0,0,0,0,0,0,0,338,1,0.0,0.0,1.0,1.0,0.0,0.52,0.0,255,1,0.0,0.52,1.0,0.0,0.0,0.0,1.0,1.0,portsweep
0,icmp,eco_i,SF,8,0,0,0,0,0,0,0,0,0,0,0,0,0,0,0,0,0,1,2,0.0,0.0,0.0,0.0,1.0,0.0,1.0,1,65,1.0,0.0,1.0,0.52,0.0,0.0,0.0,0.0,ipsweep
18158,tcp,other,RSTR,1,0,0,0,0,0,0,0,0,0,0,0,0,0,0,0,0,0,2,2,0.0,0.0,1.0,1.0,1.0,0.0,0.0,255,2,0.01,0.73,1.0,0.0,0.0,0.0,1.0,1.0,portsweep
0,icmp,eco_i,SF,8,0,0,0,0,0,0,0,0,0,0,0,0,0,0,0,0,0,1,15,0.0,0.0,0.0,0.0,1.0,0.0,1.0,1,41,1.0,0.0,1.0,0.51,0.0,0.0,0.0,0.0,ipsweep
0,tcp,other,REJ,0,0,0,0,0,0,0,0,0,0,0,0,0,0,0,0,0,0,508,1,0.08,0.0,0.91,1.0,0.0,1.0,0.0,255,1,0.0,1.0,0.0,0.0,0.08,0.0,0.92,1.0,satan
0,tcp,private,REJ,0,0,0,0,0,0,0,0,0,0,0,0,0,0,0,0,0,0,1,1,0.0,0.0,1.0,1.0,1.0,0.0,0.0,5,2,0.2,1.0,0.2,1.0,0.0,0.0,0.8,1.0,ipsweep
0,icmp,eco_i,SF,8,0,0,0,0,0,0,0,0,0,0,0,0,0,0,0,0,0,1,7,0.0,0.0,0.0,0.0,1.0,0.0,1.0,1,39,1.0,0.0,1.0,0.51,0.0,0.0,0.0,0.0,ipsweep
0,icmp,eco_i,SF,8,0,0,0,0,0,0,0,0,0,0,0,0,0,0,0,0,0,1,40,0.0,0.0,0.0,0.0,1.0,0.0,1.0,1,86,1.0,0.0,1.0,0.51,0.0,0.0,0.0,0.0,ipsweep
0,udp,private,SF,1,0,0,0,0,0,0,0,0,0,0,0,0,0,0,0,0,0,52,1,0.0,0.0,0.0,0.0,0.02,0.15,0.0,255,1,0.0,0.22,1.0,0.0,0.0,0.0,0.0,0.0,satan
0,tcp,private,REJ,0,0,0,0,0,0,0,0,0,0,0,0,0,0,0,0,0,0,157,1,0.05,0.0,0.94,1.0,0.01,1.0,0.0,255,1,0.0,0.8,0.0,0.0,0.03,0.0,0.59,1.0,satan
0,udp,private,SF,207,0,0,0,0,0,0,0,0,0,0,0,0,0,0,0,0,0,2,2,0.0,0.0,0.0,0.0,1.0,0.0,0.0,220,188,0.85,0.01,0.85,0.0,0.0,0.0,0.0,0.0,nmap
0,tcp,private,REJ,0,0,0,0,0,0,0,0,0,0,0,0,0,0,0,0,0,0,509,1,0.04,0.0,0.95,1.0,0.0,1.0,0.0,255,1,0.0,1.0,0.0,0.0,0.03,0.0,0.95,1.0,satan
0,udp,other,SF,1,0,0,0,0,0,0,0,0,0,0,0,0,0,0,0,0,0,13,1,0.0,0.0,0.0,0.0,0.08,0.31,0.0,255,1,0.0,0.26,0.75,0.0,0.0,0.0,0.22,0.0,satan
0,icmp,eco_i,SF,8,0,0,0,0,0,0,0,0,0,0,0,0,0,0,0,0,0,1,3,0.0,0.0,0.0,0.0,1.0,0.0,1.0,1,81,1.0,0.0,1.0,0.51,0.0,0.0,0.0,0.0,ipsweep
0,udp,private,SF,1,0,0,0,0,0,0,0,0,0,0,0,0,0,0,0,0,0,9,9,0.0,0.0,0.0,0.0,1.0,0.0,0.0,255,208,0.82,0.03,1.0,0.0,0.0,0.0,0.0,0.0,satan
0,udp,domain_u,SF,45,45,0,0,0,0,0,0,0,0,0,0,0,0,0,0,0,0,233,233,0.0,0.0,0.0,0.0,1.0,0.0,0.0,255,250,0.98,0.01,0.0,0.0,0.0,0.0,0.0,0.0,normal
0,udp,other,SF,1,0,0,0,0,0,0,0,0,0,0,0,0,0,0,0,0,0,55,1,0.0,0.0,0.0,0.0,0.02,0.13,0.0,255,1,0.0,0.09,0.32,0.0,0.0,0.0,0.61,0.0,satan
0,udp,private,SF,1,0,0,0,0,0,0,0,0,0,0,0,0,0,0,0,0,0,12,12,0.0,0.0,0.0,0.0,1.0,0.0,0.0,255,12,0.05,0.38,0.81,0.0,0.0,0.0,0.19,0.0,satan
5,tcp,pop_3,SF,6,151,0,0,0,0,0,1,0,0,0,0,0,0,0,0,0,0,11,1,0.0,0.0,0.82,0.0,0.09,1.0,0.0,255,1,0.0,0.08,0.0,0.0,0.0,0.0,0.04,0.0,satan
0,tcp,private,RSTR,0,0,0,0,0,0,0,0,0,0,0,0,0,0,0,0,0,0,1,1,0.0,0.0,1.0,1.0,1.0,0.0,0.0,255,1,0.0,0.6,0.6,0.0,0.0,0.0,0.6,1.0,portsweep
0,tcp,http,SF,222,617,0,0,0,0,0,1,0,0,0,0,0,0,0,0,0,0,29,31,0.0,0.0,0.0,0.0,1.0,0.0,0.06,89,255,1.0,0.0,0.01,0.02,0.0,0.0,0.0,0.0,normal
0,tcp,private,REJ,0,0,0,0,0,0,0,0,0,0,0,0,0,0,0,0,0,0,197,13,0.0,0.0,1.0,1.0,0.07,0.07,0.0,255,13,0.05,0.07,0.0,0.0,0.0,0.0,1.0,1.0,neptune
0,tcp,http,SF,302,2056,0,0,0,0,0,1,0,0,0,0,0,0,0,0,0,0,4,4,0.0,0.0,0.0,0.0,1.0,0.0,0.0,102,255,1.0,0.0,0.01,0.02,0.0,0.0,0.0,0.0,normal
0,icmp,eco_i,SF,8,0,0,0,0,0,0,0,0,0,0,0,0,0,0,0,0,0,1,34,0.0,0.0,0.0,0.0,1.0,0.0,1.0,2,30,1.0,0.0,1.0,0.5,0.0,0.0,0.0,0.0,ipsweep
0,icmp,eco_i,SF,18,0,0,0,0,0,0,0,0,0,0,0,0,0,0,0,0,0,1,1,0.0,0.0,0.0,0.0,1.0,0.0,0.0,1,83,1.0,0.0,1.0,1.0,0.0,0.0,0.0,0.0,ipsweep
0,icmp,eco_i,SF,8,0,0,0,0,0,0,0,0,0,0,0,0,0,0,0,0,0,1,29,0.0,0.0,0.0,0.0,1.0,0.0,1.0,1,65,1.0,0.0,1.0,0.51,0.0,0.0,0.0,0.0,ipsweep
0,icmp,eco_i,SF,8,0,0,0,0,0,0,0,0,0,0,0,0,0,0,0,0,0,1,50,0.0,0.0,0.0,0.0,1.0,0.0,1.0,1,9,1.0,0.0,1.0,0.56,0.0,0.0,0.0,0.0,ipsweep
0,tcp,private,REJ,0,0,0,0,0,0,0,0,0,0,0,0,0,0,0,0,0,0,2,1,0.0,0.0,1.0,1.0,0.5,1.0,0.0,255,1,0.0,0.29,0.23,0.0,0.29,0.0,0.24,1.0,portsweep
0,tcp,private,REJ,0,0,0,0,0,0,0,0,0,0,0,0,0,0,0,0,0,0,402,1,0.0,0.0,1.0,1.0,0.0,0.52,0.0,255,1,0.0,0.52,1.0,0.0,0.0,0.0,1.0,1.0,portsweep
0,tcp,private,REJ,0,0,0,0,0,0,0,0,0,0,0,0,0,0,0,0,0,0,511,1,0.07,0.0,0.93,1.0,0.0,1.0,0.0,255,1,0.0,1.0,0.0,0.0,0.13,0.0,0.87,1.0,satan
0,icmp,ecr_i,SF,8,0,0,0,0,0,0,0,0,0,0,0,0,0,0,0,0,0,1,1,0.0,0.0,0.0,0.0,1.0,0.0,0.0,3,3,1.0,0.0,1.0,0.0,0.0,0.0,0.0,0.0,nmap
0,tcp,http,SF,271,1341,0,0,0,0,0,1,0,0,0,0,0,0,0,0,0,0,2,2,0.0,0.0,0.0,0.0,1.0,0.0,0.0,31,255,1.0,0.0,0.03,0.02,0.0,0.0,0.0,0.0,normal
0,icmp,eco_i,SF,8,0,0,0,0,0,0,0,0,0,0,0,0,0,0,0,0,0,1,17,0.0,0.0,0.0,0.0,1.0,0.0,1.0,3,41,1.0,0.0,1.0,0.27,0.0,0.0,0.0,0.0,nmap
0,tcp,http_443,S0,0,0,0,0,0,0,0,0,0,0,0,0,0,0,0,0,0,0,116,14,1.0,1.0,0.0,0.0,0.12,0.06,0.0,255,9,0.04,0.05,0.0,0.0,1.0,1.0,0.0,0.0,neptune
0,tcp,private,SH,0,0,0,0,0,0,0,0,0,0,0,0,0,0,0,0,0,0,1,1,1.0,1.0,0.0,0.0,1.0,0.0,0.0,226,1,0.0,0.96,0.96,0.0,0.96,1.0,0.0,0.0,nmap
0,icmp,eco_i,SF,8,0,0,0,0,0,0,0,0,0,0,0,0,0,0,0,0,0,1,35,0.0,0.0,0.0,0.0,1.0,0.0,1.0,2,94,1.0,0.0,1.0,0.5,0.0,0.0,0.0,0.0,ipsweep
0,tcp,other,REJ,0,0,0,0,0,0,0,0,0,0,0,0,0,0,0,0,0,0,509,1,0.17,0.0,0.83,1.0,0.0,1.0,0.0,255,1,0.0,1.0,0.0,0.0,0.08,0.0,0.92,1.0,satan
0,icmp,eco_i,SF,8,0,0,0,0,0,0,0,0,0,0,0,0,0,0,0,0,0,1,50,0.0,0.0,0.0,0.0,1.0,0.0,1.0,1,62,1.0,0.0,1.0,0.52,0.0,0.0,0.0,0.0,ipsweep
3,tcp,private,REJ,0,0,0,0,0,0,0,0,0,0,0,0,0,0,0,0,0,0,235,1,0.04,0.0,0.94,1.0,0.0,1.0,0.0,255,1,0.0,0.94,0.0,0.0,0.04,0.0,0.87,1.0,satan
0,tcp,ftp_data,SF,4892,0,0,0,0,0,0,0,0,0,0,0,0,0,0,0,0,0,18,18,0.0,0.0,0.0,0.0,1.0,0.0,0.0,116,58,0.5,0.05,0.5,0.0,0.0,0.0,0.0,0.0,normal
0,icmp,eco_i,SF,8,0,0,0,0,0,0,0,0,0,0,0,0,0,0,0,0,0,1,20,0.0,0.0,0.0,0.0,1.0,0.0,1.0,1,219,1.0,0.0,1.0,0.5,0.0,0.0,0.0,0.0,ipsweep
0,tcp,discard,S0,0,0,0,0,0,0,0,0,0,0,0,0,0,0,0,0,0,0,209,16,1.0,1.0,0.0,0.0,0.08,0.07,0.0,255,16,0.06,0.07,0.0,0.0,1.0,1.0,0.0,0.0,neptune
1,tcp,netstat,RSTR,0,0,0,0,0,0,0,0,0,0,0,0,0,0,0,0,0,0,12,2,0.0,0.0,1.0,1.0,0.17,0.5,0.0,182,2,0.01,0.05,0.07,0.0,0.01,0.0,0.34,1.0,portsweep
0,tcp,private,RSTR,0,0,0,0,0,0,0,0,0,0,0,0,0,0,0,0,0,0,1,1,0.0,0.0,1.0,1.0,1.0,0.0,0.0,183,1,0.01,0.46,0.46,0.0,0.0,0.0,0.46,1.0,portsweep
13288,tcp,other,RSTR,1,0,0,0,0,0,0,0,0,0,0,0,0,0,0,0,0,0,1,1,0.0,0.0,1.0,1.0,1.0,0.0,0.0,255,1,0.0,0.69,1.0,0.0,0.0,0.0,1.0,1.0,portsweep
0,udp,domain_u,SF,42,71,0,0,0,0,0,0,0,0,0,0,0,0,0,0,0,0,115,115,0.0,0.0,0.0,0.0,0.99,0.02,0.02,255,254,1.0,0.01,0.0,0.0,0.0,0.0,0.0,0.0,normal
5062,tcp,ftp_data,SF,5133876,0,0,0,0,3,0,1,0,0,0,0,0,0,0,0,0,0,1,1,0.0,0.0,0.0,0.0,1.0,0.0,0.0,255,69,0.27,0.08,0.32,0.0,0.01,0.01,0.0,0.0,warezclient
0,tcp,http,SF,300,1556,0,0,0,0,0,1,0,0,0,0,0,0,0,0,0,0,2,2,0.0,0.0,0.0,0.0,1.0,0.0,0.0,156,255,1.0,0.0,0.01,0.02,0.0,0.0,0.0,0.0,normal
36550,tcp,private,RSTR,1,0,0,0,0,0,0,0,0,0,0,0,0,0,0,0,0,0,2,2,0.0,0.0,1.0,1.0,1.0,0.0,0.0,255,2,0.01,0.5,1.0,0.0,0.0,0.0,1.0,1.0,portsweep
5036,tcp,ftp_data,SF,5133876,0,0,0,0,2,0,1,0,0,0,0,0,0,0,0,0,0,1,1,0.0,0.0,0.0,0.0,1.0,0.0,0.0,11,43,0.91,0.18,1.0,0.12,0.0,0.0,0.0,0.0,warezclient
0,udp,private,SF,1,0,0,0,0,0,0,0,0,0,0,0,0,0,0,0,0,0,23,1,0.0,0.0,0.0,0.0,0.04,0.39,0.0,255,1,0.0,0.65,0.47,0.0,0.0,0.0,0.53,0.0,satan
1,tcp,private,RSTOS0,0,0,0,0,0,0,0,0,0,0,0,0,0,0,0,0,0,0,210,2,0.64,0.5,0.36,0.5,0.01,0.41,0.0,255,2,0.01,0.34,0.82,0.0,0.53,0.5,0.29,0.5,portsweep
0,icmp,eco_i,SF,8,0,0,0,0,0,0,0,0,0,0,0,0,0,0,0,0,0,1,3,0.0,0.0,0.0,0.0,1.0,0.0,1.0,1,81,1.0,0.0,1.0,0.26,0.0,0.0,0.0,0.0,nmap
0,icmp,eco_i,SF,8,0,0,0,0,0,0,0,0,0,0,0,0,0,0,0,0,0,1,25,0.0,0.0,0.0,0.0,1.0,0.0,1.0,1,27,1.0,0.0,1.0,0.52,0.0,0.0,0.0,0.0,ipsweep
0,tcp,http,SF,255,458,0,0,0,0,0,1,0,0,0,0,0,0,0,0,0,0,7,7,0.0,0.0,0.0,0.0,1.0,0.0,0.0,76,76,1.0,0.0,0.01,0.0,0.0,0.0,0.0,0.0,normal
0,tcp,private,S0,0,0,0,0,0,0,0,0,0,0,0,0,0,0,0,0,0,0,139,6,0.99,1.0,0.0,0.0,0.04,0.06,0.0,255,1,0.0,0.07,0.0,0.0,1.0,1.0,0.0,0.0,neptune
0,tcp,http,SF,321,3833,0,0,0,0,0,1,0,0,0,0,0,0,0,0,0,0,3,5,0.0,0.0,0.0,0.0,1.0,0.0,0.4,16,255,1.0,0.0,0.06,0.05,0.0,0.0,0.0,0.0,normal
0,icmp,eco_i,SF,8,0,0,0,0,0,0,0,0,0,0,0,0,0,0,0,0,0,1,12,0.0,0.0,0.0,0.0,1.0,0.0,1.0,2,10,1.0,0.0,1.0,0.5,0.0,0.0,0.0,0.0,ipsweep
0,icmp,eco_i,SF,8,0,0,0,0,0,0,0,0,0,0,0,0,0,0,0,0,0,1,28,0.0,0.0,0.0,0.0,1.0,0.0,1.0,1,33,1.0,0.0,1.0,0.52,0.0,0.0,0.0,0.0,ipsweep
0,tcp,http,SF,161,481,0,0,0,0,0,1,0,0,0,0,0,0,0,0,0,0,1,4,0.0,0.0,0.0,0.0,1.0,0.0,0.5,2,255,1.0,0.0,0.5,0.09,0.0,0.01,0.0,0.01,normal
0,udp,private,SF,1,0,0,0,0,0,0,0,0,0,0,0,0,0,0,0,0,0,44,19,0.0,0.0,0.0,0.0,0.43,0.09,0.0,255,64,0.25,0.27,0.77,0.0,0.05,0.0,0.17,0.0,satan
0,tcp,private,S0,0,0,0,0,0,0,0,0,0,0,0,0,0,0,0,0,0,0,235,10,1.0,1.0,0.0,0.0,0.04,0.05,0.0,255,10,0.04,0.06,0.0,0.0,1.0,1.0,0.0,0.0,neptune
0,tcp,other,REJ,0,0,0,0,0,0,0,0,0,0,0,0,0,0,0,0,0,0,511,1,0.09,0.0,0.91,1.0,0.0,1.0,0.0,255,1,0.0,1.0,0.0,0.0,0.08,0.0,0.92,1.0,satan
0,tcp,http,SF,200,2536,0,0,0,0,0,1,0,0,0,0,0,0,0,0,0,0,26,26,0.0,0.0,0.0,0.0,1.0,0.0,0.0,255,255,1.0,0.0,0.0,0.0,0.0,0.0,0.0,0.0,normal
0,icmp,eco_i,SF,8,0,0,0,0,0,0,0,0,0,0,0,0,0,0,0,0,0,1,45,0.0,0.0,0.0,0.0,1.0,0.0,1.0,2,25,1.0,0.0,1.0,0.52,0.0,0.0,0.0,0.0,ipsweep
0,icmp,eco_i,SF,8,0,0,0,0,0,0,0,0,0,0,0,0,0,0,0,0,0,1,25,0.0,0.0,0.0,0.0,1.0,0.0,1.0,4,56,1.0,0.0,1.0,0.25,0.0,0.0,0.0,0.0,nmap
0,tcp,private,REJ,0,0,0,0,0,0,0,0,0,0,0,0,0,0,0,0,0,0,80,1,0.01,0.0,0.93,1.0,0.01,1.0,0.0,255,1,0.0,0.34,0.0,0.0,0.0,0.0,0.3,1.0,satan
0,icmp,eco_i,SF,8,0,0,0,0,0,0,0,0,0,0,0,0,0,0,0,0,0,1,6,0.0,0.0,0.0,0.0,1.0,0.0,1.0,2,6,1.0,0.0,1.0,0.33,0.0,0.0,0.0,0.0,nmap
0,tcp,private,RSTR,0,0,0,0,0,0,0,0,0,0,0,0,0,0,0,0,0,0,1,1,0.0,0.0,1.0,1.0,1.0,0.0,0.0,132,1,0.01,0.27,0.26,0.0,0.0,0.0,0.25,1.0,portsweep
0,icmp,eco_i,SF,8,0,0,0,0,0,0,0,0,0,0,0,0,0,0,0,0,0,1,33,0.0,0.0,0.0,0.0,1.0,0.0,1.0,4,136,1.0,0.0,1.0,0.25,0.0,0.0,0.0,0.0,nmap
0,udp,private,SF,1,0,0,0,0,0,0,0,0,0,0,0,0,0,0,0,0,0,37,13,0.0,0.0,0.0,0.0,0.35,0.08,0.0,255,13,0.05,0.23,1.0,0.0,0.0,0.0,0.0,0.0,satan
0,udp,private,SF,1,0,0,0,0,0,0,0,0,0,0,0,0,0,0,0,0,0,62,24,0.0,0.0,0.0,0.0,0.39,0.08,0.0,255,58,0.23,0.18,1.0,0.0,0.0,0.0,0.0,0.0,satan
5051,tcp,ftp_data,SF,5135678,0,0,0,0,3,0,1,0,0,0,0,0,0,0,0,0,0,1,2,0.0,0.0,0.0,0.0,1.0,0.0,1.0,7,34,1.0,0.0,1.0,0.09,0.0,0.0,0.0,0.0,warezclient
0,icmp,eco_i,SF,8,0,0,0,0,0,0,0,0,0,0,0,0,0,0,0,0,0,1,28,0.0,0.0,0.0,0.0,1.0,0.0,1.0,1,86,1.0,0.0,1.0,0.51,0.0,0.0,0.0,0.0,ipsweep
0,tcp,private,SH,0,0,0,0,0,0,0,0,0,0,0,0,0,0,0,0,0,0,1,1,1.0,1.0,0.0,0.0,1.0,0.0,0.0,74,1,0.01,0.86,0.89,0.0,0.89,1.0,0.0,0.0,nmap
0,icmp,eco_i,SF,8,0,0,0,0,0,0,0,0,0,0,0,0,0,0,0,0,0,1,28,0.0,0.0,0.0,0.0,1.0,0.0,1.0,4,136,1.0,0.0,1.0,0.25,0.0,0.0,0.0,0.0,nmap
5047,tcp,ftp_data,SF,5135678,0,0,0,0,3,0,1,0,0,0,0,0,0,0,0,0,0,1,1,0.0,0.0,0.0,0.0,1.0,0.0,0.0,10,39,1.0,0.0,1.0,0.13,0.0,0.0,0.0,0.0,warezclient
0,tcp,http,SF,233,2249,0,0,0,0,0,1,0,0,0,0,0,0,0,0,0,0,8,10,0.0,0.0,0.0,0.0,1.0,0.0,0.3,31,255,1.0,0.0,0.03,0.04,0.0,0.0,0.0,0.0,normal
0,icmp,eco_i,SF,20,0,0,0,0,0,0,0,0,0,0,0,0,0,0,0,0,0,2,2,0.0,0.0,0.0,0.0,1.0,0.0,0.0,211,2,0.01,0.77,0.01,0.0,0.03,0.0,0.63,0.0,satan
0,udp,private,SF,215,0,0,0,0,0,0,0,0,0,0,0,0,0,0,0,0,0,1,1,0.0,0.0,0.0,0.0,1.0,0.0,0.0,51,43,0.84,0.04,0.84,0.0,0.0,0.0,0.0,0.0,nmap
2,tcp,ftp,SF,1142,2445,0,0,0,28,0,1,0,0,0,0,0,0,0,0,0,1,1,1,0.0,0.0,0.0,0.0,1.0,0.0,0.0,255,84,0.33,0.02,0.0,0.0,0.0,0.0,0.01,0.0,warezclient
0,tcp,private,RSTR,0,0,0,0,0,0,0,0,0,0,0,0,0,0,0,0,0,0,1,1,0.0,0.0,1.0,1.0,1.0,0.0,0.0,175,1,0.01,0.73,0.73,0.0,0.03,0.0,0.63,1.0,portsweep
0,icmp,eco_i,SF,8,0,0,0,0,0,0,0,0,0,0,0,0,0,0,0,0,0,1,48,0.0,0.0,0.0,0.0,1.0,0.0,1.0,1,11,1.0,0.0,1.0,0.55,0.0,0.0,0.0,0.0,ipsweep
42428,tcp,ftp,RSTR,1,0,0,0,0,0,0,0,0,0,0,0,0,0,0,0,0,0,2,2,0.0,0.0,1.0,1.0,1.0,0.0,0.0,162,2,0.01,0.14,0.26,0.0,0.0,0.0,0.26,1.0,portsweep
0,udp,private,SF,1,0,0,0,0,0,0,0,0,0,0,0,0,0,0,0,0,0,46,19,0.0,0.0,0.0,0.0,0.41,0.09,0.0,255,86,0.34,0.06,1.0,0.0,0.0,0.0,0.0,0.0,satan
0,tcp,private,REJ,0,0,0,0,0,0,0,0,0,0,0,0,0,0,0,0,0,0,2,1,0.0,0.0,1.0,1.0,0.5,1.0,0.0,252,1,0.0,0.12,0.1,0.0,0.0,0.0,0.1,1.0,portsweep
0,tcp,private,RSTR,0,0,0,0,0,0,0,0,0,0,0,0,0,0,0,0,0,0,1,1,0.0,0.0,1.0,1.0,1.0,0.0,0.0,163,1,0.01,0.4,0.4,0.0,0.0,0.0,0.39,1.0,portsweep
0,icmp,eco_i,SF,8,0,0,0,0,0,0,0,0,0,0,0,0,0,0,0,0,0,1,44,0.0,0.0,0.0,0.0,1.0,0.0,1.0,2,43,1.0,0.0,1.0,0.51,0.0,0.0,0.0,0.0,ipsweep
0,icmp,ecr_i,SF,1032,0,0,0,0,0,0,0,0,0,0,0,0,0,0,0,0,0,511,511,0.0,0.0,0.0,0.0,1.0,0.0,0.0,255,146,0.57,0.02,0.57,0.0,0.0,0.0,0.02,0.0,smurf
0,tcp,ftp,SF,1224,2451,0,0,0,28,0,1,0,0,0,0,0,0,0,0,0,1,1,1,0.0,0.0,0.0,0.0,1.0,0.0,0.0,222,50,0.23,0.02,0.0,0.0,0.0,0.0,0.01,0.0,warezclient
0,tcp,bgp,S0,0,0,0,0,0,0,0,0,0,0,0,0,0,0,0,0,0,0,294,17,1.0,1.0,0.0,0.0,0.06,0.06,0.0,255,1,0.0,0.06,0.0,0.0,1.0,1.0,0.0,0.0,neptune
0,udp,other,SF,1,0,0,0,0,0,0,0,0,0,0,0,0,0,0,0,0,0,92,2,0.0,0.0,0.0,0.0,0.02,0.05,0.0,255,2,0.01,0.06,1.0,0.0,0.0,0.0,0.0,0.0,satan
0,udp,private,SF,1,0,0,0,0,0,0,0,0,0,0,0,0,0,0,0,0,0,11,1,0.0,0.0,0.0,0.0,0.09,0.45,0.0,255,1,0.0,0.75,0.29,0.0,0.03,0.0,0.68,0.0,satan
1,tcp,private,RSTR,0,0,0,0,0,0,0,0,0,0,0,0,0,0,0,0,0,0,323,2,0.0,0.0,1.0,1.0,0.01,0.5,0.0,255,2,0.01,0.51,1.0,0.0,0.0,0.0,1.0,1.0,portsweep
0,tcp,daytime,RSTR,6,26,0,0,0,0,0,1,0,0,0,0,0,0,0,0,0,0,50,1,0.0,0.0,0.96,1.0,0.02,1.0,0.0,168,1,0.01,0.36,0.01,0.0,0.0,0.0,0.3,1.0,satan
0,icmp,eco_i,SF,18,0,0,0,0,0,0,0,0,0,0,0,0,0,0,0,0,0,1,1,0.0,0.0,0.0,0.0,1.0,0.0,0.0,1,94,1.0,0.0,1.0,1.0,0.0,0.0,0.0,0.0,ipsweep
1,tcp,private,RSTR,0,0,0,0,0,0,0,0,0,0,0,0,0,0,0,0,0,0,25,2,0.0,0.0,1.0,1.0,0.08,0.52,0.0,195,2,0.01,0.08,0.13,0.0,0.01,0.0,0.38,1.0,portsweep
0,tcp,bgp,REJ,0,0,0,0,0,0,0,0,0,0,0,0,0,0,0,0,0,0,142,5,0.0,0.0,1.0,1.0,0.04,0.06,0.0,255,2,0.01,0.07,0.0,0.0,0.0,0.0,1.0,1.0,neptune
0,tcp,netbios_dgm,S0,0,0,0,0,0,0,0,0,0,0,0,0,0,0,0,0,0,0,261,23,1.0,1.0,0.0,0.0,0.09,0.05,0.0,255,23,0.09,0.05,0.0,0.0,1.0,1.0,0.0,0.0,neptune
0,icmp,eco_i,SF,8,0,0,0,0,0,0,0,0,0,0,0,0,0,0,0,0,0,1,51,0.0,0.0,0.0,0.0,1.0,0.0,1.0,3,255,1.0,0.0,1.0,0.25,0.0,0.0,0.0,0.0,nmap
0,tcp,http,SF,290,3685,0,0,0,0,0,1,0,0,0,0,0,0,0,0,0,0,1,1,0.0,0.0,0.0,0.0,1.0,0.0,0.0,34,255,1.0,0.0,0.03,0.02,0.0,0.0,0.0,0.0,normal
0,icmp,eco_i,SF,8,0,0,0,0,0,0,0,0,0,0,0,0,0,0,0,0,0,1,4,0.0,0.0,0.0,0.0,1.0,0.0,1.0,2,86,1.0,0.0,1.0,0.5,0.0,0.0,0.0,0.0,ipsweep
1,tcp,ftp,SF,1235,2449,0,0,0,28,0,1,0,0,0,0,0,0,0,0,0,1,1,1,0.0,0.0,0.0,0.0,1.0,0.0,0.0,255,40,0.16,0.02,0.0,0.0,0.06,0.0,0.0,0.0,warezclient
0,udp,private,SF,1,0,0,0,0,0,0,0,0,0,0,0,0,0,0,0,0,0,154,134,0.0,0.0,0.0,0.0,0.87,0.03,0.0,255,171,0.67,0.04,1.0,0.0,0.0,0.0,0.0,0.0,satan
0,tcp,other,REJ,0,0,0,0,0,0,0,0,0,0,0,0,0,0,0,0,0,0,511,1,0.24,0.0,0.76,1.0,0.0,1.0,0.0,255,1,0.0,1.0,0.0,0.0,0.31,0.0,0.69,1.0,satan
17439,tcp,other,RSTR,1,0,0,0,0,0,0,0,0,0,0,0,0,0,0,0,0,0,2,2,0.0,0.0,1.0,1.0,1.0,0.0,0.0,255,2,0.01,0.73,1.0,0.0,0.0,0.0,1.0,1.0,portsweep
0,icmp,eco_i,SF,8,0,0,0,0,0,0,0,0,0,0,0,0,0,0,0,0,0,1,31,0.0,0.0,0.0,0.0,1.0,0.0,1.0,1,83,1.0,0.0,1.0,0.51,0.0,0.0,0.0,0.0,ipsweep
0,tcp,ftp_data,SF,334,0,0,0,0,0,0,1,0,0,0,0,0,0,0,0,0,0,1,1,0.0,0.0,0.0,0.0,1.0,0.0,0.0,3,33,1.0,0.0,1.0,0.15,0.0,0.0,0.0,0.0,warezclient
0,icmp,eco_i,SF,8,0,0,0,0,0,0,0,0,0,0,0,0,0,0,0,0,0,1,12,0.0,0.0,0.0,0.0,1.0,0.0,1.0,2,19,1.0,0.0,1.0,0.53,0.0,0.0,0.0,0.0,ipsweep
2,tcp,private,RSTR,0,0,0,0,0,0,0,0,0,0,0,0,0,0,0,0,0,0,363,2,0.0,0.0,1.0,1.0,0.01,0.52,0.0,255,2,0.01,0.52,1.0,0.0,0.0,0.0,1.0,1.0,portsweep
0,tcp,other,REJ,0,0,0,0,0,0,0,0,0,0,0,0,0,0,0,0,0,0,509,1,0.21,0.0,0.78,1.0,0.0,1.0,0.0,255,1,0.0,1.0,0.0,0.0,0.16,0.0,0.84,1.0,satan
0,icmp,eco_i,SF,8,0,0,0,0,0,0,0,0,0,0,0,0,0,0,0,0,0,1,23,0.0,0.0,0.0,0.0,1.0,0.0,1.0,2,62,1.0,0.0,1.0,0.5,0.0,0.0,0.0,0.0,ipsweep
0,tcp,private,REJ,0,0,0,0,0,0,0,0,0,0,0,0,0,0,0,0,0,0,1,1,0.0,0.0,1.0,1.0,1.0,0.0,0.0,8,1,0.12,1.0,0.12,0.0,0.0,0.0,0.75,1.0,ipsweep
0,tcp,remote_job,REJ,0,0,0,0,0,0,0,0,0,0,0,0,0,0,0,0,0,0,1,1,0.0,0.0,1.0,1.0,1.0,0.0,0.0,255,1,0.0,1.0,1.0,0.0,0.0,0.0,1.0,1.0,portsweep
0,tcp,http,SF,271,2418,0,0,0,0,0,1,0,0,0,0,0,0,0,0,0,0,2,2,0.0,0.0,0.0,0.0,1.0,0.0,0.0,1,1,1.0,0.0,1.0,0.0,0.0,0.0,0.0,0.0,normal
0,icmp,eco_i,SF,8,0,0,0,0,0,0,0,0,0,0,0,0,0,0,0,0,0,1,38,0.0,0.0,0.0,0.0,1.0,0.0,1.0,2,62,1.0,0.0,1.0,0.5,0.0,0.0,0.0,0.0,ipsweep
0,tcp,smtp,S0,0,0,0,0,0,1,0,0,0,0,0,0,0,0,0,0,0,0,193,1,0.66,1.0,0.34,0.0,0.01,0.41,0.0,255,1,0.0,0.31,0.76,0.0,0.5,1.0,0.26,0.0,portsweep
6,tcp,time,SF,0,4,0,0,0,0,0,0,0,0,0,0,0,0,0,0,0,0,1,1,0.0,0.0,0.0,0.0,1.0,0.0,0.0,18,2,0.06,1.0,0.06,1.0,0.0,0.0,0.78,0.0,ipsweep
0,udp,private,SF,1,0,0,0,0,0,0,0,0,0,0,0,0,0,0,0,0,0,155,135,0.0,0.0,0.0,0.0,0.87,0.03,0.0,255,172,0.67,0.04,1.0,0.0,0.0,0.0,0.0,0.0,satan
0,tcp,private,S0,0,0,0,0,0,0,0,0,0,0,0,0,0,0,0,0,0,0,275,6,1.0,1.0,0.0,0.0,0.02,0.06,0.0,255,5,0.02,0.07,0.0,0.0,1.0,1.0,0.0,0.0,neptune
0,udp,domain_u,SF,46,132,0,0,0,0,0,0,0,0,0,0,0,0,0,0,0,0,65,145,0.0,0.0,0.0,0.0,1.0,0.0,0.01,255,237,0.93,0.02,0.0,0.0,0.0,0.0,0.0,0.0,normal
484,tcp,telnet,SF,396,11791,0,0,0,0,0,1,3,0,0,0,0,0,1,0,0,0,1,1,0.0,0.0,0.0,0.0,1.0,0.0,0.0,255,5,0.02,0.84,0.0,0.0,0.83,0.0,0.0,0.0,normal
0,tcp,telnet,S0,0,0,0,0,0,0,0,0,0,0,0,0,0,0,0,0,0,0,20,20,1.0,1.0,0.0,0.0,1.0,0.0,0.0,22,22,1.0,0.0,0.05,0.0,0.91,0.91,0.0,0.0,neptune
0,tcp,http,SF,220,310,0,0,0,0,0,1,0,0,0,0,0,0,0,0,0,0,2,2,0.0,0.0,0.0,0.0,1.0,0.0,0.0,116,255,1.0,0.0,0.01,0.02,0.01,0.01,0.0,0.0,normal
31194,tcp,private,RSTR,1,0,0,0,0,0,0,0,0,0,0,0,0,0,0,0,0,0,2,2,0.0,0.0,1.0,1.0,1.0,0.0,0.0,255,2,0.01,0.8,1.0,0.0,0.0,0.0,1.0,1.0,portsweep
0,tcp,other,REJ,0,0,0,0,0,0,0,0,0,0,0,0,0,0,0,0,0,0,426,1,0.08,0.0,0.91,1.0,0.0,1.0,0.0,255,1,0.0,1.0,0.0,0.0,0.08,0.0,0.92,1.0,satan
1,tcp,time,RSTOS0,0,0,0,0,0,0,0,0,0,0,0,0,0,0,0,0,0,0,173,2,0.68,0.5,0.32,0.5,0.01,0.39,0.0,255,2,0.01,0.27,0.68,0.0,0.46,0.5,0.22,0.5,portsweep
0,tcp,private,REJ,0,0,0,0,0,0,0,0,0,0,0,0,0,0,0,0,0,0,68,1,0.0,0.0,0.93,1.0,0.01,1.0,0.0,193,1,0.01,0.41,0.01,0.0,0.0,0.0,0.34,1.0,satan
0,tcp,http,SF,309,296,0,0,0,0,0,1,0,0,0,0,0,0,0,0,0,0,2,4,0.0,0.0,0.0,0.0,1.0,0.0,0.75,255,255,1.0,0.0,0.0,0.0,0.0,0.0,0.0,0.0,normal
38274,tcp,private,RSTR,1,0,0,0,0,0,0,0,0,0,0,0,0,0,0,0,0,0,2,2,0.0,0.0,1.0,1.0,1.0,0.0,0.0,255,2,0.01,0.51,1.0,0.0,0.0,0.0,1.0,1.0,portsweep
0,icmp,eco_i,SF,8,0,0,0,0,0,0,0,0,0,0,0,0,0,0,0,0,0,1,23,0.0,0.0,0.0,0.0,1.0,0.0,1.0,3,151,1.0,0.0,1.0,0.25,0.0,0.0,0.0,0.0,nmap
0,tcp,private,S0,0,0,0,0,0,0,0,0,0,0,0,0,0,0,0,0,0,0,122,4,1.0,1.0,0.0,0.0,0.03,0.07,0.0,255,14,0.05,0.06,0.0,0.0,1.0,1.0,0.0,0.0,neptune
0,tcp,private,RSTR,0,0,0,0,0,0,0,0,0,0,0,0,0,0,0,0,0,0,1,1,0.0,0.0,1.0,1.0,1.0,0.0,0.0,255,1,0.0,0.35,0.35,0.0,0.0,0.0,0.35,1.0,portsweep
0,tcp,ftp_data,SF,334,0,0,0,0,0,0,1,0,0,0,0,0,0,0,0,0,0,2,2,0.0,0.0,0.0,0.0,1.0,0.0,0.0,10,20,1.0,0.0,1.0,0.15,0.0,0.0,0.0,0.0,warezclient
0,icmp,eco_i,SF,8,0,0,0,0,0,0,0,0,0,0,0,0,0,0,0,0,0,1,6,0.0,0.0,0.0,0.0,1.0,0.0,1.0,1,113,1.0,0.0,1.0,0.5,0.0,0.0,0.0,0.0,ipsweep
0,udp,private,SF,28,0,0,3,0,0,0,0,0,0,0,0,0,0,0,0,0,0,65,65,0.0,0.0,0.0,0.0,1.0,0.0,0.0,255,165,0.65,0.36,0.65,0.0,0.09,0.0,0.27,0.0,teardrop
0,icmp,eco_i,SF,8,0,0,0,0,0,0,0,0,0,0,0,0,0,0,0,0,0,1,47,0.0,0.0,0.0,0.0,1.0,0.0,1.0,2,92,1.0,0.0,1.0,0.5,0.0,0.0,0.0,0.0,ipsweep
0,tcp,http,SF,198,3918,0,0,0,0,0,1,0,0,0,0,0,0,0,0,0,0,4,4,0.0,0.0,0.0,0.0,1.0,0.0,0.0,114,255,1.0,0.0,0.01,0.01,0.0,0.0,0.0,0.0,normal
0,tcp,ftp_data,SF,334,0,0,0,0,0,0,1,0,0,0,0,0,0,0,0,0,0,2,2,0.0,0.0,0.0,0.0,1.0,0.0,0.0,7,19,1.0,0.0,1.0,0.21,0.0,0.0,0.0,0.0,warezclient
0,tcp,private,REJ,0,0,0,0,0,0,0,0,0,0,0,0,0,0,0,0,0,0,2,1,0.0,0.0,1.0,1.0,0.5,1.0,0.0,255,1,0.0,0.64,0.62,0.0,0.0,0.0,0.62,1.0,portsweep
34578,tcp,private,RSTOS0,1167519497,0,0,0,0,0,0,0,0,0,0,0,0,0,0,0,0,0,1,1,0.0,0.0,1.0,1.0,1.0,0.0,0.0,80,1,0.01,0.12,0.1,0.0,0.0,0.0,0.1,1.0,portsweep
19,tcp,private,RSTR,0,0,0,0,0,0,0,0,0,0,0,0,0,0,0,0,0,0,1,1,0.0,0.0,1.0,1.0,1.0,0.0,0.0,255,1,0.0,1.0,1.0,0.0,0.0,0.0,0.99,1.0,portsweep
0,tcp,private,REJ,0,0,0,0,0,0,0,0,0,0,0,0,0,0,0,0,0,0,294,1,0.03,0.0,0.95,1.0,0.0,1.0,0.0,255,1,0.0,0.97,0.0,0.0,0.04,0.0,0.92,1.0,satan
0,icmp,eco_i,SF,8,0,0,0,0,0,0,0,0,0,0,0,0,0,0,0,0,0,1,20,0.0,0.0,0.0,0.0,1.0,0.0,1.0,1,69,1.0,0.0,1.0,0.51,0.0,0.0,0.0,0.0,ipsweep
0,tcp,finger,SF,6,25,0,0,0,0,0,0,0,0,0,0,0,0,0,0,0,0,3,2,0.0,0.0,0.0,0.0,0.67,0.67,0.0,255,2,0.01,0.02,0.0,0.0,0.0,0.0,0.0,0.0,satan
0,tcp,private,REJ,0,0,0,0,0,0,0,0,0,0,0,0,0,0,0,0,0,0,2,1,0.0,0.0,1.0,1.0,0.5,1.0,0.0,255,1,0.0,0.41,0.38,0.0,0.0,0.0,0.39,1.0,portsweep
0,icmp,eco_i,SF,8,0,0,0,0,0,0,0,0,0,0,0,0,0,0,0,0,0,1,50,0.0,0.0,0.0,0.0,1.0,0.0,1.0,2,20,1.0,0.0,1.0,0.5,0.0,0.0,0.0,0.0,ipsweep
0,icmp,eco_i,SF,8,0,0,0,0,0,0,0,0,0,0,0,0,0,0,0,0,0,1,38,0.0,0.0,0.0,0.0,1.0,0.0,1.0,2,62,1.0,0.0,1.0,0.52,0.0,0.0,0.0,0.0,ipsweep
0,tcp,ftp_data,SF,965,0,0,0,0,0,0,0,0,0,0,0,0,0,0,0,0,0,20,20,0.0,0.0,0.0,0.0,1.0,0.0,0.0,255,26,0.1,0.45,0.1,0.0,0.0,0.0,0.0,0.0,normal
0,udp,private,SF,1,4,0,0,0,0,0,0,0,0,0,0,0,0,0,0,0,0,20,3,0.0,0.0,0.0,0.0,0.15,0.15,0.0,255,3,0.01,0.73,0.29,0.0,0.16,0.0,0.55,0.0,satan
0,tcp,http,SF,201,760,0,0,0,0,0,1,0,0,0,0,0,0,0,0,0,0,26,26,0.0,0.0,0.0,0.0,1.0,0.0,0.0,255,255,1.0,0.0,0.0,0.0,0.0,0.0,0.0,0.0,normal
0,tcp,http,S0,0,0,0,0,0,0,0,0,0,0,0,0,0,0,0,0,0,0,135,2,0.03,1.0,0.97,0.0,0.01,0.58,0.0,255,2,0.01,0.31,0.53,0.0,0.02,1.0,0.52,0.0,portsweep
0,udp,other,SF,1,0,0,0,0,0,0,0,0,0,0,0,0,0,0,0,0,0,3,3,0.0,0.0,0.0,0.0,1.0,0.0,0.0,255,3,0.01,0.23,1.0,0.0,0.0,0.0,0.0,0.0,satan
0,icmp,eco_i,SF,8,0,0,0,0,0,0,0,0,0,0,0,0,0,0,0,0,0,1,26,0.0,0.0,0.0,0.0,1.0,0.0,1.0,1,207,1.0,0.0,1.0,0.5,0.0,0.0,0.0,0.0,ipsweep
1,tcp,ftp_data,SF,501760,0,0,0,0,0,0,1,0,0,0,0,0,0,0,0,0,0,2,2,0.0,0.0,0.0,0.0,1.0,0.0,0.0,65,101,0.38,0.06,0.38,0.02,0.0,0.01,0.0,0.0,normal
0,tcp,http,SF,318,9271,0,0,0,0,0,1,0,0,0,0,0,0,0,0,0,0,20,20,0.0,0.0,0.0,0.0,1.0,0.0,0.0,20,255,1.0,0.0,0.05,0.05,0.0,0.0,0.0,0.0,normal
0,udp,private,SF,105,147,0,0,0,0,0,0,0,0,0,0,0,0,0,0,0,0,8,2,0.0,0.0,0.0,0.0,0.25,0.25,0.0,255,237,0.93,0.01,0.01,0.0,0.0,0.0,0.0,0.0,normal
0,tcp,private,REJ,0,0,0,0,0,0,0,0,0,0,0,0,0,0,0,0,0,0,286,1,0.11,0.0,0.88,1.0,0.0,1.0,0.0,255,1,0.0,1.0,0.0,0.0,0.11,0.0,0.89,1.0,satan
0,icmp,eco_i,SF,8,0,0,0,0,0,0,0,0,0,0,0,0,0,0,0,0,0,1,42,0.0,0.0,0.0,0.0,1.0,0.0,1.0,1,5,1.0,0.0,1.0,0.6,0.0,0.0,0.0,0.0,ipsweep
0,tcp,other,REJ,0,0,0,0,0,0,0,0,0,0,0,0,0,0,0,0,0,0,511,1,0.21,0.0,0.79,1.0,0.0,1.0,0.0,255,1,0.0,1.0,0.0,0.0,0.22,0.0,0.78,1.0,satan
0,tcp,other,REJ,0,0,0,0,0,0,0,0,0,0,0,0,0,0,0,0,0,0,415,1,0.08,0.0,0.91,1.0,0.0,1.0,0.0,255,1,0.0,1.0,0.0,0.0,0.11,0.0,0.89,1.0,satan
0,tcp,smtp,SF,754,330,0,0,0,0,0,1,0,0,0,0,0,0,0,0,0,0,1,1,0.0,0.0,0.0,0.0,1.0,0.0,0.0,217,245,0.96,0.01,0.0,0.01,0.0,0.0,0.0,0.0,normal
0,tcp,smtp,SF,0,84,0,0,0,0,0,1,0,0,0,0,0,0,0,0,0,0,1,1,0.0,0.0,0.0,0.0,1.0,0.0,0.0,6,64,0.17,1.0,0.17,0.05,0.0,0.0,0.83,0.02,ipsweep
0,udp,other,SF,1,0,0,0,0,0,0,0,0,0,0,0,0,0,0,0,0,0,3,3,0.0,0.0,0.0,0.0,1.0,0.0,0.0,255,3,0.01,0.16,1.0,0.0,0.0,0.0,0.0,0.0,satan
0,tcp,private,REJ,0,0,0,0,0,0,0,0,0,0,0,0,0,0,0,0,0,0,206,1,0.09,0.0,0.9,1.0,0.0,1.0,0.0,255,1,0.0,0.9,0.0,0.0,0.07,0.0,0.74,1.0,satan
0,tcp,csnet_ns,S0,0,0,0,0,0,0,0,0,0,0,0,0,0,0,0,0,0,0,278,17,1.0,1.0,0.0,0.0,0.06,0.06,0.0,255,17,0.07,0.07,0.0,0.0,1.0,1.0,0.0,0.0,neptune
0,tcp,http,SF,258,830,0,0,0,0,0,1,0,0,0,0,0,0,0,0,0,0,35,35,0.0,0.0,0.0,0.0,1.0,0.0,0.0,255,255,1.0,0.0,0.0,0.0,0.0,0.0,0.0,0.0,normal
0,tcp,http,SF,254,1947,0,0,0,0,0,1,0,0,0,0,0,0,0,0,0,0,5,6,0.0,0.0,0.0,0.0,1.0,0.0,0.33,255,235,0.92,0.01,0.0,0.0,0.0,0.0,0.0,0.0,normal
0,tcp,other,REJ,0,0,0,0,0,0,0,0,0,0,0,0,0,0,0,0,0,0,451,1,0.08,0.0,0.9,1.0,0.0,1.0,0.0,255,1,0.0,1.0,0.0,0.0,0.08,0.0,0.91,1.0,satan
0,icmp,eco_i,SF,18,0,0,0,0,0,0,0,0,0,0,0,0,0,0,0,0,0,1,1,0.0,0.0,0.0,0.0,1.0,0.0,0.0,1,142,1.0,0.0,1.0,1.0,0.0,0.0,0.0,0.0,ipsweep
0,udp,other,SF,1,0,0,0,0,0,0,0,0,0,0,0,0,0,0,0,0,0,3,3,0.0,0.0,0.0,0.0,1.0,0.0,0.0,255,3,0.01,0.2,1.0,0.0,0.0,0.0,0.0,0.0,satan
0,udp,private,SF,1,0,0,0,0,0,0,0,0,0,0,0,0,0,0,0,0,0,14,8,0.0,0.0,0.0,0.0,0.57,0.36,0.0,255,8,0.03,0.79,0.25,0.0,0.1,0.0,0.65,0.0,satan
0,tcp,systat,S0,0,0,0,0,0,0,0,0,0,0,0,0,0,0,0,0,0,0,124,20,1.0,1.0,0.0,0.0,0.16,0.07,0.0,255,20,0.08,0.07,0.0,0.0,1.0,1.0,0.0,0.0,neptune
0,icmp,eco_i,SF,8,0,0,0,0,0,0,0,0,0,0,0,0,0,0,0,0,0,1,22,0.0,0.0,0.0,0.0,1.0,0.0,1.0,1,145,1.0,0.0,1.0,0.5,0.0,0.0,0.0,0.0,ipsweep
0,tcp,private,REJ,0,0,0,0,0,0,0,0,0,0,0,0,0,0,0,0,0,0,1,1,0.0,0.0,1.0,1.0,1.0,0.0,0.0,56,2,0.02,1.0,0.02,1.0,0.0,0.0,0.93,1.0,ipsweep
0,udp,private,SF,1,0,0,0,0,0,0,0,0,0,0,0,0,0,0,0,0,0,31,5,0.0,0.0,0.0,0.0,0.16,0.1,0.0,255,8,0.03,0.93,0.08,0.0,0.13,0.0,0.79,0.0,satan
6,tcp,uucp_path,RSTR,0,0,0,0,0,0,0,0,0,0,0,0,0,0,0,0,0,0,1,1,0.0,0.0,1.0,1.0,1.0,0.0,0.0,255,1,0.0,0.46,0.46,0.0,0.0,0.0,0.46,1.0,portsweep
0,tcp,private,S0,0,0,0,0,0,0,0,0,0,0,0,0,0,0,0,0,0,0,58,18,1.0,1.0,0.0,0.0,0.31,0.05,0.0,255,6,0.02,0.07,0.0,0.0,1.0,1.0,0.0,0.0,neptune
0,tcp,time,RSTO,0,0,0,0,0,0,0,0,0,0,0,0,0,0,0,0,0,0,130,2,0.0,0.0,1.0,1.0,0.02,0.07,0.0,255,2,0.01,0.07,0.0,0.0,0.0,0.0,1.0,1.0,neptune
0,tcp,private,SH,0,0,0,0,0,0,0,0,0,0,0,0,0,0,0,0,0,0,1,1,1.0,1.0,0.0,0.0,1.0,0.0,0.0,112,1,0.01,0.91,0.93,0.0,0.93,1.0,0.0,0.0,nmap
0,icmp,eco_i,SF,8,0,0,0,0,0,0,0,0,0,0,0,0,0,0,0,0,0,1,28,0.0,0.0,0.0,0.0,1.0,0.0,1.0,1,38,1.0,0.0,1.0,0.53,0.0,0.0,0.0,0.0,ipsweep
4304,udp,other,SF,146,105,0,0,0,0,0,0,0,0,0,0,0,0,0,0,0,0,1,1,0.0,0.0,0.0,0.0,1.0,0.0,0.0,255,3,0.01,0.65,0.95,0.0,0.0,0.0,0.0,0.0,normal
0,icmp,eco_i,SF,18,0,0,0,0,0,0,0,0,0,0,0,0,0,0,0,0,0,1,1,0.0,0.0,0.0,0.0,1.0,0.0,0.0,1,157,1.0,0.0,1.0,0.25,0.0,0.0,0.0,0.0,ipsweep
0,udp,private,SF,100,0,0,0,0,0,0,0,0,0,0,0,0,0,0,0,0,0,3,3,0.0,0.0,0.0,0.0,1.0,0.0,0.0,134,24,0.18,0.01,0.18,0.0,0.0,0.0,0.0,0.0,nmap
0,tcp,ftp,SF,1235,2451,0,0,0,28,0,1,0,0,0,0,0,0,0,0,0,1,2,1,0.0,0.0,0.0,0.0,0.5,1.0,0.0,183,11,0.06,0.03,0.01,0.0,0.01,0.0,0.01,0.0,warezclient
0,tcp,ctf,S0,0,0,0,0,0,0,0,0,0,0,0,0,0,0,0,0,0,0,209,23,1.0,1.0,0.0,0.0,0.11,0.05,0.0,255,23,0.09,0.05,0.0,0.0,1.0,1.0,0.0,0.0,neptune
0,tcp,private,S0,0,0,0,0,0,0,0,0,0,0,0,0,0,0,0,0,0,0,146,11,1.0,1.0,0.0,0.0,0.08,0.05,0.0,255,10,0.04,0.06,0.0,0.0,1.0,1.0,0.0,0.0,neptune
0,tcp,other,REJ,0,0,0,0,0,0,0,0,0,0,0,0,0,0,0,0,0,0,511,1,0.18,0.0,0.82,1.0,0.0,1.0,0.0,255,1,0.0,1.0,0.0,0.0,0.19,0.0,0.81,1.0,satan
0,tcp,private,RSTR,0,0,0,0,0,0,0,0,0,0,0,0,0,0,0,0,0,0,1,1,0.0,0.0,1.0,1.0,1.0,0.0,0.0,189,1,0.01,0.48,0.48,0.0,0.0,0.0,0.48,1.0,portsweep
0,icmp,eco_i,SF,8,0,0,0,0,0,0,0,0,0,0,0,0,0,0,0,0,0,1,17,0.0,0.0,0.0,0.0,1.0,0.0,1.0,1,28,1.0,0.0,1.0,0.54,0.0,0.0,0.0,0.0,ipsweep
0,tcp,other,REJ,0,0,0,0,0,0,0,0,0,0,0,0,0,0,0,0,0,0,511,1,0.15,0.0,0.85,1.0,0.0,1.0,0.0,255,1,0.0,1.0,0.0,0.0,0.12,0.0,0.88,1.0,satan
0,tcp,http,SF,271,411,0,0,0,0,0,1,0,0,0,0,0,0,0,0,0,0,29,30,0.0,0.0,0.0,0.0,1.0,0.0,0.07,29,255,1.0,0.0,0.03,0.02,0.0,0.0,0.0,0.0,normal
0,tcp,klogin,REJ,0,0,0,0,0,0,0,0,0,0,0,0,0,0,0,0,0,0,2,1,0.0,0.0,1.0,1.0,0.5,1.0,0.0,255,1,0.0,1.0,1.0,0.0,0.0,0.0,1.0,1.0,portsweep
0,tcp,ftp_data,S0,0,0,0,0,0,0,0,0,0,0,0,0,0,0,0,0,0,0,203,1,0.65,1.0,0.35,0.0,0.0,0.41,0.0,255,1,0.0,0.33,0.8,0.0,0.52,1.0,0.28,0.0,portsweep
0,udp,other,SF,1,0,0,0,0,0,0,0,0,0,0,0,0,0,0,0,0,0,3,3,0.0,0.0,0.0,0.0,1.0,0.0,0.0,255,3,0.01,0.2,0.57,0.0,0.0,0.0,0.37,0.0,satan
0,tcp,http,SF,300,11379,0,0,0,0,0,1,0,0,0,0,0,0,0,0,0,0,5,5,0.0,0.0,0.0,0.0,1.0,0.0,0.0,13,255,1.0,0.0,0.08,0.04,0.0,0.0,0.0,0.0,normal
0,udp,private,SF,1,0,0,0,0,0,0,0,0,0,0,0,0,0,0,0,0,0,10,1,0.0,0.0,0.0,0.0,0.1,0.8,0.0,255,1,0.0,0.27,1.0,0.0,0.0,0.0,0.0,0.0,satan
0,tcp,other,RSTR,0,0,0,0,0,0,0,0,0,0,0,0,0,0,0,0,0,0,1,1,0.0,0.0,1.0,1.0,1.0,0.0,0.0,255,1,0.0,0.62,1.0,0.0,0.0,0.0,1.0,1.0,portsweep
0,tcp,telnet,S1,1536,13968,0,0,0,0,0,1,2,0,0,0,7,0,0,0,0,0,1,1,1.0,1.0,0.0,0.0,1.0,0.0,0.0,255,7,0.03,0.07,0.0,0.0,0.84,0.14,0.0,0.0,normal
0,icmp,eco_i,SF,8,0,0,0,0,0,0,0,0,0,0,0,0,0,0,0,0,0,1,43,0.0,0.0,0.0,0.0,1.0,0.0,1.0,1,87,1.0,0.0,1.0,0.51,0.0,0.0,0.0,0.0,ipsweep
0,tcp,private,REJ,0,0,0,0,0,0,0,0,0,0,0,0,0,0,0,0,0,0,190,1,0.07,0.0,0.87,1.0,0.01,0.99,0.0,255,1,0.0,0.75,0.0,0.0,0.05,0.0,0.65,1.0,satan
0,tcp,other,REJ,0,0,0,0,0,0,0,0,0,0,0,0,0,0,0,0,0,0,409,1,0.09,0.0,0.91,1.0,0.0,1.0,0.0,255,1,0.0,1.0,0.0,0.0,0.11,0.0,0.89,1.0,satan
6,tcp,other,SF,0,0,0,0,0,0,0,0,0,0,0,0,0,0,0,0,0,0,1,1,0.0,0.0,0.0,0.0,1.0,0.0,0.0,6,1,0.17,0.67,0.17,0.0,0.0,0.0,0.0,0.0,satan
0,tcp,private,REJ,0,0,0,0,0,0,0,0,0,0,0,0,0,0,0,0,0,0,1,1,0.0,0.0,1.0,1.0,1.0,0.0,0.0,70,1,0.01,1.0,0.01,0.0,0.0,0.0,0.91,1.0,ipsweep
0,tcp,other,REJ,0,0,0,0,0,0,0,0,0,0,0,0,0,0,0,0,0,0,488,1,0.07,0.0,0.92,1.0,0.0,1.0,0.0,255,1,0.0,1.0,0.0,0.0,0.04,0.0,0.96,1.0,satan
0,icmp,eco_i,SF,8,0,0,0,0,0,0,0,0,0,0,0,0,0,0,0,0,0,1,35,0.0,0.0,0.0,0.0,1.0,0.0,1.0,2,128,1.0,0.0,1.0,0.5,0.0,0.0,0.0,0.0,ipsweep
0,udp,domain_u,SF,46,46,0,0,0,0,0,0,0,0,0,0,0,0,0,0,0,0,3,6,0.0,0.0,0.0,0.0,1.0,0.0,0.33,255,249,0.98,0.01,0.11,0.0,0.0,0.0,0.0,0.0,normal
0,tcp,other,REJ,0,0,0,0,0,0,0,0,0,0,0,0,0,0,0,0,0,0,452,1,0.08,0.0,0.92,1.0,0.0,1.0,0.0,255,1,0.0,1.0,0.0,0.0,0.06,0.0,0.94,1.0,satan
0,tcp,ftp_data,SF,6062,0,0,0,0,0,0,1,0,0,0,0,0,0,0,0,0,0,14,14,0.0,0.0,0.0,0.0,1.0,0.0,0.0,162,45,0.28,0.02,0.28,0.0,0.0,0.0,0.0,0.0,normal
0,udp,other,SF,1,0,0,0,0,0,0,0,0,0,0,0,0,0,0,0,0,0,4,1,0.0,0.0,0.0,0.0,0.25,0.5,0.0,255,1,0.0,0.23,1.0,0.0,0.0,0.0,0.0,0.0,satan
0,icmp,eco_i,SF,8,0,0,0,0,0,0,0,0,0,0,0,0,0,0,0,0,0,1,19,0.0,0.0,0.0,0.0,1.0,0.0,1.0,2,90,1.0,0.0,1.0,0.5,0.0,0.0,0.0,0.0,ipsweep
0,tcp,other,REJ,0,0,0,0,0,0,0,0,0,0,0,0,0,0,0,0,0,0,510,1,0.2,0.0,0.8,1.0,0.0,1.0,0.0,255,1,0.0,1.0,0.0,0.0,0.12,0.0,0.88,1.0,satan
0,tcp,ftp_data,SF,37,0,0,0,0,0,0,1,0,0,0,0,0,0,0,0,0,0,2,2,0.0,0.0,0.0,0.0,1.0,0.0,0.0,255,42,0.16,0.05,0.16,0.0,0.41,0.0,0.02,0.0,normal
0,icmp,eco_i,SF,8,0,0,0,0,0,0,0,0,0,0,0,0,0,0,0,0,0,1,8,0.0,0.0,0.0,0.0,1.0,0.0,1.0,2,24,1.0,0.0,1.0,0.5,0.0,0.0,0.0,0.0,ipsweep
0,tcp,private,REJ,0,0,0,0,0,0,0,0,0,0,0,0,0,0,0,0,0,0,422,1,0.0,0.0,1.0,1.0,0.0,0.52,0.0,255,1,0.0,0.52,1.0,0.0,0.0,0.0,1.0,1.0,portsweep
2,tcp,private,RSTR,0,0,0,0,0,0,0,0,0,0,0,0,0,0,0,0,0,0,409,2,0.0,0.0,1.0,1.0,0.0,0.52,0.0,255,2,0.01,0.52,1.0,0.0,0.0,0.0,1.0,1.0,portsweep
0,icmp,eco_i,SF,8,0,0,0,0,0,0,0,0,0,0,0,0,0,0,0,0,0,1,42,0.0,0.0,0.0,0.0,1.0,0.0,1.0,2,12,1.0,0.0,1.0,0.5,0.0,0.0,0.0,0.0,ipsweep
0,tcp,http,REJ,0,0,0,0,0,0,0,0,0,0,0,0,0,0,0,0,0,0,1,1,0.0,0.0,1.0,1.0,1.0,0.0,0.0,50,254,1.0,0.0,0.02,0.14,0.0,0.0,1.0,1.0,normal
0,tcp,private,S0,0,0,0,0,0,0,0,0,0,0,0,0,0,0,0,0,0,0,359,1,0.04,1.0,0.94,0.0,0.0,1.0,0.0,255,1,0.0,1.0,0.0,0.0,0.05,1.0,0.95,0.0,satan
0,udp,private,SF,1,0,0,0,0,0,0,0,0,0,0,0,0,0,0,0,0,0,30,26,0.0,0.0,0.0,0.0,0.87,0.07,0.0,255,31,0.12,0.68,0.36,0.0,0.05,0.0,0.59,0.0,satan
0,tcp,ftp_data,SF,491,0,0,0,0,0,0,0,0,0,0,0,0,0,0,0,0,0,2,2,0.0,0.0,0.0,0.0,1.0,0.0,0.0,156,54,0.23,0.03,0.23,0.04,0.0,0.0,0.03,0.0,normal
0,icmp,eco_i,SF,8,0,0,0,0,0,0,0,0,0,0,0,0,0,0,0,0,0,1,10,0.0,0.0,0.0,0.0,1.0,0.0,1.0,1,53,1.0,0.0,1.0,0.51,0.0,0.0,0.0,0.0,ipsweep
0,icmp,eco_i,SF,8,0,0,0,0,0,0,0,0,0,0,0,0,0,0,0,0,0,1,44,0.0,0.0,0.0,0.0,1.0,0.0,1.0,1,95,1.0,0.0,1.0,0.51,0.0,0.0,0.0,0.0,ipsweep
0,udp,private,SF,1,4,0,0,0,0,0,0,0,0,0,0,0,0,0,0,0,0,24,7,0.0,0.0,0.0,0.0,0.29,0.12,0.0,255,7,0.03,0.72,0.31,0.0,0.16,0.0,0.54,0.0,satan
0,tcp,csnet_ns,S0,0,0,0,0,0,0,0,0,0,0,0,0,0,0,0,0,0,0,126,4,1.0,1.0,0.0,0.0,0.03,0.05,0.0,255,4,0.02,0.05,0.0,0.0,1.0,1.0,0.0,0.0,neptune
0,tcp,smtp,SF,1519,324,0,0,0,0,0,1,0,0,0,0,0,0,0,0,0,0,1,1,0.0,0.0,0.0,0.0,1.0,0.0,0.0,202,135,0.67,0.02,0.0,0.0,0.0,0.0,0.0,0.0,normal
0,tcp,http,SF,0,20256,0,0,0,0,0,0,0,0,0,0,0,0,0,0,0,0,7,7,0.14,0.14,0.0,0.0,1.0,0.0,0.0,7,255,1.0,0.0,0.14,0.05,0.14,0.0,0.0,0.0,normal
0,udp,domain_u,SF,44,135,0,0,0,0,0,0,0,0,0,0,0,0,0,0,0,0,67,147,0.0,0.0,0.0,0.0,1.0,0.0,0.01,255,254,1.0,0.01,0.0,0.0,0.0,0.0,0.0,0.0,normal
0,tcp,http,SF,291,1745,0,0,0,0,0,1,0,0,0,0,0,0,0,0,0,0,8,24,0.0,0.0,0.0,0.0,1.0,0.0,0.17,62,255,1.0,0.0,0.02,0.01,0.0,0.0,0.0,0.0,normal
41285,tcp,remote_job,RSTR,1,0,0,0,0,0,0,0,0,0,0,0,0,0,0,0,0,0,2,2,0.0,0.0,1.0,1.0,1.0,0.0,0.0,255,2,0.01,0.28,0.56,0.0,0.0,0.0,0.56,1.0,portsweep
0,tcp,ftp_data,SF,1766,0,0,0,0,0,0,1,0,0,0,0,0,0,0,0,0,0,1,1,0.0,0.0,0.0,0.0,1.0,0.0,0.0,62,65,0.1,0.05,0.1,0.03,0.0,0.25,0.0,0.0,normal
0,icmp,eco_i,SF,8,0,0,0,0,0,0,0,0,0,0,0,0,0,0,0,0,0,1,38,0.0,0.0,0.0,0.0,1.0,0.0,1.0,4,144,1.0,0.0,1.0,0.25,0.0,0.0,0.0,0.0,nmap
0,tcp,gopher,REJ,0,0,0,0,0,0,0,0,0,0,0,0,0,0,0,0,0,0,2,1,0.0,0.0,1.0,1.0,0.5,1.0,0.0,255,1,0.0,0.16,0.13,0.0,0.0,0.0,0.14,1.0,portsweep
0,udp,private,SF,1,26,0,0,0,0,0,0,0,0,0,0,0,0,0,0,0,0,23,10,0.0,0.0,0.0,0.0,0.43,0.13,0.0,255,10,0.04,0.83,0.18,0.0,0.16,0.0,0.66,0.0,satan
0,udp,private,SF,1,0,0,0,0,0,0,0,0,0,0,0,0,0,0,0,0,0,124,104,0.0,0.0,0.0,0.0,0.84,0.03,0.0,255,154,0.6,0.05,1.0,0.0,0.0,0.0,0.0,0.0,satan
0,udp,private,SF,207,0,0,0,0,0,0,0,0,0,0,0,0,0,0,0,0,0,2,2,0.0,0.0,0.0,0.0,1.0,0.0,0.0,78,70,0.9,0.03,0.9,0.0,0.0,0.0,0.0,0.0,nmap
1,tcp,ftp_data,SF,501760,0,0,0,0,0,0,1,0,0,0,0,0,0,0,0,0,0,2,4,0.0,0.0,0.0,0.0,1.0,0.0,0.5,80,80,0.26,0.04,0.26,0.03,0.0,0.0,0.0,0.0,normal
0,icmp,eco_i,SF,8,0,0,0,0,0,0,0,0,0,0,0,0,0,0,0,0,0,1,16,0.0,0.0,0.0,0.0,1.0,0.0,1.0,2,134,1.0,0.0,1.0,0.5,0.0,0.0,0.0,0.0,ipsweep
0,tcp,private,REJ,0,0,0,0,0,0,0,0,0,0,0,0,0,0,0,0,0,0,383,1,0.06,0.0,0.92,1.0,0.0,1.0,0.0,255,1,0.0,1.0,0.0,0.0,0.09,0.0,0.91,1.0,satan
0,icmp,eco_i,SF,8,0,0,0,0,0,0,0,0,0,0,0,0,0,0,0,0,0,1,46,0.0,0.0,0.0,0.0,1.0,0.0,1.0,1,21,1.0,0.0,1.0,0.52,0.0,0.0,0.0,0.0,ipsweep
0,tcp,daytime,REJ,0,0,0,0,0,0,0,0,0,0,0,0,0,0,0,0,0,0,15,1,0.0,0.0,1.0,1.0,0.07,0.53,0.0,185,1,0.01,0.06,0.08,0.0,0.01,0.0,0.35,1.0,portsweep
0,tcp,private,S0,0,0,0,0,0,0,0,0,0,0,0,0,0,0,0,0,0,0,260,2,1.0,1.0,0.0,0.0,0.01,0.06,0.0,255,2,0.01,0.09,0.0,0.0,1.0,1.0,0.0,0.0,neptune
5057,tcp,ftp_data,SF,5133876,0,0,0,0,1,0,1,0,0,0,0,0,0,0,0,0,0,1,1,0.0,0.0,0.0,0.0,1.0,0.0,0.0,4,15,1.0,0.0,1.0,0.13,0.0,0.0,0.0,0.0,warezclient
0,icmp,eco_i,SF,8,0,0,0,0,0,0,0,0,0,0,0,0,0,0,0,0,0,1,34,0.0,0.0,0.0,0.0,1.0,0.0,1.0,1,139,1.0,0.0,1.0,0.5,0.0,0.0,0.0,0.0,ipsweep
0,icmp,ecr_i,SF,1032,0,0,0,0,0,0,0,0,0,0,0,0,0,0,0,0,0,511,511,0.0,0.0,0.0,0.0,1.0,0.0,0.0,204,110,0.54,0.03,0.54,0.0,0.01,0.0,0.31,0.0,smurf
0,tcp,private,RSTR,0,0,0,0,0,0,0,0,0,0,0,0,0,0,0,0,0,0,1,1,0.0,0.0,1.0,1.0,1.0,0.0,0.0,130,1,0.01,0.63,0.63,0.0,0.05,0.0,0.62,1.0,portsweep
30,tcp,ftp,SF,1466,4152,0,0,0,30,0,1,0,0,0,0,0,0,0,0,0,1,1,1,0.0,0.0,0.0,0.0,1.0,0.0,0.0,92,19,0.21,0.04,0.01,0.0,0.0,0.0,0.0,0.0,normal
0,tcp,private,RSTR,0,0,0,0,0,0,0,0,0,0,0,0,0,0,0,0,0,0,1,1,0.0,0.0,1.0,1.0,1.0,0.0,0.0,255,1,0.0,0.29,0.56,0.0,0.0,0.0,0.56,1.0,portsweep
0,tcp,other,REJ,0,0,0,0,0,0,0,0,0,0,0,0,0,0,0,0,0,0,408,1,0.07,0.0,0.9,1.0,0.0,1.0,0.0,255,1,0.0,1.0,0.0,0.0,0.08,0.0,0.91,1.0,satan
0,tcp,other,REJ,0,0,0,0,0,0,0,0,0,0,0,0,0,0,0,0,0,0,509,1,0.2,0.0,0.8,1.0,0.0,1.0,0.0,255,1,0.0,1.0,0.0,0.0,0.09,0.0,0.91,1.0,satan
0,icmp,eco_i,SF,18,0,0,0,0,0,0,0,0,0,0,0,0,0,0,0,0,0,1,1,0.0,0.0,0.0,0.0,1.0,0.0,0.0,1,143,1.0,0.0,1.0,1.0,0.0,0.0,0.0,0.0,ipsweep
3,tcp,private,REJ,0,0,0,0,0,0,0,0,0,0,0,0,0,0,0,0,0,0,232,1,0.04,0.0,0.94,1.0,0.0,1.0,0.0,255,1,0.0,0.93,0.0,0.0,0.04,0.0,0.86,1.0,satan
0,udp,other,SF,1,0,0,0,0,0,0,0,0,0,0,0,0,0,0,0,0,0,14,1,0.0,0.0,0.0,0.0,0.07,0.57,0.0,255,1,0.0,0.11,0.35,0.0,0.0,0.0,0.58,0.0,satan
21601,tcp,private,RSTR,1,0,0,0,0,0,0,0,0,0,0,0,0,0,0,0,0,0,2,2,0.0,0.0,1.0,1.0,1.0,0.0,0.0,255,2,0.01,0.72,1.0,0.0,0.0,0.0,1.0,1.0,portsweep
0,icmp,eco_i,SF,8,0,0,0,0,0,0,0,0,0,0,0,0,0,0,0,0,0,1,6,0.0,0.0,0.0,0.0,1.0,0.0,1.0,1,7,1.0,0.0,1.0,0.57,0.0,0.0,0.0,0.0,ipsweep
0,udp,private,SF,1,0,0,0,0,0,0,0,0,0,0,0,0,0,0,0,0,0,143,123,0.0,0.0,0.0,0.0,0.86,0.03,0.0,255,165,0.65,0.05,1.0,0.0,0.0,0.0,0.0,0.0,satan
13141,tcp,other,RSTR,1,0,0,0,0,0,0,0,0,0,0,0,0,0,0,0,0,0,2,2,0.0,0.0,1.0,1.0,1.0,0.0,0.0,255,2,0.01,0.68,1.0,0.0,0.0,0.0,1.0,1.0,portsweep
28,tcp,ftp,SF,701,2070,0,0,0,14,0,1,0,0,0,0,0,0,0,0,0,1,1,1,0.0,0.0,0.0,0.0,1.0,0.0,0.0,169,44,0.26,0.04,0.01,0.0,0.01,0.0,0.0,0.0,normal
0,tcp,supdup,SH,0,0,0,0,0,0,0,0,0,0,0,0,0,0,0,0,0,0,1,1,1.0,1.0,0.0,0.0,1.0,0.0,0.0,215,1,0.0,0.95,0.96,0.0,0.96,1.0,0.0,0.0,nmap
0,tcp,private,REJ,0,0,0,0,0,0,0,0,0,0,0,0,0,0,0,0,0,0,77,1,0.01,0.0,0.92,1.0,0.01,1.0,0.0,255,1,0.0,0.33,0.0,0.0,0.0,0.0,0.29,1.0,satan
1,tcp,finger,SF,10,0,0,0,0,0,0,0,0,0,0,0,0,0,0,0,0,0,4,3,0.0,0.0,0.0,0.0,0.75,0.5,0.0,107,10,0.06,0.06,0.01,0.2,0.0,0.0,0.0,0.0,satan
0,tcp,private,SH,0,0,0,0,0,0,0,0,0,0,0,0,0,0,0,0,0,0,1,1,1.0,1.0,0.0,0.0,1.0,0.0,0.0,99,1,0.01,0.9,0.92,0.0,0.92,1.0,0.0,0.0,nmap
1,tcp,smtp,SF,692,328,0,0,0,0,0,1,0,0,0,0,0,0,0,0,0,0,1,3,0.0,0.0,0.0,0.0,1.0,0.0,1.0,236,112,0.47,0.05,0.0,0.0,0.01,0.0,0.0,0.0,normal
0,tcp,private,RSTR,0,0,0,0,0,0,0,0,0,0,0,0,0,0,0,0,0,0,1,1,0.0,0.0,1.0,1.0,1.0,0.0,0.0,255,1,0.0,0.79,0.79,0.0,0.0,0.0,0.78,1.0,portsweep
0,tcp,http,SF,318,1663,0,0,0,0,0,1,0,0,0,0,0,0,0,0,0,0,22,22,0.0,0.0,0.0,0.0,1.0,0.0,0.0,22,255,1.0,0.0,0.05,0.05,0.0,0.0,0.0,0.0,normal
27740,tcp,private,RSTR,1,0,0,0,0,0,0,0,0,0,0,0,0,0,0,0,0,0,2,2,0.0,0.0,1.0,1.0,1.0,0.0,0.0,255,2,0.01,0.73,1.0,0.0,0.0,0.0,1.0,1.0,portsweep
0,icmp,eco_i,SF,8,0,0,0,0,0,0,0,0,0,0,0,0,0,0,0,0,0,1,45,0.0,0.0,0.0,0.0,1.0,0.0,1.0,2,100,1.0,0.0,1.0,0.5,0.0,0.0,0.0,0.0,ipsweep
0,udp,private,SF,1,0,0,0,0,0,0,0,0,0,0,0,0,0,0,0,0,0,13,5,0.0,0.0,0.0,0.0,0.38,0.31,0.0,255,5,0.02,0.22,1.0,0.0,0.0,0.0,0.0,0.0,satan
41218,tcp,private,RSTR,1,0,0,0,0,0,0,0,0,0,0,0,0,0,0,0,0,0,2,2,0.0,0.0,1.0,1.0,1.0,0.0,0.0,255,2,0.01,0.29,0.57,0.0,0.0,0.0,0.57,1.0,portsweep
0,tcp,private,REJ,0,0,0,0,0,0,0,0,0,0,0,0,0,0,0,0,0,0,1,1,0.0,0.0,1.0,1.0,1.0,0.0,0.0,71,2,0.01,1.0,0.01,1.0,0.0,0.0,0.92,1.0,ipsweep
0,icmp,eco_i,SF,8,0,0,0,0,0,0,0,0,0,0,0,0,0,0,0,0,0,1,7,0.0,0.0,0.0,0.0,1.0,0.0,1.0,2,255,1.0,0.0,1.0,0.5,0.0,0.0,0.0,0.0,ipsweep
23080,tcp,private,RSTR,0,0,0,0,0,0,0,0,0,0,0,0,0,0,0,0,0,0,1,1,0.0,0.0,1.0,1.0,1.0,0.0,0.0,84,1,0.01,0.15,0.14,0.0,0.0,0.0,0.14,1.0,portsweep
0,icmp,eco_i,SF,8,0,0,0,0,0,0,0,0,0,0,0,0,0,0,0,0,0,1,42,0.0,0.0,0.0,0.0,1.0,0.0,1.0,2,110,1.0,0.0,1.0,0.5,0.0,0.0,0.0,0.0,ipsweep
30775,tcp,private,RSTR,1,0,0,0,0,0,0,0,0,0,0,0,0,0,0,0,0,0,2,2,0.0,0.0,1.0,1.0,1.0,0.0,0.0,255,2,0.01,0.75,1.0,0.0,0.0,0.0,1.0,1.0,portsweep
0,tcp,other,REJ,0,0,0,0,0,0,0,0,0,0,0,0,0,0,0,0,0,0,511,1,0.12,0.0,0.88,1.0,0.0,1.0,0.0,255,1,0.0,1.0,0.0,0.0,0.12,0.0,0.88,1.0,satan
0,icmp,eco_i,SF,8,0,0,0,0,0,0,0,0,0,0,0,0,0,0,0,0,0,1,48,0.0,0.0,0.0,0.0,1.0,0.0,1.0,1,17,1.0,0.0,1.0,0.29,0.0,0.0,0.0,0.0,nmap
0,tcp,other,REJ,0,0,0,0,0,0,0,0,0,0,0,0,0,0,0,0,0,0,318,1,0.1,0.0,0.9,1.0,0.0,1.0,0.0,255,1,0.0,1.0,0.0,0.0,0.09,0.0,0.9,1.0,satan
0,icmp,urp_i,SF,78,0,0,0,0,0,0,0,0,0,0,0,0,0,0,0,0,0,16,1,0.0,0.0,0.0,0.0,0.06,0.12,0.0,255,13,0.05,0.01,0.05,0.0,0.0,0.0,0.0,0.0,normal
0,tcp,other,REJ,0,0,0,0,0,0,0,0,0,0,0,0,0,0,0,0,0,0,511,1,0.21,0.0,0.78,1.0,0.0,1.0,0.0,255,1,0.0,1.0,0.0,0.0,0.27,0.0,0.73,1.0,satan
0,tcp,private,SH,0,0,0,0,0,0,0,0,0,0,0,0,0,0,0,0,0,0,1,1,1.0,1.0,0.0,0.0,1.0,0.0,0.0,214,1,0.0,0.95,0.96,0.0,0.96,1.0,0.0,0.0,nmap
0,udp,private,SF,1,0,0,0,0,0,0,0,0,0,0,0,0,0,0,0,0,0,58,20,0.0,0.0,0.0,0.0,0.34,0.09,0.0,255,54,0.21,0.18,1.0,0.0,0.0,0.0,0.0,0.0,satan
0,udp,private,SF,1,0,0,0,0,0,0,0,0,0,0,0,0,0,0,0,0,0,52,6,0.0,0.0,0.0,0.0,0.12,0.1,0.0,255,6,0.02,0.25,0.8,0.0,0.02,0.0,0.17,0.0,satan
0,tcp,other,REJ,0,0,0,0,0,0,0,0,0,0,0,0,0,0,0,0,0,0,510,1,0.14,0.0,0.86,1.0,0.0,1.0,0.0,255,1,0.0,1.0,0.01,0.0,0.13,0.0,0.87,1.0,satan
0,icmp,eco_i,SF,8,0,0,0,0,0,0,0,0,0,0,0,0,0,0,0,0,0,1,16,0.0,0.0,0.0,0.0,1.0,0.0,1.0,2,13,1.0,0.0,1.0,0.54,0.0,0.0,0.0,0.0,ipsweep
0,udp,private,SF,215,0,0,0,0,0,0,0,0,0,0,0,0,0,0,0,0,0,1,1,0.0,0.0,0.0,0.0,1.0,0.0,0.0,39,31,0.79,0.05,0.79,0.0,0.0,0.0,0.0,0.0,nmap
1,tcp,private,RSTR,0,0,0,0,0,0,0,0,0,0,0,0,0,0,0,0,0,0,4,2,0.0,0.0,1.0,1.0,0.5,0.5,0.0,174,2,0.01,0.03,0.02,0.0,0.01,0.0,0.3,1.0,portsweep
0,icmp,eco_i,SF,8,0,0,0,0,0,0,0,0,0,0,0,0,0,0,0,0,0,1,30,0.0,0.0,0.0,0.0,1.0,0.0,1.0,2,176,1.0,0.0,1.0,0.5,0.0,0.0,0.0,0.0,ipsweep
0,icmp,eco_i,SF,18,0,0,0,0,0,0,0,0,0,0,0,0,0,0,0,0,0,1,1,0.0,0.0,0.0,0.0,1.0,0.0,0.0,3,79,1.0,0.0,1.0,0.25,0.0,0.0,0.0,0.0,ipsweep
0,tcp,private,RSTR,0,0,0,0,0,0,0,0,0,0,0,0,0,0,0,0,0,0,2,1,0.0,0.0,0.5,1.0,0.5,1.0,0.0,255,1,0.0,0.58,1.0,0.0,0.0,0.0,1.0,1.0,portsweep
0,icmp,eco_i,SF,18,0,0,0,0,0,0,0,0,0,0,0,0,0,0,0,0,0,1,1,0.0,0.0,0.0,0.0,1.0,0.0,0.0,1,20,1.0,0.0,1.0,1.0,0.0,0.0,0.0,0.0,ipsweep
0,udp,private,SF,215,0,0,0,0,0,0,0,0,0,0,0,0,0,0,0,0,0,1,1,0.0,0.0,0.0,0.0,1.0,0.0,0.0,53,45,0.85,0.04,0.85,0.0,0.0,0.0,0.0,0.0,nmap
0,udp,private,SF,1,0,0,0,0,0,0,0,0,0,0,0,0,0,0,0,0,0,10,10,0.0,0.0,0.0,0.0,1.0,0.0,0.0,78,10,0.13,0.06,0.17,0.0,0.0,0.0,0.0,0.0,satan
0,udp,private,SF,1,0,0,0,0,0,0,0,0,0,0,0,0,0,0,0,0,0,5,5,0.0,0.0,0.0,0.0,1.0,0.0,0.0,255,76,0.3,0.13,0.93,0.0,0.0,0.0,0.07,0.0,satan
0,tcp,http,REJ,0,0,0,0,0,0,0,0,0,0,0,0,0,0,0,0,0,0,1,8,0.0,0.0,1.0,0.12,1.0,0.0,0.25,43,219,1.0,0.0,0.02,0.18,0.0,0.0,1.0,1.0,normal
0,icmp,eco_i,SF,8,0,0,0,0,0,0,0,0,0,0,0,0,0,0,0,0,0,1,31,0.0,0.0,0.0,0.0,1.0,0.0,1.0,1,51,1.0,0.0,1.0,0.51,0.0,0.0,0.0,0.0,ipsweep
0,tcp,bgp,REJ,0,0,0,0,0,0,0,0,0,0,0,0,0,0,0,0,0,0,115,4,0.0,0.0,1.0,1.0,0.03,0.09,0.0,255,4,0.02,0.07,0.0,0.0,0.0,0.0,1.0,1.0,neptune
0,udp,private,SF,1,0,0,0,0,0,0,0,0,0,0,0,0,0,0,0,0,0,35,6,0.0,0.0,0.0,0.0,0.17,0.11,0.0,255,6,0.02,0.08,0.24,0.0,0.0,0.0,0.67,0.0,satan
30037,tcp,private,RSTR,1,0,0,0,0,0,0,0,0,0,0,0,0,0,0,0,0,0,2,2,0.0,0.0,1.0,1.0,1.0,0.0,0.0,255,2,0.01,0.62,1.0,0.0,0.0,0.0,1.0,1.0,portsweep
0,tcp,gopher,REJ,0,0,0,0,0,0,0,0,0,0,0,0,0,0,0,0,0,0,219,10,0.0,0.0,1.0,1.0,0.05,0.06,0.0,255,10,0.04,0.08,0.0,0.0,0.0,0.0,1.0,1.0,neptune
0,tcp,private,REJ,0,0,0,0,0,0,0,0,0,0,0,0,0,0,0,0,0,0,71,1,0.01,0.0,0.93,1.0,0.01,1.0,0.0,255,1,0.0,0.31,0.0,0.0,0.0,0.0,0.27,1.0,satan
0,udp,private,SF,1,0,0,0,0,0,0,0,0,0,0,0,0,0,0,0,0,0,31,9,0.0,0.0,0.0,0.0,0.29,0.1,0.0,255,54,0.21,0.32,0.72,0.0,0.11,0.0,0.17,0.0,satan
0,udp,domain_u,SF,46,75,0,0,0,0,0,0,0,0,0,0,0,0,0,0,0,0,92,92,0.0,0.0,0.0,0.0,1.0,0.0,0.0,255,168,0.66,0.01,0.0,0.0,0.0,0.0,0.0,0.0,normal
0,icmp,eco_i,SF,8,0,0,0,0,0,0,0,0,0,0,0,0,0,0,0,0,0,1,1,0.0,0.0,0.0,0.0,1.0,0.0,0.0,2,6,1.0,0.0,1.0,0.33,0.0,0.0,0.0,0.0,nmap
0,icmp,eco_i,SF,8,0,0,0,0,0,0,0,0,0,0,0,0,0,0,0,0,0,1,47,0.0,0.0,0.0,0.0,1.0,0.0,1.0,1,85,1.0,0.0,1.0,0.51,0.0,0.0,0.0,0.0,ipsweep
17459,tcp,other,RSTR,1,0,0,0,0,0,0,0,0,0,0,0,0,0,0,0,0,0,2,2,0.0,0.0,1.0,1.0,1.0,0.0,0.0,255,2,0.01,0.73,1.0,0.0,0.0,0.0,1.0,1.0,portsweep
0,tcp,ftp_data,SF,334,0,0,0,0,0,0,1,0,0,0,0,0,0,0,0,0,0,1,1,0.0,0.0,0.0,0.0,1.0,0.0,0.0,12,24,1.0,0.0,1.0,0.17,0.0,0.0,0.0,0.0,warezclient
17904,tcp,other,RSTR,1,0,0,0,0,0,0,0,0,0,0,0,0,0,0,0,0,0,2,2,0.0,0.0,1.0,1.0,1.0,0.0,0.0,255,2,0.01,0.73,1.0,0.0,0.0,0.0,1.0,1.0,portsweep
0,tcp,ftp_data,SF,334,0,0,0,0,0,0,1,0,0,0,0,0,0,0,0,0,0,1,1,0.0,0.0,0.0,0.0,1.0,0.0,0.0,3,23,1.0,0.0,1.0,0.17,0.0,0.0,0.0,0.0,warezclient
0,tcp,ftp_data,SF,3468,0,0,0,0,0,0,0,0,0,0,0,0,0,0,0,0,0,21,21,0.0,0.0,0.0,0.0,1.0,0.0,0.0,200,77,0.38,0.03,0.38,0.0,0.0,0.0,0.0,0.0,normal
0,icmp,eco_i,SF,8,0,0,0,0,0,0,0,0,0,0,0,0,0,0,0,0,0,1,28,0.0,0.0,0.0,0.0,1.0,0.0,1.0,2,112,1.0,0.0,1.0,0.5,0.0,0.0,0.0,0.0,ipsweep
0,icmp,eco_i,SF,8,0,0,0,0,0,0,0,0,0,0,0,0,0,0,0,0,0,1,22,0.0,0.0,0.0,0.0,1.0,0.0,1.0,1,80,1.0,0.0,1.0,0.26,0.0,0.0,0.0,0.0,nmap
0,udp,private,SF,1,0,0,0,0,0,0,0,0,0,0,0,0,0,0,0,0,0,1,1,0.0,0.0,0.0,0.0,1.0,0.0,0.0,255,8,0.03,0.89,0.12,0.0,0.03,0.0,0.85,0.0,satan
0,udp,other,SF,1,0,0,0,0,0,0,0,0,0,0,0,0,0,0,0,0,0,22,2,0.0,0.0,0.0,0.0,0.09,0.32,0.0,255,2,0.01,0.27,0.79,0.0,0.0,0.0,0.18,0.0,satan
0,icmp,eco_i,SF,8,0,0,0,0,0,0,0,0,0,0,0,0,0,0,0,0,0,1,6,0.0,0.0,0.0,0.0,1.0,0.0,1.0,1,29,1.0,0.0,1.0,0.55,0.0,0.0,0.0,0.0,ipsweep
0,udp,domain_u,SF,42,108,0,0,0,0,0,0,0,0,0,0,0,0,0,0,0,0,9,9,0.0,0.0,0.0,0.0,1.0,0.0,0.0,255,253,0.99,0.01,0.0,0.0,0.0,0.0,0.0,0.0,normal
0,udp,private,SF,1,0,0,0,0,0,0,0,0,0,0,0,0,0,0,0,0,0,53,26,0.0,0.0,0.0,0.0,0.49,0.08,0.0,255,92,0.36,0.06,1.0,0.0,0.0,0.0,0.0,0.0,satan
27241,tcp,private,RSTR,1,0,0,0,0,0,0,0,0,0,0,0,0,0,0,0,0,0,2,2,0.0,0.0,1.0,1.0,1.0,0.0,0.0,255,2,0.01,0.74,1.0,0.0,0.0,0.0,1.0,1.0,portsweep
0,tcp,uucp,S0,0,0,0,0,0,0,0,0,0,0,0,0,0,0,0,0,0,0,143,19,1.0,1.0,0.0,0.0,0.13,0.05,0.0,255,19,0.07,0.05,0.0,0.0,1.0,1.0,0.0,0.0,neptune
0,icmp,eco_i,SF,8,0,0,0,0,0,0,0,0,0,0,0,0,0,0,0,0,0,1,12,0.0,0.0,0.0,0.0,1.0,0.0,1.0,1,81,1.0,0.0,1.0,0.51,0.0,0.0,0.0,0.0,ipsweep
22007,tcp,private,RSTR,1,0,0,0,0,0,0,0,0,0,0,0,0,0,0,0,0,0,2,2,0.0,0.0,1.0,1.0,1.0,0.0,0.0,255,2,0.01,0.73,1.0,0.0,0.0,0.0,1.0,1.0,portsweep
18258,tcp,other,RSTR,1,0,0,0,0,0,0,0,0,0,0,0,0,0,0,0,0,0,2,2,0.0,0.0,1.0,1.0,1.0,0.0,0.0,255,2,0.01,0.73,1.0,0.0,0.0,0.0,1.0,1.0,portsweep
0,tcp,sql_net,REJ,0,0,0,0,0,0,0,0,0,0,0,0,0,0,0,0,0,0,269,1,0.0,0.0,1.0,1.0,0.0,0.53,0.0,255,1,0.0,0.53,1.0,0.0,0.0,0.0,1.0,1.0,portsweep
0,icmp,eco_i,SF,8,0,0,0,0,0,0,0,0,0,0,0,0,0,0,0,0,0,1,27,0.0,0.0,0.0,0.0,1.0,0.0,1.0,2,62,1.0,0.0,1.0,0.52,0.0,0.0,0.0,0.0,ipsweep
0,icmp,eco_i,SF,8,0,0,0,0,0,0,0,0,0,0,0,0,0,0,0,0,0,1,8,0.0,0.0,0.0,0.0,1.0,0.0,1.0,1,247,1.0,0.0,1.0,0.5,0.0,0.0,0.0,0.0,ipsweep
0,tcp,private,RSTR,0,0,0,0,0,0,0,0,0,0,0,0,0,0,0,0,0,0,1,1,0.0,0.0,1.0,1.0,1.0,0.0,0.0,255,1,0.0,0.93,0.93,0.0,0.0,0.0,0.93,1.0,portsweep
0,tcp,other,REJ,0,0,0,0,0,0,0,0,0,0,0,0,0,0,0,0,0,0,511,1,0.14,0.0,0.86,1.0,0.0,1.0,0.0,255,1,0.0,1.0,0.0,0.0,0.14,0.0,0.86,1.0,satan
0,icmp,eco_i,SF,8,0,0,0,0,0,0,0,0,0,0,0,0,0,0,0,0,0,1,7,0.0,0.0,0.0,0.0,1.0,0.0,1.0,1,111,1.0,0.0,1.0,0.5,0.0,0.0,0.0,0.0,ipsweep
0,tcp,pop_3,RSTR,0,0,0,0,0,0,0,0,0,0,0,0,0,0,0,0,0,0,1,1,0.0,0.0,1.0,1.0,1.0,0.0,0.0,208,1,0.0,0.53,0.53,0.0,0.0,0.0,0.52,1.0,portsweep
0,icmp,eco_i,SF,8,0,0,0,0,0,0,0,0,0,0,0,0,0,0,0,0,0,1,52,0.0,0.0,0.0,0.0,1.0,0.0,1.0,1,101,1.0,0.0,1.0,0.26,0.0,0.0,0.0,0.0,nmap
0,tcp,other,REJ,0,0,0,0,0,0,0,0,0,0,0,0,0,0,0,0,0,0,475,1,0.07,0.0,0.9,1.0,0.0,0.96,0.0,255,1,0.0,0.93,0.0,0.0,0.08,0.0,0.92,1.0,satan
2,tcp,private,RSTR,0,0,0,0,0,0,0,0,0,0,0,0,0,0,0,0,0,0,403,2,0.0,0.0,1.0,1.0,0.0,0.52,0.0,255,2,0.01,0.52,1.0,0.0,0.0,0.0,1.0,1.0,portsweep
0,tcp,http,SF,287,7384,0,0,0,0,0,1,0,0,0,0,0,0,0,0,0,0,33,38,0.0,0.0,0.0,0.0,1.0,0.0,0.05,255,255,1.0,0.0,0.0,0.0,0.0,0.0,0.0,0.0,normal
0,tcp,http_443,S0,0,0,0,0,0,0,0,0,0,0,0,0,0,0,0,0,0,0,100,14,1.0,1.0,0.0,0.0,0.14,0.06,0.0,255,14,0.05,0.05,0.0,0.0,1.0,1.0,0.0,0.0,neptune
0,tcp,private,RSTR,0,0,0,0,0,0,0,0,0,0,0,0,0,0,0,0,0,0,1,1,0.0,0.0,1.0,1.0,1.0,0.0,0.0,67,1,0.01,0.33,0.28,0.0,0.09,0.0,0.28,1.0,portsweep
0,tcp,private,RSTR,0,0,0,0,0,0,0,0,0,0,0,0,0,0,0,0,0,0,1,1,0.0,0.0,1.0,1.0,1.0,0.0,0.0,255,1,0.0,0.51,0.5,0.0,0.0,0.0,0.51,1.0,portsweep
0,tcp,private,RSTR,0,0,0,0,0,0,0,0,0,0,0,0,0,0,0,0,0,0,1,1,0.0,0.0,1.0,1.0,1.0,0.0,0.0,161,1,0.01,0.4,0.39,0.0,0.0,0.0,0.39,1.0,portsweep
0,udp,private,SF,1,0,0,0,0,0,0,0,0,0,0,0,0,0,0,0,0,0,23,2,0.0,0.0,0.0,0.0,0.09,0.13,0.0,255,2,0.01,0.9,0.11,0.0,0.12,0.0,0.76,0.0,satan
0,icmp,eco_i,SF,18,0,0,0,0,0,0,0,0,0,0,0,0,0,0,0,0,0,2,1,0.0,0.0,0.0,0.0,0.5,1.0,0.0,2,26,1.0,0.0,1.0,0.27,0.0,0.0,0.0,0.0,ipsweep
0,tcp,other,REJ,0,0,0,0,0,0,0,0,0,0,0,0,0,0,0,0,0,0,496,1,0.07,0.0,0.93,1.0,0.0,1.0,0.0,255,1,0.0,1.0,0.0,0.0,0.04,0.0,0.96,1.0,satan
0,tcp,private,RSTR,0,0,0,0,0,0,0,0,0,0,0,0,0,0,0,0,0,0,1,1,0.0,0.0,1.0,1.0,1.0,0.0,0.0,225,1,0.0,0.56,0.56,0.0,0.0,0.0,0.56,1.0,portsweep
0,icmp,eco_i,SF,8,0,0,0,0,0,0,0,0,0,0,0,0,0,0,0,0,0,1,50,0.0,0.0,0.0,0.0,1.0,0.0,1.0,2,30,1.0,0.0,1.0,0.27,0.0,0.0,0.0,0.0,nmap
0,udp,private,SF,1,0,0,0,0,0,0,0,0,0,0,0,0,0,0,0,0,0,30,5,0.0,0.0,0.0,0.0,0.17,0.13,0.0,255,5,0.02,0.66,0.37,0.0,0.16,0.0,0.47,0.0,satan
0,tcp,private,REJ,0,0,0,0,0,0,0,0,0,0,0,0,0,0,0,0,0,0,379,1,0.06,0.0,0.92,1.0,0.0,1.0,0.0,255,1,0.0,1.0,0.0,0.0,0.09,0.0,0.91,1.0,satan
40638,tcp,private,RSTR,1,0,0,0,0,0,0,0,0,0,0,0,0,0,0,0,0,0,2,2,0.0,0.0,1.0,1.0,1.0,0.0,0.0,255,2,0.01,0.38,0.76,0.0,0.0,0.0,0.76,1.0,portsweep
0,tcp,private,RSTR,0,0,0,0,0,0,0,0,0,0,0,0,0,0,0,0,0,0,1,1,0.0,0.0,1.0,1.0,1.0,0.0,0.0,255,1,0.0,0.82,1.0,0.0,0.0,0.0,1.0,1.0,portsweep
0,tcp,http,SF,327,3200,0,0,0,0,0,1,0,0,0,0,0,0,0,0,0,0,10,24,0.0,0.0,0.0,0.0,1.0,0.0,0.08,255,255,1.0,0.0,0.01,0.0,0.0,0.0,0.0,0.0,normal
0,tcp,private,REJ,0,0,0,0,0,0,0,0,0,0,0,0,0,0,0,0,0,0,1,1,0.0,0.0,1.0,1.0,1.0,0.0,0.0,255,1,0.0,0.6,0.58,0.0,0.0,0.0,0.58,1.0,portsweep
1,tcp,private,RSTR,0,0,0,0,0,0,0,0,0,0,0,0,0,0,0,0,0,0,63,2,0.0,0.0,1.0,1.0,0.03,0.54,0.0,233,2,0.01,0.15,0.27,0.0,0.01,0.0,0.48,1.0,portsweep
0,tcp,ftp_data,SF,5558,0,0,0,0,0,0,1,0,0,0,0,0,0,0,0,0,0,16,16,0.0,0.0,0.0,0.0,1.0,0.0,0.0,174,106,0.32,0.02,0.32,0.02,0.0,0.0,0.0,0.0,normal
0,icmp,eco_i,SF,18,0,0,0,0,0,0,0,0,0,0,0,0,0,0,0,0,0,1,1,0.0,0.0,0.0,0.0,1.0,0.0,0.0,1,1,1.0,0.0,1.0,0.0,0.0,0.0,0.0,0.0,ipsweep
0,udp,private,SF,1,0,0,0,0,0,0,0,0,0,0,0,0,0,0,0,0,0,113,76,0.0,0.0,0.0,0.0,0.67,0.05,0.0,255,133,0.52,0.05,1.0,0.0,0.0,0.0,0.0,0.0,satan
0,tcp,http,SF,147,19932,0,0,0,1,0,1,0,0,0,0,0,0,0,0,0,0,1,1,0.0,0.0,0.0,0.0,1.0,0.0,0.0,255,255,1.0,0.0,0.0,0.0,0.0,0.0,0.0,0.0,normal
0,icmp,eco_i,SF,8,0,0,0,0,0,0,0,0,0,0,0,0,0,0,0,0,0,1,44,0.0,0.0,0.0,0.0,1.0,0.0,1.0,1,24,1.0,0.0,1.0,0.54,0.0,0.0,0.0,0.0,ipsweep
0,tcp,http,SF,315,5425,0,0,0,0,0,1,0,0,0,0,0,0,0,0,0,0,4,4,0.0,0.0,0.0,0.0,1.0,0.0,0.0,95,255,1.0,0.0,0.01,0.01,0.0,0.0,0.0,0.0,normal
0,icmp,eco_i,SF,8,0,0,0,0,0,0,0,0,0,0,0,0,0,0,0,0,0,1,36,0.0,0.0,0.0,0.0,1.0,0.0,1.0,4,80,1.0,0.0,1.0,0.25,0.0,0.0,0.0,0.0,nmap
0,tcp,ftp_data,SF,334,0,0,0,0,0,0,1,0,0,0,0,0,0,0,0,0,0,2,2,0.0,0.0,0.0,0.0,1.0,0.0,0.0,12,22,1.0,0.0,1.0,0.14,0.0,0.0,0.0,0.0,warezclient
38572,tcp,private,RSTR,1,0,0,0,0,0,0,0,0,0,0,0,0,0,0,0,0,0,2,2,0.0,0.0,1.0,1.0,1.0,0.0,0.0,255,2,0.01,0.51,1.0,0.0,0.0,0.0,1.0,1.0,portsweep
0,tcp,gopher,S0,0,0,0,0,0,0,0,0,0,0,0,0,0,0,0,0,0,0,248,9,1.0,1.0,0.0,0.0,0.04,0.06,0.0,255,9,0.04,0.07,0.0,0.0,1.0,1.0,0.0,0.0,neptune
0,tcp,http,REJ,0,0,0,0,0,0,0,0,0,0,0,0,0,0,0,0,0,0,1,1,0.0,0.0,1.0,1.0,1.0,0.0,0.0,2,251,1.0,0.0,0.5,0.15,0.0,0.0,1.0,1.0,normal
0,udp,private,SF,1,0,0,0,0,0,0,0,0,0,0,0,0,0,0,0,0,0,17,17,0.0,0.0,0.0,0.0,1.0,0.0,0.0,85,17,0.2,0.06,0.24,0.0,0.0,0.0,0.0,0.0,satan
0,icmp,eco_i,SF,8,0,0,0,0,0,0,0,0,0,0,0,0,0,0,0,0,0,1,41,0.0,0.0,0.0,0.0,1.0,0.0,1.0,1,73,1.0,0.0,1.0,0.51,0.0,0.0,0.0,0.0,ipsweep
0,tcp,sql_net,S0,0,0,0,0,0,0,0,0,0,0,0,0,0,0,0,0,0,0,256,19,1.0,1.0,0.0,0.0,0.07,0.06,0.0,255,19,0.07,0.06,0.0,0.0,1.0,1.0,0.0,0.0,neptune
0,tcp,other,REJ,0,0,0,0,0,0,0,0,0,0,0,0,0,0,0,0,0,0,465,1,0.08,0.0,0.92,1.0,0.0,1.0,0.0,255,1,0.0,1.0,0.0,0.0,0.06,0.0,0.94,1.0,satan
0,tcp,auth,S0,0,0,0,0,0,0,0,0,0,0,0,0,0,0,0,0,0,0,284,13,1.0,1.0,0.0,0.0,0.05,0.06,0.0,255,13,0.05,0.08,0.0,0.0,1.0,1.0,0.0,0.0,neptune
0,icmp,eco_i,SF,8,0,0,0,0,0,0,0,0,0,0,0,0,0,0,0,0,0,1,45,0.0,0.0,0.0,0.0,1.0,0.0,1.0,1,1,1.0,0.0,1.0,0.0,0.0,0.0,0.0,0.0,nmap
0,tcp,other,REJ,0,0,0,0,0,0,0,0,0,0,0,0,0,0,0,0,0,0,418,1,0.06,0.0,0.9,1.0,0.0,1.0,0.0,255,1,0.0,1.0,0.0,0.0,0.08,0.0,0.91,1.0,satan
0,icmp,eco_i,SF,8,0,0,0,0,0,0,0,0,0,0,0,0,0,0,0,0,0,1,37,0.0,0.0,0.0,0.0,1.0,0.0,1.0,3,163,1.0,0.0,1.0,0.25,0.0,0.0,0.0,0.0,nmap
0,tcp,http,SF,307,1849,0,0,0,0,0,1,0,0,0,0,0,0,0,0,0,0,9,10,0.0,0.0,0.0,0.0,1.0,0.0,0.2,255,255,1.0,0.0,0.0,0.0,0.0,0.0,0.0,0.0,normal
18,tcp,telnet,RSTO,153,251,0,0,0,0,3,0,0,0,0,0,0,0,0,0,0,0,1,1,0.0,0.0,1.0,1.0,1.0,0.0,0.0,139,26,0.19,0.03,0.01,0.0,0.01,0.04,0.05,0.27,normal
0,tcp,private,REJ,0,0,0,0,0,0,0,0,0,0,0,0,0,0,0,0,0,0,118,1,0.01,0.0,0.92,1.0,0.01,1.0,0.0,255,1,0.0,0.47,0.0,0.0,0.0,0.0,0.43,1.0,satan
0,udp,private,SF,1,0,0,0,0,0,0,0,0,0,0,0,0,0,0,0,0,0,22,18,0.0,0.0,0.0,0.0,0.82,0.09,0.0,255,23,0.09,0.71,0.33,0.0,0.06,0.0,0.61,0.0,satan
0,tcp,other,REJ,0,0,0,0,0,0,0,0,0,0,0,0,0,0,0,0,0,0,390,1,0.09,0.0,0.91,1.0,0.0,1.0,0.0,255,1,0.0,1.0,0.0,0.0,0.11,0.0,0.89,1.0,satan
0,tcp,private,REJ,0,0,0,0,0,0,0,0,0,0,0,0,0,0,0,0,0,0,2,1,0.0,0.0,1.0,1.0,0.5,1.0,0.0,255,1,0.0,0.59,0.57,0.0,0.0,0.0,0.57,1.0,portsweep
0,icmp,eco_i,SF,8,0,0,0,0,0,0,0,0,0,0,0,0,0,0,0,0,0,1,22,0.0,0.0,0.0,0.0,1.0,0.0,1.0,3,59,1.0,0.0,1.0,0.25,0.0,0.0,0.0,0.0,nmap
0,tcp,private,SH,0,0,0,0,0,0,0,0,0,0,0,0,0,0,0,0,0,0,1,1,1.0,1.0,0.0,0.0,1.0,0.0,0.0,78,1,0.01,0.87,0.9,0.0,0.9,1.0,0.0,0.0,nmap
0,udp,private,SF,1,0,0,0,0,0,0,0,0,0,0,0,0,0,0,0,0,0,13,1,0.0,0.0,0.0,0.0,0.08,0.77,0.0,255,1,0.0,0.43,0.76,0.0,0.0,0.0,0.24,0.0,satan
0,tcp,finger,RSTR,0,0,0,0,0,0,0,0,0,0,0,0,0,0,0,0,0,0,1,1,0.0,0.0,1.0,1.0,1.0,0.0,0.0,177,3,0.01,0.45,0.45,0.67,0.0,0.0,0.44,0.33,portsweep
0,icmp,eco_i,SF,8,0,0,0,0,0,0,0,0,0,0,0,0,0,0,0,0,0,1,10,0.0,0.0,0.0,0.0,1.0,0.0,1.0,1,5,1.0,0.0,1.0,0.6,0.0,0.0,0.0,0.0,ipsweep
0,tcp,ftp_data,REJ,0,0,0,0,0,0,0,0,0,0,0,0,0,0,0,0,0,0,470,16,0.07,0.0,0.9,1.0,0.03,0.97,0.0,255,15,0.06,0.95,0.0,0.0,0.08,0.0,0.92,1.0,satan
0,icmp,eco_i,SF,8,0,0,0,0,0,0,0,0,0,0,0,0,0,0,0,0,0,1,27,0.0,0.0,0.0,0.0,1.0,0.0,1.0,2,60,1.0,0.0,1.0,0.5,0.0,0.0,0.0,0.0,ipsweep
0,udp,private,SF,1,0,0,0,0,0,0,0,0,0,0,0,0,0,0,0,0,0,148,138,0.0,0.0,0.0,0.0,0.93,0.01,0.0,255,204,0.8,0.03,1.0,0.0,0.0,0.0,0.0,0.0,satan
0,icmp,eco_i,SF,8,0,0,0,0,0,0,0,0,0,0,0,0,0,0,0,0,0,1,46,0.0,0.0,0.0,0.0,1.0,0.0,1.0,4,164,1.0,0.0,1.0,0.25,0.0,0.0,0.0,0.0,nmap
0,tcp,private,RSTR,0,0,0,0,0,0,0,0,0,0,0,0,0,0,0,0,0,0,1,1,0.0,0.0,1.0,1.0,1.0,0.0,0.0,78,1,0.01,0.4,0.38,0.0,0.08,0.0,0.36,1.0,portsweep
0,tcp,hostnames,S0,0,0,0,0,0,0,0,0,0,0,0,0,0,0,0,0,0,0,283,20,1.0,1.0,0.0,0.0,0.07,0.05,0.0,255,20,0.08,0.05,0.0,0.0,1.0,1.0,0.0,0.0,neptune
0,icmp,eco_i,SF,8,0,0,0,0,0,0,0,0,0,0,0,0,0,0,0,0,0,1,42,0.0,0.0,0.0,0.0,1.0,0.0,1.0,2,41,1.0,0.0,1.0,0.27,0.0,0.0,0.0,0.0,nmap
0,tcp,other,REJ,0,0,0,0,0,0,0,0,0,0,0,0,0,0,0,0,0,0,377,1,0.09,0.0,0.9,1.0,0.0,1.0,0.0,255,1,0.0,1.0,0.0,0.0,0.11,0.0,0.89,1.0,satan
0,tcp,other,REJ,0,0,0,0,0,0,0,0,0,0,0,0,0,0,0,0,0,0,511,1,0.09,0.0,0.89,1.0,0.0,1.0,0.0,255,1,0.0,1.0,0.0,0.0,0.08,0.0,0.87,1.0,satan
10143,tcp,other,RSTR,1,0,0,0,0,0,0,0,0,0,0,0,0,0,0,0,0,0,2,2,0.0,0.0,1.0,1.0,1.0,0.0,0.0,255,2,0.01,0.73,1.0,0.0,0.0,0.0,1.0,1.0,portsweep
0,tcp,telnet,S0,0,0,0,0,0,0,0,0,0,0,0,0,0,0,0,0,0,0,71,16,1.0,1.0,0.0,0.0,0.23,0.06,0.0,255,56,0.22,0.04,0.01,0.0,1.0,1.0,0.0,0.0,neptune
0,tcp,private,REJ,0,0,0,0,0,0,0,0,0,0,0,0,0,0,0,0,0,0,404,1,0.0,0.0,1.0,1.0,0.0,0.52,0.0,255,1,0.0,0.52,1.0,0.0,0.0,0.0,1.0,1.0,portsweep
18521,tcp,other,RSTR,1,0,0,0,0,0,0,0,0,0,0,0,0,0,0,0,0,0,2,2,0.0,0.0,1.0,1.0,1.0,0.0,0.0,255,2,0.01,0.73,1.0,0.0,0.0,0.0,1.0,1.0,portsweep
0,tcp,private,REJ,0,0,0,0,0,0,0,0,0,0,0,0,0,0,0,0,0,0,1,1,0.0,0.0,1.0,1.0,1.0,0.0,0.0,7,1,0.14,1.0,0.14,0.0,0.0,0.0,0.86,1.0,ipsweep
6,tcp,telnet,SF,39,121,0,0,0,0,0,0,0,0,0,0,0,0,0,0,0,0,511,1,0.07,0.0,0.92,0.0,0.0,1.0,0.0,255,1,0.0,1.0,0.0,0.0,0.13,0.0,0.86,0.0,satan
0,icmp,eco_i,SF,8,0,0,0,0,0,0,0,0,0,0,0,0,0,0,0,0,0,1,43,0.0,0.0,0.0,0.0,1.0,0.0,1.0,2,232,1.0,0.0,1.0,0.5,0.0,0.0,0.0,0.0,ipsweep
0,icmp,eco_i,SF,8,0,0,0,0,0,0,0,0,0,0,0,0,0,0,0,0,0,1,8,0.0,0.0,0.0,0.0,1.0,0.0,1.0,1,73,1.0,0.0,1.0,0.26,0.0,0.0,0.0,0.0,nmap
38592,tcp,private,RSTR,1,0,0,0,0,0,0,0,0,0,0,0,0,0,0,0,0,0,2,2,0.0,0.0,1.0,1.0,1.0,0.0,0.0,255,2,0.01,0.51,1.0,0.0,0.0,0.0,1.0,1.0,portsweep
25,udp,domain_u,SF,45,44,0,0,0,0,0,0,0,0,0,0,0,0,0,0,0,0,2,1,0.0,0.0,0.0,0.0,0.5,1.0,0.0,87,60,0.69,0.02,0.63,0.0,0.0,0.0,0.0,0.0,normal
0,tcp,http_443,REJ,0,0,0,0,0,0,0,0,0,0,0,0,0,0,0,0,0,0,70,4,0.0,0.0,1.0,1.0,0.06,0.09,0.0,255,4,0.02,0.06,0.0,0.0,0.0,0.0,1.0,1.0,neptune
0,icmp,eco_i,SF,8,0,0,0,0,0,0,0,0,0,0,0,0,0,0,0,0,0,1,22,0.0,0.0,0.0,0.0,1.0,0.0,1.0,2,68,1.0,0.0,1.0,0.5,0.0,0.0,0.0,0.0,ipsweep
0,tcp,other,REJ,0,0,0,0,0,0,0,0,0,0,0,0,0,0,0,0,0,0,511,1,0.17,0.0,0.82,1.0,0.0,1.0,0.0,255,1,0.0,1.0,0.0,0.0,0.2,0.0,0.8,1.0,satan
0,tcp,uucp_path,REJ,0,0,0,0,0,0,0,0,0,0,0,0,0,0,0,0,0,0,206,3,0.0,0.0,1.0,1.0,0.01,0.07,0.0,255,3,0.01,0.07,0.0,0.0,0.0,0.0,1.0,1.0,neptune
0,tcp,private,REJ,0,0,0,0,0,0,0,0,0,0,0,0,0,0,0,0,0,0,1,1,0.0,0.0,1.0,1.0,1.0,0.0,0.0,237,1,0.0,0.07,0.04,0.0,0.0,0.0,0.05,1.0,portsweep
0,udp,private,SF,1,0,0,0,0,0,0,0,0,0,0,0,0,0,0,0,0,0,16,11,0.0,0.0,0.0,0.0,0.69,0.25,0.0,255,11,0.04,0.22,1.0,0.0,0.0,0.0,0.0,0.0,satan
0,icmp,eco_i,SF,8,0,0,0,0,0,0,0,0,0,0,0,0,0,0,0,0,0,1,47,0.0,0.0,0.0,0.0,1.0,0.0,1.0,2,20,1.0,0.0,1.0,0.5,0.0,0.0,0.0,0.0,ipsweep
0,icmp,eco_i,SF,8,0,0,0,0,0,0,0,0,0,0,0,0,0,0,0,0,0,1,52,0.0,0.0,0.0,0.0,1.0,0.0,1.0,2,102,1.0,0.0,1.0,0.51,0.0,0.0,0.0,0.0,ipsweep
0,tcp,ftp_data,SF,1699,0,0,0,0,0,0,1,0,0,0,0,0,0,0,0,0,0,4,4,0.0,0.0,0.0,0.0,1.0,0.0,0.0,174,60,0.29,0.04,0.29,0.03,0.0,0.0,0.0,0.0,normal
0,tcp,private,REJ,0,0,0,0,0,0,0,0,0,0,0,0,0,0,0,0,0,0,82,1,0.01,0.0,0.91,1.0,0.01,1.0,0.0,207,1,0.0,0.43,0.0,0.0,0.0,0.0,0.38,1.0,satan
1,tcp,private,RSTOS0,0,0,0,0,0,0,0,0,0,0,0,0,0,0,0,0,0,0,151,2,0.7,0.5,0.3,0.5,0.01,0.38,0.0,255,2,0.01,0.22,0.59,0.0,0.42,0.5,0.18,0.5,portsweep
0,tcp,netbios_ssn,S0,0,0,0,0,0,0,0,0,0,0,0,0,0,0,0,0,0,0,98,13,1.0,1.0,0.0,0.0,0.13,0.06,0.0,255,2,0.01,0.07,0.0,0.0,1.0,1.0,0.0,0.0,neptune
0,icmp,eco_i,SF,8,0,0,0,0,0,0,0,0,0,0,0,0,0,0,0,0,0,1,1,0.0,0.0,0.0,0.0,1.0,0.0,0.0,1,233,1.0,0.0,1.0,0.5,0.0,0.0,0.0,0.0,ipsweep
0,tcp,Z39_50,S0,0,0,0,0,0,0,0,0,0,0,0,0,0,0,0,0,0,0,241,20,1.0,1.0,0.0,0.0,0.08,0.05,0.0,255,20,0.08,0.05,0.0,0.0,1.0,1.0,0.0,0.0,neptune
0,tcp,private,RSTR,0,0,0,0,0,0,0,0,0,0,0,0,0,0,0,0,0,0,1,1,0.0,0.0,1.0,1.0,1.0,0.0,0.0,255,1,0.0,0.16,0.15,0.0,0.0,0.0,0.15,1.0,portsweep
0,tcp,http,SF,283,37266,0,0,0,0,0,1,0,0,0,0,0,0,0,0,0,0,1,1,0.0,0.0,0.0,0.0,1.0,0.0,0.0,5,255,1.0,0.0,0.2,0.04,0.0,0.0,0.0,0.0,normal
0,icmp,ecr_i,SF,1032,0,0,0,0,0,0,0,0,0,0,0,0,0,0,0,0,0,511,511,0.0,0.0,0.0,0.0,1.0,0.0,0.0,186,41,0.22,0.02,0.22,0.0,0.0,0.0,0.0,0.0,smurf
0,udp,private,SF,207,0,0,0,0,0,0,0,0,0,0,0,0,0,0,0,0,0,2,2,0.0,0.0,0.0,0.0,1.0,0.0,0.0,64,56,0.88,0.03,0.88,0.0,0.0,0.0,0.0,0.0,nmap
0,icmp,eco_i,SF,8,0,0,0,0,0,0,0,0,0,0,0,0,0,0,0,0,0,1,15,0.0,0.0,0.0,0.0,1.0,0.0,1.0,2,16,1.0,0.0,1.0,0.5,0.0,0.0,0.0,0.0,ipsweep
0,tcp,private,REJ,0,0,0,0,0,0,0,0,0,0,0,0,0,0,0,0,0,0,223,1,0.11,0.0,0.88,1.0,0.0,1.0,0.0,255,1,0.0,0.95,0.0,0.0,0.1,0.0,0.78,1.0,satan
0,icmp,eco_i,SF,8,0,0,0,0,0,0,0,0,0,0,0,0,0,0,0,0,0,1,52,0.0,0.0,0.0,0.0,1.0,0.0,1.0,3,47,1.0,0.0,1.0,0.26,0.0,0.0,0.0,0.0,nmap
0,icmp,eco_i,SF,8,0,0,0,0,0,0,0,0,0,0,0,0,0,0,0,0,0,1,20,0.0,0.0,0.0,0.0,1.0,0.0,1.0,4,42,1.0,0.0,1.0,0.26,0.0,0.0,0.0,0.0,nmap
0,icmp,eco_i,SF,8,0,0,0,0,0,0,0,0,0,0,0,0,0,0,0,0,0,1,38,0.0,0.0,0.0,0.0,1.0,0.0,1.0,1,109,1.0,0.0,1.0,0.5,0.0,0.0,0.0,0.0,ipsweep
20,tcp,ftp,SF,232,768,0,0,0,4,0,1,0,0,0,0,0,0,0,0,0,1,1,1,0.0,0.0,0.0,0.0,1.0,0.0,0.0,189,31,0.16,0.04,0.01,0.0,0.0,0.0,0.01,0.06,normal
855,udp,other,SF,147,105,0,0,0,0,0,0,0,0,0,0,0,0,0,0,0,0,2,2,0.0,0.0,0.0,0.0,1.0,0.0,0.0,255,4,0.02,0.74,1.0,0.0,0.0,0.0,0.0,0.0,normal
0,icmp,eco_i,SF,8,0,0,0,0,0,0,0,0,0,0,0,0,0,0,0,0,0,1,13,0.0,0.0,0.0,0.0,1.0,0.0,1.0,1,69,1.0,0.0,1.0,0.51,0.0,0.0,0.0,0.0,ipsweep
0,tcp,http,SF,205,2917,0,0,0,0,0,1,0,0,0,0,0,0,0,0,0,0,1,1,0.0,0.0,0.0,0.0,1.0,0.0,0.0,11,11,1.0,0.0,0.09,0.0,0.0,0.0,0.0,0.0,normal
0,icmp,eco_i,SF,8,0,0,0,0,0,0,0,0,0,0,0,0,0,0,0,0,0,1,7,0.0,0.0,0.0,0.0,1.0,0.0,1.0,1,129,1.0,0.0,1.0,0.51,0.0,0.0,0.0,0.0,ipsweep
0,icmp,eco_i,SF,8,0,0,0,0,0,0,0,0,0,0,0,0,0,0,0,0,0,1,35,0.0,0.0,0.0,0.0,1.0,0.0,1.0,1,165,1.0,0.0,1.0,0.5,0.0,0.0,0.0,0.0,ipsweep
0,tcp,http,SF,54540,8314,0,0,0,2,0,1,1,0,0,0,0,0,0,0,0,0,5,5,0.0,0.0,0.2,0.2,1.0,0.0,0.0,255,255,1.0,0.0,0.0,0.0,0.0,0.0,0.06,0.06,back
0,icmp,eco_i,SF,8,0,0,0,0,0,0,0,0,0,0,0,0,0,0,0,0,0,1,52,0.0,0.0,0.0,0.0,1.0,0.0,1.0,2,74,1.0,0.0,1.0,0.5,0.0,0.0,0.0,0.0,ipsweep
0,udp,private,SF,1,0,0,0,0,0,0,0,0,0,0,0,0,0,0,0,0,0,26,2,0.0,0.0,0.0,0.0,0.08,0.27,0.0,255,2,0.01,0.47,0.6,0.0,0.03,0.0,0.38,0.0,satan
0,icmp,eco_i,SF,8,0,0,0,0,0,0,0,0,0,0,0,0,0,0,0,0,0,1,11,0.0,0.0,0.0,0.0,1.0,0.0,1.0,2,106,1.0,0.0,1.0,0.5,0.0,0.0,0.0,0.0,ipsweep
0,icmp,eco_i,SF,8,0,0,0,0,0,0,0,0,0,0,0,0,0,0,0,0,0,1,37,0.0,0.0,0.0,0.0,1.0,0.0,1.0,1,97,1.0,0.0,1.0,0.52,0.0,0.0,0.0,0.0,ipsweep
27,tcp,ftp,SF,1457,4152,0,0,0,30,0,1,0,0,0,0,0,0,0,0,0,1,1,1,0.0,0.0,0.0,0.0,1.0,0.0,0.0,78,23,0.29,0.05,0.01,0.0,0.0,0.0,0.0,0.0,normal
0,udp,domain_u,SF,43,126,0,0,0,0,0,0,0,0,0,0,0,0,0,0,0,0,141,207,0.0,0.0,0.0,0.0,0.99,0.01,0.01,255,224,0.88,0.02,0.0,0.0,0.0,0.0,0.0,0.0,normal
0,tcp,supdup,S0,0,0,0,0,0,0,0,0,0,0,0,0,0,0,0,0,0,0,145,1,0.06,1.0,0.94,0.0,0.01,0.58,0.0,255,1,0.0,0.33,0.57,0.0,0.04,1.0,0.53,0.0,portsweep
0,icmp,eco_i,SF,8,0,0,0,0,0,0,0,0,0,0,0,0,0,0,0,0,0,1,47,0.0,0.0,0.0,0.0,1.0,0.0,1.0,1,7,1.0,0.0,1.0,0.57,0.0,0.0,0.0,0.0,ipsweep
0,icmp,eco_i,SF,8,0,0,0,0,0,0,0,0,0,0,0,0,0,0,0,0,0,1,16,0.0,0.0,0.0,0.0,1.0,0.0,1.0,4,96,1.0,0.0,1.0,0.25,0.0,0.0,0.0,0.0,nmap
0,icmp,eco_i,SF,8,0,0,0,0,0,0,0,0,0,0,0,0,0,0,0,0,0,1,29,0.0,0.0,0.0,0.0,1.0,0.0,1.0,2,128,1.0,0.0,1.0,0.5,0.0,0.0,0.0,0.0,ipsweep
0,tcp,private,RSTR,0,0,0,0,0,0,0,0,0,0,0,0,0,0,0,0,0,0,1,1,0.0,0.0,1.0,1.0,1.0,0.0,0.0,218,1,0.0,0.25,0.23,0.0,0.0,0.0,0.24,1.0,portsweep
1,tcp,private,RSTOS0,0,0,0,0,0,0,0,0,0,0,0,0,0,0,0,0,0,0,171,2,0.68,0.5,0.32,0.5,0.01,0.39,0.0,255,2,0.01,0.26,0.67,0.0,0.45,0.5,0.22,0.5,portsweep
0,icmp,eco_i,SF,8,0,0,0,0,0,0,0,0,0,0,0,0,0,0,0,0,0,1,13,0.0,0.0,0.0,0.0,1.0,0.0,1.0,2,40,1.0,0.0,1.0,0.5,0.0,0.0,0.0,0.0,ipsweep
0,tcp,other,REJ,0,0,0,0,0,0,0,0,0,0,0,0,0,0,0,0,0,0,502,1,0.07,0.0,0.93,1.0,0.0,1.0,0.0,255,1,0.0,1.0,0.0,0.0,0.04,0.0,0.96,1.0,satan
0,icmp,eco_i,SF,8,0,0,0,0,0,0,0,0,0,0,0,0,0,0,0,0,0,1,23,0.0,0.0,0.0,0.0,1.0,0.0,1.0,1,105,1.0,0.0,1.0,0.26,0.0,0.0,0.0,0.0,nmap
0,tcp,ftp,RSTO,0,0,0,0,0,0,0,0,0,0,0,0,0,0,0,0,0,0,35,1,0.0,0.0,1.0,1.0,0.03,0.54,0.0,205,1,0.0,0.1,0.17,0.0,0.01,0.0,0.41,1.0,portsweep
0,udp,private,SF,28,0,0,3,0,0,0,0,0,0,0,0,0,0,0,0,0,0,33,33,0.0,0.0,0.0,0.0,1.0,0.0,0.0,255,133,0.52,0.48,0.52,0.0,0.09,0.0,0.39,0.0,teardrop
0,tcp,private,RSTR,0,0,0,0,0,0,0,0,0,0,0,0,0,0,0,0,0,0,1,1,0.0,0.0,1.0,1.0,1.0,0.0,0.0,176,1,0.01,0.07,0.05,0.0,0.0,0.0,0.06,1.0,portsweep
0,tcp,private,SH,0,0,0,0,0,0,0,0,0,0,0,0,0,0,0,0,0,0,1,1,1.0,1.0,0.0,0.0,1.0,0.0,0.0,119,1,0.01,0.92,0.93,0.0,0.93,1.0,0.0,0.0,nmap
0,tcp,private,S0,0,0,0,0,0,0,0,0,0,0,0,0,0,0,0,0,0,0,102,4,1.0,1.0,0.0,0.0,0.04,0.08,0.0,255,3,0.01,0.09,0.0,0.0,1.0,1.0,0.0,0.0,neptune
10128,tcp,ftp,SF,979,2187,0,0,0,4,0,1,0,0,0,0,0,0,0,0,0,1,1,1,0.0,0.0,0.0,0.0,1.0,0.0,0.0,255,8,0.03,0.02,0.0,0.0,0.19,0.0,0.0,0.0,warezclient
0,tcp,private,RSTR,0,0,0,0,0,0,0,0,0,0,0,0,0,0,0,0,0,0,1,1,0.0,0.0,1.0,1.0,1.0,0.0,0.0,190,1,0.01,0.75,0.75,0.0,0.03,0.0,0.63,1.0,portsweep
0,udp,private,SF,207,0,0,0,0,0,0,0,0,0,0,0,0,0,0,0,0,0,2,2,0.0,0.0,0.0,0.0,1.0,0.0,0.0,18,18,1.0,0.0,1.0,0.0,0.0,0.0,0.0,0.0,nmap
0,icmp,eco_i,SF,8,0,0,0,0,0,0,0,0,0,0,0,0,0,0,0,0,0,1,44,0.0,0.0,0.0,0.0,1.0,0.0,1.0,1,249,1.0,0.0,1.0,0.5,0.0,0.0,0.0,0.0,ipsweep
0,tcp,private,RSTR,0,0,0,0,0,0,0,0,0,0,0,0,0,0,0,0,0,0,1,1,0.0,0.0,1.0,1.0,1.0,0.0,0.0,255,1,0.0,1.0,1.0,0.0,0.0,0.0,1.0,1.0,portsweep
0,tcp,ldap,S0,0,0,0,0,0,0,0,0,0,0,0,0,0,0,0,0,0,0,105,15,1.0,1.0,0.0,0.0,0.14,0.06,0.0,255,5,0.02,0.07,0.0,0.0,1.0,1.0,0.0,0.0,neptune
0,tcp,other,REJ,0,0,0,0,0,0,0,0,0,0,0,0,0,0,0,0,0,0,395,1,0.07,0.0,0.9,1.0,0.0,1.0,0.0,255,1,0.0,1.0,0.0,0.0,0.09,0.0,0.91,1.0,satan
0,tcp,smtp,S0,0,0,0,0,0,0,0,0,0,0,0,0,0,0,0,0,0,0,2,2,0.5,0.5,0.0,0.0,1.0,0.0,0.0,242,138,0.57,0.02,0.01,0.0,0.01,0.01,0.0,0.0,normal
41761,tcp,private,RSTR,1,0,0,0,0,0,0,0,0,0,0,0,0,0,0,0,0,0,2,2,0.0,0.0,1.0,1.0,1.0,0.0,0.0,220,2,0.01,0.23,0.45,0.0,0.0,0.0,0.45,1.0,portsweep
0,icmp,eco_i,SF,18,0,0,0,0,0,0,0,0,0,0,0,0,0,0,0,0,0,1,1,0.0,0.0,0.0,0.0,1.0,0.0,0.0,1,181,1.0,0.0,1.0,1.0,0.0,0.0,0.0,0.0,ipsweep
42021,tcp,private,RSTR,1,0,0,0,0,0,0,0,0,0,0,0,0,0,0,0,0,0,2,2,0.0,0.0,1.0,1.0,1.0,0.0,0.0,196,2,0.01,0.2,0.39,0.0,0.0,0.0,0.39,1.0,portsweep
0,icmp,eco_i,SF,8,0,0,0,0,0,0,0,0,0,0,0,0,0,0,0,0,0,1,1,0.0,0.0,0.0,0.0,1.0,0.0,0.0,2,58,1.0,0.0,1.0,0.5,0.0,0.0,0.0,0.0,ipsweep
0,tcp,smtp,SF,988,330,0,0,0,0,0,1,0,0,0,0,0,0,0,0,0,0,1,1,0.0,0.0,0.0,0.0,1.0,0.0,0.0,203,148,0.73,0.03,0.0,0.0,0.0,0.01,0.0,0.0,normal
0,tcp,netbios_ssn,S0,0,0,0,0,0,0,0,0,0,0,0,0,0,0,0,0,0,0,236,2,1.0,1.0,0.0,0.0,0.01,0.07,0.0,255,2,0.01,0.08,0.0,0.0,1.0,1.0,0.0,0.0,neptune
0,tcp,http,SF,216,648,0,0,0,0,0,1,0,0,0,0,0,0,0,0,0,0,7,7,0.0,0.0,0.0,0.0,1.0,0.0,0.0,33,255,1.0,0.0,0.03,0.04,0.0,0.0,0.0,0.0,normal
0,icmp,eco_i,SF,8,0,0,0,0,0,0,0,0,0,0,0,0,0,0,0,0,0,1,34,0.0,0.0,0.0,0.0,1.0,0.0,1.0,1,245,1.0,0.0,1.0,0.25,0.0,0.0,0.0,0.0,nmap
0,tcp,other,REJ,0,0,0,0,0,0,0,0,0,0,0,0,0,0,0,0,0,0,511,1,0.11,0.0,0.88,1.0,0.0,1.0,0.0,255,1,0.0,1.0,0.0,0.0,0.11,0.0,0.89,1.0,satan
0,tcp,sunrpc,RSTO,0,0,0,0,0,0,0,0,0,0,0,0,0,0,0,0,0,0,1,1,0.0,0.0,1.0,1.0,1.0,0.0,0.0,255,1,0.0,1.0,1.0,0.0,0.0,0.0,1.0,1.0,portsweep
0,icmp,eco_i,SF,8,0,0,0,0,0,0,0,0,0,0,0,0,0,0,0,0,0,1,25,0.0,0.0,0.0,0.0,1.0,0.0,1.0,1,129,1.0,0.0,1.0,0.51,0.0,0.0,0.0,0.0,ipsweep
1,tcp,ftp,SF,1241,2451,0,0,0,28,0,1,0,0,0,0,0,0,0,0,0,1,1,1,0.0,0.0,0.0,0.0,1.0,0.0,0.0,255,111,0.44,0.02,0.0,0.0,0.0,0.0,0.0,0.0,warezclient
0,icmp,eco_i,SF,8,0,0,0,0,0,0,0,0,0,0,0,0,0,0,0,0,0,1,19,0.0,0.0,0.0,0.0,1.0,0.0,1.0,1,67,1.0,0.0,1.0,0.51,0.0,0.0,0.0,0.0,ipsweep
0,tcp,private,REJ,0,0,0,0,0,0,0,0,0,0,0,0,0,0,0,0,0,0,2,1,0.0,0.0,1.0,1.0,0.5,1.0,0.0,255,1,0.0,0.57,0.52,0.0,0.01,0.0,0.53,1.0,portsweep
0,tcp,netbios_ssn,REJ,0,0,0,0,0,0,0,0,0,0,0,0,0,0,0,0,0,0,2,1,0.0,0.0,1.0,1.0,0.5,1.0,0.0,255,1,0.0,0.91,0.9,0.0,0.0,0.0,0.9,1.0,portsweep
0,tcp,ftp_data,SF,334,0,0,0,0,0,0,1,0,0,0,0,0,0,0,0,0,0,1,1,0.0,0.0,0.0,0.0,1.0,0.0,0.0,1,25,1.0,0.0,1.0,0.16,0.0,0.0,0.0,0.0,warezclient
0,tcp,ftp_data,SF,1376,0,0,0,0,0,0,1,0,0,0,0,0,0,0,0,0,0,3,3,0.0,0.0,0.0,0.0,1.0,0.0,0.0,26,15,0.35,0.19,0.35,0.13,0.0,0.0,0.0,0.0,normal
0,tcp,http,SF,265,434,0,0,0,0,0,1,0,0,0,0,0,0,0,0,0,0,26,30,0.04,0.03,0.0,0.0,1.0,0.0,0.13,255,255,1.0,0.0,0.0,0.0,0.0,0.0,0.0,0.0,normal
0,tcp,private,RSTR,0,0,0,0,0,0,0,0,0,0,0,0,0,0,0,0,0,0,1,1,0.0,0.0,1.0,1.0,1.0,0.0,0.0,255,1,0.0,0.3,0.59,0.0,0.0,0.0,0.59,1.0,portsweep
0,tcp,telnet,S0,0,0,0,0,0,0,0,0,0,0,0,0,0,0,0,0,0,0,11,10,0.91,1.0,0.0,0.0,0.91,0.18,0.0,10,11,1.0,0.0,0.1,0.18,1.0,0.91,0.0,0.0,neptune
0,icmp,eco_i,SF,8,0,0,0,0,0,0,0,0,0,0,0,0,0,0,0,0,0,1,38,0.0,0.0,0.0,0.0,1.0,0.0,1.0,1,157,1.0,0.0,1.0,0.5,0.0,0.0,0.0,0.0,ipsweep
8535,tcp,other,RSTR,1,0,0,0,0,0,0,0,0,0,0,0,0,0,0,0,0,0,2,2,0.0,0.0,1.0,1.0,1.0,0.0,0.0,255,2,0.01,0.69,1.0,0.0,0.0,0.0,1.0,1.0,portsweep
0,icmp,eco_i,SF,8,0,0,0,0,0,0,0,0,0,0,0,0,0,0,0,0,0,1,10,0.0,0.0,0.0,0.0,1.0,0.0,1.0,1,153,1.0,0.0,1.0,0.25,0.0,0.0,0.0,0.0,nmap
0,udp,private,SF,1,0,0,0,0,0,0,0,0,0,0,0,0,0,0,0,0,0,15,4,0.0,0.0,0.0,0.0,0.27,0.13,0.0,255,4,0.02,0.95,0.06,0.0,0.16,0.0,0.78,0.0,satan
16693,tcp,other,RSTR,1,0,0,0,0,0,0,0,0,0,0,0,0,0,0,0,0,0,2,2,0.0,0.0,1.0,1.0,1.0,0.0,0.0,255,2,0.01,0.64,1.0,0.0,0.0,0.0,1.0,1.0,portsweep
0,icmp,eco_i,SF,8,0,0,0,0,0,0,0,0,0,0,0,0,0,0,0,0,0,1,14,0.0,0.0,0.0,0.0,1.0,0.0,1.0,1,87,1.0,0.0,1.0,0.51,0.0,0.0,0.0,0.0,ipsweep
0,tcp,finger,S0,0,0,0,0,0,0,0,0,0,0,0,0,0,0,0,0,0,0,9,2,1.0,1.0,0.0,0.0,0.22,0.33,0.0,255,62,0.24,0.02,0.01,0.0,1.0,1.0,0.0,0.0,neptune
0,icmp,urp_i,SF,78,0,0,0,0,0,0,0,0,0,0,0,0,0,0,0,0,0,10,1,0.0,0.0,0.0,0.0,0.1,0.2,0.0,139,1,0.01,0.01,0.01,0.0,0.0,0.0,0.0,0.0,normal
3,tcp,private,REJ,0,0,0,0,0,0,0,0,0,0,0,0,0,0,0,0,0,0,243,1,0.04,0.0,0.94,1.0,0.0,1.0,0.0,255,1,0.0,0.96,0.0,0.0,0.04,0.0,0.9,1.0,satan
0,icmp,eco_i,SF,8,0,0,0,0,0,0,0,0,0,0,0,0,0,0,0,0,0,1,52,0.0,0.0,0.0,0.0,1.0,0.0,1.0,1,97,1.0,0.0,1.0,0.26,0.0,0.0,0.0,0.0,nmap
0,tcp,private,RSTR,0,0,0,0,0,0,0,0,0,0,0,0,0,0,0,0,0,0,1,1,0.0,0.0,1.0,1.0,1.0,0.0,0.0,56,1,0.02,0.2,0.14,0.0,0.11,0.0,0.14,1.0,portsweep
0,tcp,time,S0,0,0,0,0,0,0,0,0,0,0,0,0,0,0,0,0,0,0,129,11,1.0,1.0,0.0,0.0,0.09,0.05,0.0,255,11,0.04,0.06,0.0,0.0,1.0,1.0,0.0,0.0,neptune
15168,tcp,ftp,SF,365,1202,0,0,0,5,0,1,0,0,0,0,0,0,0,0,0,1,1,1,0.0,0.0,0.0,0.0,1.0,0.0,0.0,255,3,0.01,0.02,0.0,0.0,0.21,0.0,0.0,0.0,warezclient
0,tcp,netbios_ns,S0,0,0,0,0,0,0,0,0,0,0,0,0,0,0,0,0,0,0,118,3,1.0,1.0,0.0,0.0,0.03,0.07,0.0,255,3,0.01,0.08,0.0,0.0,1.0,1.0,0.0,0.0,neptune
0,tcp,private,RSTR,0,0,0,0,0,0,0,0,0,0,0,0,0,0,0,0,0,0,1,1,0.0,0.0,1.0,1.0,1.0,0.0,0.0,133,1,0.01,0.27,0.26,0.0,0.0,0.0,0.26,1.0,portsweep
2,tcp,ftp,SF,1221,2449,0,0,0,28,0,1,0,0,0,0,0,0,0,0,0,1,1,1,0.0,0.0,0.0,0.0,1.0,0.0,0.0,255,139,0.55,0.02,0.0,0.0,0.0,0.0,0.0,0.0,warezclient
0,icmp,eco_i,SF,8,0,0,0,0,0,0,0,0,0,0,0,0,0,0,0,0,0,1,33,0.0,0.0,0.0,0.0,1.0,0.0,1.0,2,82,1.0,0.0,1.0,0.26,0.0,0.0,0.0,0.0,nmap
0,icmp,eco_i,SF,8,0,0,0,0,0,0,0,0,0,0,0,0,0,0,0,0,0,1,51,0.0,0.0,0.0,0.0,1.0,0.0,1.0,1,131,1.0,0.0,1.0,0.5,0.0,0.0,0.0,0.0,ipsweep
0,tcp,other,REJ,0,0,0,0,0,0,0,0,0,0,0,0,0,0,0,0,0,0,509,1,0.21,0.0,0.78,1.0,0.0,1.0,0.0,255,1,0.0,1.0,0.0,0.0,0.21,0.0,0.79,1.0,satan
0,icmp,eco_i,SF,8,0,0,0,0,0,0,0,0,0,0,0,0,0,0,0,0,0,1,1,0.0,0.0,0.0,0.0,1.0,0.0,0.0,1,157,1.0,0.0,1.0,0.5,0.0,0.0,0.0,0.0,ipsweep
0,tcp,http,SF,235,1694,0,0,0,0,0,1,0,0,0,0,0,0,0,0,0,0,2,7,0.0,0.14,0.0,0.0,1.0,0.0,0.43,182,255,1.0,0.0,0.01,0.02,0.01,0.01,0.0,0.0,normal
0,tcp,private,RSTR,0,0,0,0,0,0,0,0,0,0,0,0,0,0,0,0,0,0,1,1,0.0,0.0,1.0,1.0,1.0,0.0,0.0,255,1,0.0,0.59,0.58,0.0,0.0,0.0,0.58,1.0,portsweep
0,tcp,private,S0,0,0,0,0,0,0,0,0,0,0,0,0,0,0,0,0,0,0,285,5,1.0,1.0,0.0,0.0,0.02,0.06,0.0,255,2,0.01,0.09,0.0,0.0,1.0,1.0,0.0,0.0,neptune
0,tcp,other,REJ,0,0,0,0,0,0,0,0,0,0,0,0,0,0,0,0,0,0,511,1,0.09,0.0,0.89,1.0,0.0,1.0,0.0,255,1,0.0,1.0,0.0,0.0,0.09,0.0,0.86,1.0,satan
0,icmp,eco_i,SF,8,0,0,0,0,0,0,0,0,0,0,0,0,0,0,0,0,0,1,19,0.0,0.0,0.0,0.0,1.0,0.0,1.0,2,14,1.0,0.0,1.0,0.5,0.0,0.0,0.0,0.0,ipsweep
12,tcp,ftp_data,SF,7045,0,0,0,0,0,0,1,0,0,0,0,0,0,0,0,0,0,1,1,0.0,0.0,0.0,0.0,1.0,0.0,0.0,2,29,1.0,0.0,1.0,0.1,0.0,0.0,0.0,0.0,warezclient
0,icmp,eco_i,SF,8,0,0,0,0,0,0,0,0,0,0,0,0,0,0,0,0,0,1,45,0.0,0.0,0.0,0.0,1.0,0.0,1.0,2,48,1.0,0.0,1.0,0.5,0.0,0.0,0.0,0.0,ipsweep
0,tcp,other,REJ,0,0,0,0,0,0,0,0,0,0,0,0,0,0,0,0,0,0,421,1,0.06,0.0,0.9,1.0,0.0,1.0,0.0,255,1,0.0,1.0,0.0,0.0,0.08,0.0,0.91,1.0,satan
0,icmp,eco_i,SF,8,0,0,0,0,0,0,0,0,0,0,0,0,0,0,0,0,0,1,4,0.0,0.0,0.0,0.0,1.0,0.0,1.0,1,41,1.0,0.0,1.0,0.51,0.0,0.0,0.0,0.0,ipsweep
0,icmp,eco_i,SF,8,0,0,0,0,0,0,0,0,0,0,0,0,0,0,0,0,0,1,22,0.0,0.0,0.0,0.0,1.0,0.0,1.0,2,98,1.0,0.0,1.0,0.5,0.0,0.0,0.0,0.0,ipsweep
0,udp,private,SF,207,0,0,0,0,0,0,0,0,0,0,0,0,0,0,0,0,0,2,2,0.0,0.0,0.0,0.0,1.0,0.0,0.0,136,112,0.82,0.01,0.82,0.0,0.0,0.0,0.0,0.0,nmap
0,tcp,smtp,SF,3735,329,0,0,0,0,0,1,0,0,0,0,0,0,0,0,0,0,1,1,0.0,0.0,0.0,0.0,1.0,0.0,0.0,118,190,0.79,0.03,0.01,0.01,0.0,0.0,0.0,0.0,normal
0,tcp,private,REJ,0,0,0,0,0,0,0,0,0,0,0,0,0,0,0,0,0,0,98,1,0.07,0.0,0.93,1.0,0.01,1.0,0.0,255,1,0.0,0.65,0.0,0.0,0.03,0.0,0.37,1.0,satan
0,tcp,private,REJ,0,0,0,0,0,0,0,0,0,0,0,0,0,0,0,0,0,0,378,1,0.06,0.0,0.92,1.0,0.0,1.0,0.0,255,1,0.0,1.0,0.0,0.0,0.09,0.0,0.91,1.0,satan
0,icmp,eco_i,SF,8,0,0,0,0,0,0,0,0,0,0,0,0,0,0,0,0,0,1,43,0.0,0.0,0.0,0.0,1.0,0.0,1.0,2,61,1.0,0.0,1.0,0.51,0.0,0.0,0.0,0.0,ipsweep
0,icmp,eco_i,SF,8,0,0,0,0,0,0,0,0,0,0,0,0,0,0,0,0,0,1,50,0.0,0.0,0.0,0.0,1.0,0.0,1.0,4,255,1.0,0.0,1.0,0.25,0.0,0.0,0.0,0.0,nmap
0,icmp,eco_i,SF,8,0,0,0,0,0,0,0,0,0,0,0,0,0,0,0,0,0,1,21,0.0,0.0,0.0,0.0,1.0,0.0,1.0,1,195,1.0,0.0,1.0,0.5,0.0,0.0,0.0,0.0,ipsweep
0,tcp,private,S0,0,0,0,0,0,0,0,0,0,0,0,0,0,0,0,0,0,0,274,2,1.0,1.0,0.0,0.0,0.01,0.05,0.0,255,2,0.01,0.06,0.0,0.0,1.0,1.0,0.0,0.0,neptune
0,tcp,exec,RSTR,0,0,0,0,0,0,0,0,0,0,0,0,0,0,0,0,0,0,1,1,0.0,0.0,1.0,1.0,1.0,0.0,0.0,255,1,0.0,1.0,1.0,0.0,0.0,0.0,1.0,1.0,portsweep
0,udp,private,SF,1,0,0,0,0,0,0,0,0,0,0,0,0,0,0,0,0,0,20,5,0.0,0.0,0.0,0.0,0.25,0.15,0.0,255,12,0.05,0.82,0.2,0.0,0.03,0.0,0.78,0.0,satan
0,tcp,private,S0,0,0,0,0,0,0,0,0,0,0,0,0,0,0,0,0,0,0,147,14,1.0,1.0,0.0,0.0,0.1,0.05,0.0,255,6,0.02,0.06,0.0,0.0,1.0,1.0,0.0,0.0,neptune
0,tcp,other,REJ,0,0,0,0,0,0,0,0,0,0,0,0,0,0,0,0,0,0,411,1,0.09,0.0,0.91,1.0,0.0,1.0,0.0,255,1,0.0,1.0,0.0,0.0,0.11,0.0,0.89,1.0,satan
0,icmp,eco_i,SF,8,0,0,0,0,0,0,0,0,0,0,0,0,0,0,0,0,0,1,37,0.0,0.0,0.0,0.0,1.0,0.0,1.0,1,97,1.0,0.0,1.0,0.51,0.0,0.0,0.0,0.0,ipsweep
0,tcp,http,SF,160,9743,0,0,0,0,0,1,0,0,0,0,0,0,0,0,0,0,1,4,0.0,0.0,0.0,0.0,1.0,0.0,0.5,121,255,1.0,0.0,0.01,0.05,0.0,0.0,0.0,0.0,normal
0,tcp,private,S0,0,0,0,0,0,0,0,0,0,0,0,0,0,0,0,0,0,0,122,16,1.0,1.0,0.0,0.0,0.13,0.06,0.0,255,31,0.12,0.05,0.0,0.0,1.0,1.0,0.0,0.0,neptune
0,icmp,eco_i,SF,8,0,0,0,0,0,0,0,0,0,0,0,0,0,0,0,0,0,1,39,0.0,0.0,0.0,0.0,1.0,0.0,1.0,2,40,1.0,0.0,1.0,0.5,0.0,0.0,0.0,0.0,ipsweep
0,tcp,other,REJ,0,0,0,0,0,0,0,0,0,0,0,0,0,0,0,0,0,0,510,1,0.1,0.0,0.9,1.0,0.0,1.0,0.0,255,1,0.0,1.0,0.0,0.0,0.01,0.0,0.99,1.0,satan
0,icmp,eco_i,SF,8,0,0,0,0,0,0,0,0,0,0,0,0,0,0,0,0,0,1,34,0.0,0.0,0.0,0.0,1.0,0.0,1.0,1,255,1.0,0.0,1.0,0.5,0.0,0.0,0.0,0.0,ipsweep
0,tcp,ctf,S0,0,0,0,0,0,0,0,0,0,0,0,0,0,0,0,0,0,0,225,2,1.0,1.0,0.0,0.0,0.01,0.06,0.0,255,2,0.01,0.06,0.0,0.0,1.0,1.0,0.0,0.0,neptune
0,tcp,private,SH,0,0,0,0,0,0,0,0,0,0,0,0,0,0,0,0,0,0,1,1,1.0,1.0,0.0,0.0,1.0,0.0,0.0,249,1,0.0,0.96,0.97,0.0,0.97,1.0,0.0,0.0,nmap
0,tcp,domain,S0,0,0,0,0,0,1,0,0,0,0,0,0,0,0,0,0,0,0,140,1,0.72,1.0,0.28,0.0,0.01,0.37,0.0,255,1,0.0,0.2,0.55,0.0,0.4,1.0,0.15,0.0,portsweep
0,tcp,private,REJ,0,0,0,0,0,0,0,0,0,0,0,0,0,0,0,0,0,0,29,1,0.0,0.0,0.97,1.0,0.03,1.0,0.0,147,1,0.01,0.29,0.01,0.0,0.0,0.0,0.21,1.0,satan
0,tcp,other,REJ,0,0,0,0,0,0,0,0,0,0,0,0,0,0,0,0,0,0,508,1,0.09,0.0,0.9,1.0,0.0,1.0,0.0,255,1,0.0,1.0,0.0,0.0,0.08,0.0,0.92,1.0,satan
0,tcp,private,S0,0,0,0,0,0,0,0,0,0,0,0,0,0,0,0,0,0,0,215,14,1.0,1.0,0.0,0.0,0.07,0.07,0.0,255,14,0.05,0.08,0.0,0.0,1.0,1.0,0.0,0.0,neptune
0,icmp,eco_i,SF,8,0,0,0,0,0,0,0,0,0,0,0,0,0,0,0,0,0,1,25,0.0,0.0,0.0,0.0,1.0,0.0,1.0,2,72,1.0,0.0,1.0,0.5,0.0,0.0,0.0,0.0,ipsweep
31561,tcp,private,RSTR,1,0,0,0,0,0,0,0,0,0,0,0,0,0,0,0,0,0,2,2,0.0,0.0,1.0,1.0,1.0,0.0,0.0,255,2,0.01,0.82,1.0,0.0,0.0,0.0,1.0,1.0,portsweep
0,tcp,private,RSTR,0,0,0,0,0,0,0,0,0,0,0,0,0,0,0,0,0,0,1,1,0.0,0.0,1.0,1.0,1.0,0.0,0.0,255,1,0.0,0.7,1.0,0.0,0.0,0.0,1.0,1.0,portsweep
9,tcp,http,SF,54540,8314,0,0,0,2,0,1,1,0,0,0,0,0,0,0,0,0,4,4,0.0,0.0,0.75,0.75,1.0,0.0,0.0,6,6,1.0,0.0,0.17,0.0,0.0,0.0,0.83,0.83,back
4481,tcp,other,RSTR,1,0,0,0,0,0,0,0,0,0,0,0,0,0,0,0,0,0,2,2,0.0,0.0,1.0,1.0,1.0,0.0,0.0,255,2,0.01,0.74,1.0,0.0,0.0,0.0,1.0,1.0,portsweep
0,icmp,eco_i,SF,8,0,0,0,0,0,0,0,0,0,0,0,0,0,0,0,0,0,1,8,0.0,0.0,0.0,0.0,1.0,0.0,1.0,1,103,1.0,0.0,1.0,0.5,0.0,0.0,0.0,0.0,ipsweep
2,tcp,ftp,SF,1209,2449,0,0,0,28,0,1,0,0,0,0,0,0,0,0,0,1,1,1,0.0,0.0,0.0,0.0,1.0,0.0,0.0,209,37,0.18,0.02,0.0,0.0,0.0,0.0,0.01,0.0,warezclient
0,icmp,eco_i,SF,8,0,0,0,0,0,0,0,0,0,0,0,0,0,0,0,0,0,1,5,0.0,0.0,0.0,0.0,1.0,0.0,1.0,3,227,1.0,0.0,1.0,0.25,0.0,0.0,0.0,0.0,nmap
0,tcp,private,S0,0,0,0,0,0,0,0,0,0,0,0,0,0,0,0,0,0,0,268,14,1.0,1.0,0.0,0.0,0.05,0.06,0.0,255,15,0.06,0.08,0.0,0.0,1.0,1.0,0.0,0.0,neptune
0,icmp,eco_i,SF,18,0,0,0,0,0,0,0,0,0,0,0,0,0,0,0,0,0,1,1,0.0,0.0,0.0,0.0,1.0,0.0,0.0,1,151,1.0,0.0,1.0,1.0,0.0,0.0,0.0,0.0,ipsweep
0,tcp,private,RSTR,0,0,0,0,0,0,0,0,0,0,0,0,0,0,0,0,0,0,1,1,0.0,0.0,1.0,1.0,1.0,0.0,0.0,217,1,0.0,0.25,0.23,0.0,0.0,0.0,0.24,1.0,portsweep
0,udp,private,SF,1,0,0,0,0,0,0,0,0,0,0,0,0,0,0,0,0,0,27,20,0.0,0.0,0.0,0.0,0.74,0.11,0.0,255,20,0.08,0.58,0.47,0.0,0.05,0.0,0.48,0.0,satan
0,icmp,eco_i,SF,8,0,0,0,0,0,0,0,0,0,0,0,0,0,0,0,0,0,1,1,0.0,0.0,0.0,0.0,1.0,0.0,0.0,2,118,1.0,0.0,1.0,0.25,0.0,0.0,0.0,0.0,nmap
0,icmp,eco_i,SF,8,0,0,0,0,0,0,0,0,0,0,0,0,0,0,0,0,0,1,51,0.0,0.0,0.0,0.0,1.0,0.0,1.0,2,18,1.0,0.0,1.0,0.5,0.0,0.0,0.0,0.0,ipsweep
0,tcp,private,REJ,0,0,0,0,0,0,0,0,0,0,0,0,0,0,0,0,0,0,509,1,0.02,0.0,0.97,1.0,0.0,1.0,0.0,255,1,0.0,1.0,0.0,0.0,0.02,0.0,0.97,1.0,satan
0,udp,private,SF,1,0,0,0,0,0,0,0,0,0,0,0,0,0,0,0,0,0,33,17,0.0,0.0,0.0,0.0,0.52,0.09,0.0,255,17,0.07,0.6,0.45,0.0,0.05,0.0,0.5,0.0,satan
16553,tcp,other,RSTR,1,0,0,0,0,0,0,0,0,0,0,0,0,0,0,0,0,0,2,2,0.0,0.0,1.0,1.0,1.0,0.0,0.0,255,2,0.01,0.63,1.0,0.0,0.0,0.0,1.0,1.0,portsweep
0,tcp,private,REJ,0,0,0,0,0,0,0,0,0,0,0,0,0,0,0,0,0,0,186,1,0.02,0.0,0.95,1.0,0.01,1.0,0.0,255,1,0.0,0.76,0.0,0.0,0.01,0.0,0.71,1.0,satan
0,tcp,ftp,S0,0,0,0,0,0,0,0,0,0,0,0,0,0,0,0,0,0,0,231,10,1.0,1.0,0.0,0.0,0.04,0.07,0.0,255,10,0.04,0.08,0.0,0.0,1.0,1.0,0.0,0.0,neptune
0,icmp,eco_i,SF,8,0,0,0,0,0,0,0,0,0,0,0,0,0,0,0,0,0,1,16,0.0,0.0,0.0,0.0,1.0,0.0,1.0,1,231,1.0,0.0,1.0,0.5,0.0,0.0,0.0,0.0,ipsweep
0,tcp,ssh,S0,0,0,0,0,0,0,0,0,0,0,0,0,0,0,0,0,0,0,270,19,1.0,1.0,0.0,0.0,0.07,0.06,0.0,255,19,0.07,0.07,0.0,0.0,1.0,1.0,0.0,0.0,neptune
0,tcp,other,REJ,0,0,0,0,0,0,0,0,0,0,0,0,0,0,0,0,0,0,425,1,0.06,0.0,0.91,1.0,0.0,1.0,0.0,255,1,0.0,1.0,0.0,0.0,0.08,0.0,0.91,1.0,satan
0,icmp,ecr_i,SF,18,0,0,0,0,0,0,0,0,0,0,0,0,0,0,0,0,0,1,1,0.0,0.0,0.0,0.0,1.0,0.0,0.0,15,15,1.0,0.0,1.0,0.0,0.0,0.0,0.0,0.0,ipsweep
0,udp,private,SF,215,0,0,0,0,0,0,0,0,0,0,0,0,0,0,0,0,0,1,1,0.0,0.0,0.0,0.0,1.0,0.0,0.0,173,149,0.86,0.01,0.86,0.0,0.0,0.0,0.0,0.0,nmap
0,tcp,other,REJ,0,0,0,0,0,0,0,0,0,0,0,0,0,0,0,0,0,0,510,1,0.1,0.0,0.89,1.0,0.0,1.0,0.0,255,1,0.0,1.0,0.0,0.0,0.14,0.0,0.86,1.0,satan
0,icmp,eco_i,SF,18,0,0,0,0,0,0,0,0,0,0,0,0,0,0,0,0,0,1,1,0.0,0.0,0.0,0.0,1.0,0.0,0.0,1,9,1.0,0.0,1.0,0.33,0.0,0.0,0.0,0.0,ipsweep
0,tcp,other,REJ,0,0,0,0,0,0,0,0,0,0,0,0,0,0,0,0,0,0,509,1,0.17,0.0,0.83,1.0,0.0,1.0,0.0,255,1,0.0,1.0,0.0,0.0,0.16,0.0,0.84,1.0,satan
0,tcp,other,REJ,0,0,0,0,0,0,0,0,0,0,0,0,0,0,0,0,0,0,510,1,0.1,0.0,0.9,1.0,0.0,1.0,0.0,255,1,0.0,1.0,0.0,0.0,0.15,0.0,0.85,1.0,satan
0,tcp,private,REJ,0,0,0,0,0,0,0,0,0,0,0,0,0,0,0,0,0,0,2,1,0.0,0.0,1.0,1.0,0.5,1.0,0.0,255,1,0.0,0.56,0.55,0.0,0.0,0.0,0.55,1.0,portsweep
21907,tcp,private,RSTR,1,0,0,0,0,0,0,0,0,0,0,0,0,0,0,0,0,0,2,2,0.0,0.0,1.0,1.0,1.0,0.0,0.0,255,2,0.01,0.73,1.0,0.0,0.0,0.0,1.0,1.0,portsweep
0,tcp,private,REJ,0,0,0,0,0,0,0,0,0,0,0,0,0,0,0,0,0,0,70,1,0.0,0.0,0.93,1.0,0.01,1.0,0.0,195,1,0.01,0.42,0.01,0.0,0.0,0.0,0.35,1.0,satan
0,icmp,eco_i,SF,8,0,0,0,0,0,0,0,0,0,0,0,0,0,0,0,0,0,1,3,0.0,0.0,0.0,0.0,1.0,0.0,1.0,2,86,1.0,0.0,1.0,0.5,0.0,0.0,0.0,0.0,ipsweep
0,icmp,eco_i,SF,8,0,0,0,0,0,0,0,0,0,0,0,0,0,0,0,0,0,1,45,0.0,0.0,0.0,0.0,1.0,0.0,1.0,1,59,1.0,0.0,1.0,0.51,0.0,0.0,0.0,0.0,ipsweep
26421,tcp,private,RSTR,1,0,0,0,0,0,0,0,0,0,0,0,0,0,0,0,0,0,2,2,0.0,0.0,1.0,1.0,1.0,0.0,0.0,255,2,0.01,0.74,1.0,0.0,0.0,0.0,1.0,1.0,portsweep
0,icmp,eco_i,SF,8,0,0,0,0,0,0,0,0,0,0,0,0,0,0,0,0,0,1,5,0.0,0.0,0.0,0.0,1.0,0.0,1.0,2,10,1.0,0.0,1.0,0.5,0.0,0.0,0.0,0.0,ipsweep
0,icmp,eco_i,SF,8,0,0,0,0,0,0,0,0,0,0,0,0,0,0,0,0,0,1,4,0.0,0.0,0.0,0.0,1.0,0.0,1.0,1,11,1.0,0.0,1.0,0.55,0.0,0.0,0.0,0.0,ipsweep
0,tcp,remote_job,S0,0,0,0,0,0,0,0,0,0,0,0,0,0,0,0,0,0,0,79,1,0.78,1.0,0.22,0.0,0.01,0.38,0.0,255,1,0.0,0.12,0.31,0.0,0.24,1.0,0.07,0.0,portsweep
0,tcp,ftp_data,SF,11,0,0,0,0,0,0,1,0,0,0,0,0,0,0,0,0,0,2,2,0.0,0.0,0.0,0.0,1.0,0.0,0.0,120,45,0.13,0.05,0.13,0.04,0.01,0.0,0.0,0.0,normal
0,tcp,ssh,S0,0,0,0,0,0,0,0,0,0,0,0,0,0,0,0,0,0,0,201,17,1.0,1.0,0.0,0.0,0.08,0.06,0.0,255,17,0.07,0.07,0.0,0.0,1.0,1.0,0.0,0.0,neptune
0,tcp,private,SH,0,0,0,0,0,0,0,0,0,0,0,0,0,0,0,0,0,0,1,1,1.0,1.0,0.0,0.0,1.0,0.0,0.0,130,1,0.01,0.92,0.94,0.0,0.94,1.0,0.0,0.0,nmap
0,tcp,http,SF,212,1762,0,0,0,0,0,1,0,0,0,0,0,0,0,0,0,0,1,2,0.0,0.5,0.0,0.0,1.0,0.0,1.0,1,9,1.0,0.0,1.0,0.33,0.0,0.11,0.0,0.0,normal
0,tcp,http,SF,220,1745,0,0,0,0,0,1,0,0,0,0,0,0,0,0,0,0,11,32,0.0,0.0,0.0,0.0,1.0,0.0,0.16,255,255,1.0,0.0,0.0,0.0,0.0,0.0,0.0,0.0,normal
0,tcp,ftp_data,SF,334,0,0,0,0,0,0,1,0,0,0,0,0,0,0,0,0,0,1,1,0.0,0.0,0.0,0.0,1.0,0.0,0.0,5,23,1.0,0.0,1.0,0.17,0.0,0.0,0.0,0.0,warezclient
0,udp,private,SF,1,1,0,0,0,0,0,0,0,0,0,0,0,0,0,0,0,0,13,10,0.0,0.0,0.0,0.0,0.77,0.15,0.0,255,10,0.04,0.96,0.05,0.0,0.17,0.0,0.78,0.0,satan
0,icmp,eco_i,SF,8,0,0,0,0,0,0,0,0,0,0,0,0,0,0,0,0,0,1,5,0.0,0.0,0.0,0.0,1.0,0.0,1.0,1,62,1.0,0.0,1.0,0.52,0.0,0.0,0.0,0.0,ipsweep
0,udp,private,SF,1,0,0,0,0,0,0,0,0,0,0,0,0,0,0,0,0,0,145,135,0.0,0.0,0.0,0.0,0.93,0.01,0.0,255,203,0.8,0.03,1.0,0.0,0.0,0.0,0.0,0.0,satan
0,tcp,private,RSTR,0,0,0,0,0,0,0,0,0,0,0,0,0,0,0,0,0,0,1,1,0.0,0.0,1.0,1.0,1.0,0.0,0.0,255,1,0.0,0.46,0.9,0.0,0.0,0.0,0.9,1.0,portsweep
4,udp,domain_u,SF,42,42,0,0,0,0,0,0,0,0,0,0,0,0,0,0,0,0,1,1,0.0,0.0,0.0,0.0,1.0,0.0,0.0,255,233,0.91,0.01,0.0,0.0,0.0,0.0,0.0,0.0,normal
0,tcp,private,REJ,0,0,0,0,0,0,0,0,0,0,0,0,0,0,0,0,0,0,115,1,0.07,0.0,0.91,1.0,0.01,1.0,0.0,255,1,0.0,0.69,0.0,0.0,0.03,0.0,0.42,1.0,satan
0,tcp,other,REJ,0,0,0,0,0,0,0,0,0,0,0,0,0,0,0,0,0,0,511,1,0.06,0.0,0.94,1.0,0.0,0.96,0.0,255,1,0.0,0.91,0.0,0.0,0.03,0.0,0.97,1.0,satan
0,tcp,ftp,SF,1250,2451,0,0,0,28,0,1,0,0,0,0,0,0,0,0,0,1,1,1,0.0,0.0,0.0,0.0,1.0,0.0,0.0,237,65,0.27,0.02,0.0,0.0,0.0,0.0,0.01,0.0,warezclient
0,udp,private,SF,1,0,0,0,0,0,0,0,0,0,0,0,0,0,0,0,0,0,24,8,0.0,0.0,0.0,0.0,0.33,0.12,0.0,255,8,0.03,0.28,0.92,0.0,0.0,0.0,0.08,0.0,satan
0,icmp,eco_i,SF,8,0,0,0,0,0,0,0,0,0,0,0,0,0,0,0,0,0,1,32,0.0,0.0,0.0,0.0,1.0,0.0,1.0,1,41,1.0,0.0,1.0,0.27,0.0,0.0,0.0,0.0,nmap
0,icmp,eco_i,SF,18,0,0,0,0,0,0,0,0,0,0,0,0,0,0,0,0,0,1,1,0.0,0.0,0.0,0.0,1.0,0.0,0.0,1,131,1.0,0.0,1.0,1.0,0.0,0.0,0.0,0.0,ipsweep
0,tcp,other,REJ,0,0,0,0,0,0,0,0,0,0,0,0,0,0,0,0,0,0,509,1,0.21,0.0,0.78,1.0,0.0,1.0,0.0,255,1,0.0,1.0,0.0,0.0,0.23,0.0,0.76,1.0,satan
0,udp,private,SF,1,0,0,0,0,0,0,0,0,0,0,0,0,0,0,0,0,0,47,1,0.0,0.0,0.0,0.0,0.02,0.11,0.0,255,1,0.0,0.02,0.0,0.0,0.0,0.0,0.85,0.0,satan
0,tcp,private,RSTR,0,0,0,0,0,0,0,0,0,0,0,0,0,0,0,0,0,0,1,1,0.0,0.0,1.0,1.0,1.0,0.0,0.0,147,1,0.01,0.12,0.18,0.0,0.0,0.0,0.18,1.0,portsweep
0,tcp,other,REJ,0,0,0,0,0,0,0,0,0,0,0,0,0,0,0,0,0,0,509,1,0.22,0.0,0.77,1.0,0.0,1.0,0.0,255,1,0.0,1.0,0.0,0.0,0.18,0.0,0.82,1.0,satan
0,icmp,eco_i,SF,8,0,0,0,0,0,0,0,0,0,0,0,0,0,0,0,0,0,1,44,0.0,0.0,0.0,0.0,1.0,0.0,1.0,4,144,1.0,0.0,1.0,0.25,0.0,0.0,0.0,0.0,nmap
3,tcp,private,REJ,0,0,0,0,0,0,0,0,0,0,0,0,0,0,0,0,0,0,253,1,0.04,0.0,0.94,1.0,0.0,1.0,0.0,255,1,0.0,0.97,0.0,0.0,0.04,0.0,0.92,1.0,satan
0,icmp,eco_i,SF,8,0,0,0,0,0,0,0,0,0,0,0,0,0,0,0,0,0,1,5,0.0,0.0,0.0,0.0,1.0,0.0,1.0,2,36,1.0,0.0,1.0,0.5,0.0,0.0,0.0,0.0,ipsweep
0,tcp,private,REJ,0,0,0,0,0,0,0,0,0,0,0,0,0,0,0,0,0,0,1,1,0.0,0.0,1.0,1.0,1.0,0.0,0.0,59,1,0.02,1.0,0.02,0.0,0.0,0.0,0.95,1.0,ipsweep
0,udp,other,SF,1,0,0,0,0,0,0,0,0,0,0,0,0,0,0,0,0,0,12,1,0.0,0.0,0.0,0.0,0.08,0.67,0.0,255,1,0.0,0.19,1.0,0.0,0.0,0.0,0.0,0.0,satan
0,tcp,http,SF,227,4389,0,0,0,0,0,1,0,0,0,0,0,0,0,0,0,0,1,4,0.0,0.0,0.0,0.0,1.0,0.0,0.75,43,255,1.0,0.0,0.02,0.03,0.0,0.0,0.0,0.0,normal
0,tcp,private,REJ,0,0,0,0,0,0,0,0,0,0,0,0,0,0,0,0,0,0,509,1,0.02,0.0,0.97,1.0,0.0,1.0,0.0,255,1,0.0,1.0,0.0,0.0,0.02,0.0,0.96,1.0,satan
0,tcp,http,SF,229,18529,0,0,0,0,0,1,0,0,0,0,0,0,0,0,0,0,17,25,0.0,0.0,0.0,0.0,1.0,0.0,0.12,59,87,1.0,0.0,0.02,0.03,0.0,0.0,0.0,0.0,normal
0,udp,domain_u,SF,43,77,0,0,0,0,0,0,0,0,0,0,0,0,0,0,0,0,70,149,0.0,0.0,0.0,0.0,1.0,0.0,0.01,255,254,1.0,0.01,0.0,0.0,0.0,0.0,0.0,0.0,normal
0,tcp,courier,S0,0,0,0,0,0,0,0,0,0,0,0,0,0,0,0,0,0,0,125,10,1.0,1.0,0.0,0.0,0.08,0.06,0.0,255,9,0.04,0.08,0.0,0.0,1.0,1.0,0.0,0.0,neptune
0,tcp,kshell,S0,0,0,0,0,0,0,0,0,0,0,0,0,0,0,0,0,0,0,100,12,1.0,1.0,0.0,0.0,0.12,0.08,0.0,255,12,0.05,0.07,0.0,0.0,1.0,1.0,0.0,0.0,neptune
0,udp,domain_u,SF,36,0,0,0,0,0,0,0,0,0,0,0,0,0,0,0,0,0,1,5,0.0,0.0,0.0,0.0,1.0,0.0,0.8,220,26,0.11,0.03,0.11,0.08,0.0,0.0,0.0,0.0,normal
0,icmp,eco_i,SF,8,0,0,0,0,0,0,0,0,0,0,0,0,0,0,0,0,0,1,24,0.0,0.0,0.0,0.0,1.0,0.0,1.0,4,12,1.0,0.0,1.0,0.25,0.0,0.0,0.0,0.0,nmap
0,icmp,eco_i,SF,8,0,0,0,0,0,0,0,0,0,0,0,0,0,0,0,0,0,1,12,0.0,0.0,0.0,0.0,1.0,0.0,1.0,1,41,1.0,0.0,1.0,0.54,0.0,0.0,0.0,0.0,ipsweep
0,tcp,http,SF,319,6534,0,0,0,0,0,1,0,0,0,0,0,0,0,0,0,0,12,28,0.0,0.0,0.0,0.0,1.0,0.0,0.07,255,255,1.0,0.0,0.0,0.0,0.0,0.0,0.0,0.0,normal
0,tcp,finger,S0,0,0,0,0,0,0,0,0,0,0,0,0,0,0,0,0,0,0,35,16,1.0,1.0,0.0,0.0,0.46,0.06,0.0,255,16,0.06,0.07,0.01,0.0,1.0,1.0,0.0,0.0,neptune
0,udp,private,SF,1,0,0,0,0,0,0,0,0,0,0,0,0,0,0,0,0,0,43,8,0.0,0.0,0.0,0.0,0.19,0.09,0.0,255,18,0.07,0.61,0.42,0.0,0.16,0.0,0.42,0.0,satan
0,icmp,eco_i,SF,8,0,0,0,0,0,0,0,0,0,0,0,0,0,0,0,0,0,1,30,0.0,0.0,0.0,0.0,1.0,0.0,1.0,4,61,1.0,0.0,1.0,0.26,0.0,0.0,0.0,0.0,nmap
0,icmp,eco_i,SF,18,0,0,0,0,0,0,0,0,0,0,0,0,0,0,0,0,0,1,1,0.0,0.0,0.0,0.0,1.0,0.0,0.0,3,10,1.0,0.0,1.0,0.3,0.0,0.0,0.0,0.0,ipsweep
0,icmp,eco_i,SF,8,0,0,0,0,0,0,0,0,0,0,0,0,0,0,0,0,0,1,23,0.0,0.0,0.0,0.0,1.0,0.0,1.0,2,114,1.0,0.0,1.0,0.5,0.0,0.0,0.0,0.0,ipsweep
0,tcp,daytime,S0,0,0,0,0,0,0,0,0,0,0,0,0,0,0,0,0,0,0,117,4,1.0,1.0,0.0,0.0,0.03,0.07,0.0,255,2,0.01,0.07,0.0,0.0,1.0,1.0,0.0,0.0,neptune
0,udp,other,SF,1,0,0,0,0,0,0,0,0,0,0,0,0,0,0,0,0,0,91,1,0.0,0.0,0.0,0.0,0.01,0.05,0.0,255,1,0.0,0.06,1.0,0.0,0.0,0.0,0.0,0.0,satan
30639,tcp,private,RSTR,1,0,0,0,0,0,0,0,0,0,0,0,0,0,0,0,0,0,2,2,0.0,0.0,1.0,1.0,1.0,0.0,0.0,255,2,0.01,0.72,1.0,0.0,0.0,0.0,1.0,1.0,portsweep
0,udp,domain_u,SF,1,0,0,0,0,0,0,0,0,0,0,0,0,0,0,0,0,0,21,3,0.0,0.0,0.0,0.0,0.14,0.14,0.0,255,3,0.01,0.92,0.09,0.0,0.03,0.0,0.88,0.0,satan
0,tcp,private,REJ,0,0,0,0,0,0,0,0,0,0,0,0,0,0,0,0,0,0,307,1,0.03,0.0,0.95,1.0,0.0,1.0,0.0,255,1,0.0,0.98,0.0,0.0,0.04,0.0,0.94,1.0,satan
0,udp,domain_u,SF,44,113,0,0,0,0,0,0,0,0,0,0,0,0,0,0,0,0,1,3,0.0,0.0,0.0,0.0,1.0,0.0,0.67,255,236,0.93,0.01,0.0,0.0,0.0,0.0,0.02,0.0,normal
8615,tcp,other,RSTR,1,0,0,0,0,0,0,0,0,0,0,0,0,0,0,0,0,0,2,2,0.0,0.0,1.0,1.0,1.0,0.0,0.0,255,2,0.01,0.7,1.0,0.0,0.0,0.0,1.0,1.0,portsweep
0,tcp,private,S0,0,0,0,0,0,0,0,0,0,0,0,0,0,0,0,0,0,0,127,16,1.0,1.0,0.0,0.0,0.13,0.06,0.0,91,6,0.07,0.12,0.01,0.0,1.0,1.0,0.0,0.0,neptune
41411,tcp,private,RSTR,1,0,0,0,0,0,0,0,0,0,0,0,0,0,0,0,0,0,2,2,0.0,0.0,1.0,1.0,1.0,0.0,0.0,252,2,0.01,0.27,0.52,0.0,0.0,0.0,0.52,1.0,portsweep
0,udp,private,SF,1,0,0,0,0,0,0,0,0,0,0,0,0,0,0,0,0,0,103,66,0.0,0.0,0.0,0.0,0.64,0.06,0.0,255,126,0.49,0.06,1.0,0.0,0.0,0.0,0.0,0.0,satan
0,tcp,other,REJ,0,0,0,0,0,0,0,0,0,0,0,0,0,0,0,0,0,0,395,1,0.09,0.0,0.91,1.0,0.0,1.0,0.0,255,1,0.0,1.0,0.0,0.0,0.11,0.0,0.89,1.0,satan
0,tcp,private,REJ,0,0,0,0,0,0,0,0,0,0,0,0,0,0,0,0,0,0,1,1,0.0,0.0,1.0,1.0,1.0,0.0,0.0,53,2,0.02,1.0,0.02,1.0,0.0,0.0,0.92,1.0,ipsweep
31158,tcp,private,RSTR,1,0,0,0,0,0,0,0,0,0,0,0,0,0,0,0,0,0,2,2,0.0,0.0,1.0,1.0,1.0,0.0,0.0,255,2,0.01,0.8,1.0,0.0,0.0,0.0,1.0,1.0,portsweep
0,icmp,eco_i,SF,8,0,0,0,0,0,0,0,0,0,0,0,0,0,0,0,0,0,1,33,0.0,0.0,0.0,0.0,1.0,0.0,1.0,1,58,1.0,0.0,1.0,0.52,0.0,0.0,0.0,0.0,ipsweep
0,tcp,private,REJ,0,0,0,0,0,0,0,0,0,0,0,0,0,0,0,0,0,0,1,1,0.0,0.0,1.0,1.0,1.0,0.0,0.0,47,2,0.02,1.0,0.02,1.0,0.0,0.0,0.89,1.0,ipsweep
0,icmp,eco_i,SF,18,0,0,0,0,0,0,0,0,0,0,0,0,0,0,0,0,0,1,1,0.0,0.0,0.0,0.0,1.0,0.0,0.0,1,176,1.0,0.0,1.0,1.0,0.0,0.0,0.0,0.0,ipsweep
30217,tcp,private,RSTR,1,0,0,0,0,0,0,0,0,0,0,0,0,0,0,0,0,0,2,2,0.0,0.0,1.0,1.0,1.0,0.0,0.0,255,2,0.01,0.64,1.0,0.0,0.0,0.0,1.0,1.0,portsweep
0,tcp,private,SH,0,0,0,0,0,0,0,0,0,0,0,0,0,0,0,0,0,0,1,1,1.0,1.0,0.0,0.0,1.0,0.0,0.0,167,1,0.01,0.94,0.95,0.0,0.95,1.0,0.0,0.0,nmap
0,tcp,netbios_ns,REJ,0,0,0,0,0,0,0,0,0,0,0,0,0,0,0,0,0,0,160,5,0.0,0.0,1.0,1.0,0.03,0.08,0.0,255,5,0.02,0.07,0.0,0.0,0.0,0.0,1.0,1.0,neptune
14299,tcp,other,RSTR,1,0,0,0,0,0,0,0,0,0,0,0,0,0,0,0,0,0,2,2,0.0,0.0,1.0,1.0,1.0,0.0,0.0,255,2,0.01,0.68,1.0,0.0,0.0,0.0,1.0,1.0,portsweep
0,udp,private,SF,1,0,0,0,0,0,0,0,0,0,0,0,0,0,0,0,0,0,32,16,0.0,0.0,0.0,0.0,0.5,0.09,0.0,255,16,0.06,0.6,0.44,0.0,0.05,0.0,0.51,0.0,satan
22,tcp,private,RSTR,0,0,0,0,0,0,0,0,0,0,0,0,0,0,0,0,0,0,1,1,0.0,0.0,1.0,1.0,1.0,0.0,0.0,255,1,0.0,1.0,1.0,0.0,0.0,0.0,1.0,1.0,portsweep
0,tcp,nnsp,REJ,0,0,0,0,0,0,0,0,0,0,0,0,0,0,0,0,0,0,2,1,0.0,0.0,1.0,1.0,0.5,1.0,0.0,255,1,0.0,1.0,1.0,0.0,0.0,0.0,1.0,1.0,portsweep
0,icmp,eco_i,SF,8,0,0,0,0,0,0,0,0,0,0,0,0,0,0,0,0,0,1,34,0.0,0.0,0.0,0.0,1.0,0.0,1.0,2,56,1.0,0.0,1.0,0.5,0.0,0.0,0.0,0.0,ipsweep
0,tcp,private,S0,0,0,0,0,0,0,0,0,0,0,0,0,0,0,0,0,0,0,136,14,1.0,1.0,0.0,0.0,0.1,0.06,0.0,255,32,0.13,0.07,0.0,0.0,1.0,1.0,0.0,0.0,neptune
0,udp,private,SF,1,0,0,0,0,0,0,0,0,0,0,0,0,0,0,0,0,0,76,6,0.0,0.0,0.0,0.0,0.08,0.08,0.0,255,6,0.02,0.2,1.0,0.0,0.0,0.0,0.0,0.0,satan
0,icmp,eco_i,SF,8,0,0,0,0,0,0,0,0,0,0,0,0,0,0,0,0,0,1,43,0.0,0.0,0.0,0.0,1.0,0.0,1.0,2,42,1.0,0.0,1.0,0.26,0.0,0.0,0.0,0.0,nmap
1,tcp,smtp,SF,8952,332,0,0,0,0,0,1,0,0,0,0,0,0,0,0,0,0,1,2,0.0,0.0,0.0,0.0,1.0,0.0,1.0,97,198,0.79,0.04,0.01,0.01,0.0,0.0,0.0,0.0,normal
0,tcp,http,SF,233,32395,0,0,0,0,0,1,0,0,0,0,0,0,0,0,0,0,15,15,0.0,0.0,0.0,0.0,1.0,0.0,0.0,255,255,1.0,0.0,0.0,0.0,0.0,0.0,0.0,0.0,normal
14,tcp,telnet,SF,141,2713,0,0,0,0,0,1,0,0,0,0,0,0,0,0,0,0,1,1,0.0,0.0,0.0,0.0,1.0,0.0,0.0,21,18,0.05,0.14,0.05,0.22,0.0,0.11,0.0,0.0,normal
0,tcp,private,REJ,0,0,0,0,0,0,0,0,0,0,0,0,0,0,0,0,0,0,284,1,0.07,0.0,0.88,1.0,0.0,1.0,0.0,255,1,0.0,1.0,0.0,0.0,0.08,0.0,0.87,1.0,satan
7,tcp,ssh,RSTO,0,15,0,0,0,0,0,1,0,0,0,0,0,0,0,0,0,0,1,1,0.0,0.0,1.0,1.0,1.0,0.0,0.0,3,2,0.33,1.0,0.33,1.0,0.0,0.0,1.0,1.0,ipsweep
0,icmp,eco_i,SF,18,0,0,0,0,0,0,0,0,0,0,0,0,0,0,0,0,0,1,1,0.0,0.0,0.0,0.0,1.0,0.0,0.0,1,16,1.0,0.0,1.0,1.0,0.0,0.0,0.0,0.0,ipsweep
0,tcp,smtp,SF,1177,332,0,0,0,0,0,1,0,0,0,0,0,0,0,0,0,0,1,1,0.0,0.0,0.0,0.0,1.0,0.0,0.0,88,150,0.52,0.06,0.01,0.01,0.0,0.0,0.0,0.0,normal
0,icmp,eco_i,SF,8,0,0,0,0,0,0,0,0,0,0,0,0,0,0,0,0,0,1,20,0.0,0.0,0.0,0.0,1.0,0.0,1.0,1,86,1.0,0.0,1.0,0.51,0.0,0.0,0.0,0.0,ipsweep
0,tcp,ftp_data,SF,334,0,0,0,0,0,0,1,0,0,0,0,0,0,0,0,0,0,1,1,0.0,0.0,0.0,0.0,1.0,0.0,0.0,3,15,1.0,0.0,1.0,0.2,0.0,0.0,0.0,0.0,warezclient
0,icmp,ecr_i,SF,18,0,0,0,0,0,0,0,0,0,0,0,0,0,0,0,0,0,1,1,0.0,0.0,0.0,0.0,1.0,0.0,0.0,3,3,1.0,0.0,1.0,0.0,0.0,0.0,0.0,0.0,ipsweep
0,tcp,time,RSTR,0,0,0,0,0,0,0,0,0,0,0,0,0,0,0,0,0,0,1,1,0.0,0.0,1.0,1.0,1.0,0.0,0.0,135,1,0.01,0.28,0.27,0.0,0.0,0.0,0.27,1.0,portsweep
0,udp,private,SF,1,0,0,0,0,0,0,0,0,0,0,0,0,0,0,0,0,0,5,5,0.0,0.0,0.0,0.0,1.0,0.0,0.0,255,5,0.02,0.41,0.78,0.0,0.0,0.0,0.22,0.0,satan
0,icmp,eco_i,SF,8,0,0,0,0,0,0,0,0,0,0,0,0,0,0,0,0,0,1,46,0.0,0.0,0.0,0.0,1.0,0.0,1.0,1,81,1.0,0.0,1.0,0.51,0.0,0.0,0.0,0.0,ipsweep
0,tcp,private,REJ,0,0,0,0,0,0,0,0,0,0,0,0,0,0,0,0,0,0,2,1,0.0,0.0,1.0,1.0,0.5,1.0,0.0,255,1,0.0,0.72,0.7,0.0,0.0,0.0,0.7,1.0,portsweep
0,tcp,mtp,REJ,0,0,0,0,0,0,0,0,0,0,0,0,0,0,0,0,0,0,510,1,0.08,0.0,0.92,1.0,0.0,1.0,0.0,255,1,0.0,1.0,0.0,0.0,0.13,0.0,0.87,1.0,satan
0,udp,private,SF,1,0,0,0,0,0,0,0,0,0,0,0,0,0,0,0,0,0,85,58,0.0,0.0,0.0,0.0,0.68,0.05,0.0,255,120,0.47,0.05,1.0,0.0,0.0,0.0,0.0,0.0,satan
0,tcp,other,REJ,0,0,0,0,0,0,0,0,0,0,0,0,0,0,0,0,0,0,511,1,0.21,0.0,0.79,1.0,0.0,1.0,0.0,255,1,0.0,1.0,0.0,0.0,0.27,0.0,0.73,1.0,satan
0,icmp,eco_i,SF,8,0,0,0,0,0,0,0,0,0,0,0,0,0,0,0,0,0,1,21,0.0,0.0,0.0,0.0,1.0,0.0,1.0,2,62,1.0,0.0,1.0,0.5,0.0,0.0,0.0,0.0,ipsweep
0,icmp,eco_i,SF,8,0,0,0,0,0,0,0,0,0,0,0,0,0,0,0,0,0,1,18,0.0,0.0,0.0,0.0,1.0,0.0,1.0,3,171,1.0,0.0,1.0,0.25,0.0,0.0,0.0,0.0,nmap
0,tcp,private,REJ,0,0,0,0,0,0,0,0,0,0,0,0,0,0,0,0,0,0,259,1,0.08,0.0,0.87,1.0,0.0,1.0,0.0,255,1,0.0,1.0,0.0,0.0,0.08,0.0,0.87,1.0,satan
0,icmp,eco_i,SF,18,0,0,0,0,0,0,0,0,0,0,0,0,0,0,0,0,0,1,1,0.0,0.0,0.0,0.0,1.0,0.0,0.0,1,133,1.0,0.0,1.0,0.26,0.0,0.0,0.0,0.0,ipsweep
0,tcp,private,RSTR,0,0,0,0,0,0,0,0,0,0,0,0,0,0,0,0,0,0,1,1,0.0,0.0,1.0,1.0,1.0,0.0,0.0,186,1,0.01,0.47,0.47,0.0,0.0,0.0,0.47,1.0,portsweep
0,tcp,finger,SF,5,19,0,0,0,0,0,0,0,0,0,0,0,0,0,0,0,0,2,1,0.0,0.0,0.0,0.0,0.5,1.0,0.0,255,1,0.0,0.02,0.0,0.0,0.0,0.0,0.0,0.0,satan
0,tcp,smtp,SF,1163,388,0,0,0,0,0,1,0,0,0,0,0,0,0,0,0,0,1,1,0.0,0.0,0.0,0.0,1.0,0.0,0.0,255,7,0.03,0.09,0.0,0.0,0.88,0.0,0.01,0.0,normal
0,tcp,private,SH,0,0,0,0,0,0,0,0,0,0,0,0,0,0,0,0,0,0,1,1,1.0,1.0,0.0,0.0,1.0,0.0,0.0,37,1,0.03,0.76,0.78,0.0,0.78,1.0,0.0,0.0,nmap
0,icmp,eco_i,SF,18,0,0,0,0,0,0,0,0,0,0,0,0,0,0,0,0,0,1,1,0.0,0.0,0.0,0.0,1.0,0.0,0.0,1,113,1.0,0.0,1.0,0.26,0.0,0.0,0.0,0.0,ipsweep
0,icmp,eco_i,SF,8,0,0,0,0,0,0,0,0,0,0,0,0,0,0,0,0,0,1,12,0.0,0.0,0.0,0.0,1.0,0.0,1.0,1,129,1.0,0.0,1.0,0.51,0.0,0.0,0.0,0.0,ipsweep
0,tcp,private,REJ,0,0,0,0,0,0,0,0,0,0,0,0,0,0,0,0,0,0,43,1,0.0,0.0,1.0,1.0,0.02,0.56,0.0,213,1,0.0,0.12,0.2,0.0,0.01,0.0,0.43,1.0,portsweep
0,icmp,eco_i,SF,8,0,0,0,0,0,0,0,0,0,0,0,0,0,0,0,0,0,1,6,0.0,0.0,0.0,0.0,1.0,0.0,1.0,4,255,1.0,0.0,1.0,0.25,0.0,0.0,0.0,0.0,nmap
0,tcp,private,RSTR,0,0,0,0,0,0,0,0,0,0,0,0,0,0,0,0,0,0,1,1,0.0,0.0,1.0,1.0,1.0,0.0,0.0,255,1,0.0,0.12,0.11,0.0,0.0,0.0,0.11,1.0,portsweep
42108,tcp,private,RSTR,1,0,0,0,0,0,0,0,0,0,0,0,0,0,0,0,0,0,2,2,0.0,0.0,1.0,1.0,1.0,0.0,0.0,188,2,0.01,0.19,0.36,0.0,0.0,0.0,0.36,1.0,portsweep
0,icmp,ecr_i,SF,1032,0,0,0,0,0,0,0,0,0,0,0,0,0,0,0,0,0,174,174,0.0,0.0,0.0,0.0,1.0,0.0,0.0,255,174,0.68,0.01,0.68,0.0,0.0,0.0,0.0,0.0,smurf
0,tcp,http,SF,300,885,0,0,0,0,0,1,0,0,0,0,0,0,0,0,0,0,8,8,0.0,0.0,0.0,0.0,1.0,0.0,0.0,255,255,1.0,0.0,0.0,0.0,0.0,0.0,0.0,0.0,normal
0,tcp,other,REJ,0,0,0,0,0,0,0,0,0,0,0,0,0,0,0,0,0,0,401,1,0.07,0.0,0.9,1.0,0.0,1.0,0.0,255,1,0.0,1.0,0.0,0.0,0.08,0.0,0.91,1.0,satan
0,tcp,private,REJ,0,0,0,0,0,0,0,0,0,0,0,0,0,0,0,0,0,0,202,1,0.09,0.0,0.9,1.0,0.0,1.0,0.0,255,1,0.0,0.9,0.0,0.0,0.07,0.0,0.72,1.0,satan
6,tcp,telnet,SF,0,15,0,0,0,0,0,0,0,0,0,0,0,0,0,0,0,0,1,1,0.0,0.0,0.0,0.0,1.0,0.0,0.0,4,1,0.25,1.0,0.25,0.0,0.0,0.0,0.75,0.0,ipsweep
0,udp,private,SF,215,0,0,0,0,0,0,0,0,0,0,0,0,0,0,0,0,0,1,1,0.0,0.0,0.0,0.0,1.0,0.0,0.0,205,173,0.84,0.01,0.84,0.0,0.0,0.0,0.0,0.0,nmap
0,icmp,eco_i,SF,8,0,0,0,0,0,0,0,0,0,0,0,0,0,0,0,0,0,1,9,0.0,0.0,0.0,0.0,1.0,0.0,1.0,1,33,1.0,0.0,1.0,0.52,0.0,0.0,0.0,0.0,ipsweep
0,tcp,other,REJ,0,0,0,0,0,0,0,0,0,0,0,0,0,0,0,0,0,0,511,1,0.18,0.0,0.82,1.0,0.0,1.0,0.0,255,1,0.0,1.0,0.0,0.0,0.06,0.0,0.94,1.0,satan
0,tcp,private,S0,0,0,0,0,0,0,0,0,0,0,0,0,0,0,0,0,0,0,299,12,1.0,1.0,0.0,0.0,0.04,0.05,0.0,255,11,0.04,0.06,0.0,0.0,1.0,1.0,0.0,0.0,neptune
0,tcp,http,SF,203,1303,0,0,0,0,0,1,0,0,0,0,0,0,0,0,0,0,9,11,0.0,0.0,0.0,0.0,1.0,0.0,0.18,119,255,1.0,0.0,0.01,0.01,0.0,0.0,0.0,0.0,normal
4561,tcp,other,RSTR,1,0,0,0,0,0,0,0,0,0,0,0,0,0,0,0,0,0,2,2,0.0,0.0,1.0,1.0,1.0,0.0,0.0,255,2,0.01,0.74,1.0,0.0,0.0,0.0,1.0,1.0,portsweep
0,tcp,http,SF,208,2568,0,0,0,0,0,1,0,0,0,0,0,0,0,0,0,0,17,57,0.06,0.04,0.0,0.0,1.0,0.0,0.11,255,255,1.0,0.0,0.0,0.0,0.0,0.0,0.0,0.0,normal
0,tcp,private,RSTR,0,0,0,0,0,0,0,0,0,0,0,0,0,0,0,0,0,0,1,1,0.0,0.0,1.0,1.0,1.0,0.0,0.0,54,1,0.02,0.17,0.11,0.0,0.11,0.0,0.11,1.0,portsweep
1,tcp,nntp,SF,6,0,0,0,0,0,0,1,0,0,0,0,0,0,0,0,0,0,6,1,0.0,0.0,0.33,0.0,0.17,1.0,0.0,113,1,0.01,0.1,0.01,0.0,0.0,0.0,0.02,0.0,satan
0,icmp,eco_i,SF,18,0,0,0,0,0,0,0,0,0,0,0,0,0,0,0,0,0,1,1,0.0,0.0,0.0,0.0,1.0,0.0,0.0,2,62,1.0,0.0,1.0,0.26,0.0,0.0,0.0,0.0,ipsweep
0,tcp,other,REJ,0,0,0,0,0,0,0,0,0,0,0,0,0,0,0,0,0,0,319,1,0.1,0.0,0.9,1.0,0.0,1.0,0.0,255,1,0.0,1.0,0.0,0.0,0.09,0.0,0.9,1.0,satan
0,udp,domain_u,SF,45,81,0,0,0,0,0,0,0,0,0,0,0,0,0,0,0,0,226,226,0.0,0.0,0.0,0.0,1.0,0.0,0.0,255,250,0.98,0.01,0.01,0.0,0.0,0.0,0.0,0.0,normal
0,icmp,eco_i,SF,8,0,0,0,0,0,0,0,0,0,0,0,0,0,0,0,0,0,1,19,0.0,0.0,0.0,0.0,1.0,0.0,1.0,2,255,1.0,0.0,1.0,0.5,0.0,0.0,0.0,0.0,ipsweep
0,icmp,eco_i,SF,8,0,0,0,0,0,0,0,0,0,0,0,0,0,0,0,0,0,1,2,0.0,0.0,0.0,0.0,1.0,0.0,1.0,2,22,1.0,0.0,1.0,0.5,0.0,0.0,0.0,0.0,ipsweep
0,icmp,eco_i,SF,8,0,0,0,0,0,0,0,0,0,0,0,0,0,0,0,0,0,1,1,0.0,0.0,0.0,0.0,1.0,0.0,0.0,1,37,1.0,0.0,1.0,0.27,0.0,0.0,0.0,0.0,nmap
10,tcp,ftp_data,SF,0,5150823,0,0,0,0,0,0,0,0,0,0,0,0,0,0,0,0,1,1,0.0,0.0,0.0,0.0,1.0,0.0,0.0,7,7,1.0,0.0,1.0,0.0,0.0,0.0,0.0,0.0,warezmaster
0,tcp,private,RSTR,0,0,0,0,0,0,0,0,0,0,0,0,0,0,0,0,0,0,1,1,0.0,0.0,1.0,1.0,1.0,0.0,0.0,60,1,0.02,0.25,0.2,0.0,0.1,0.0,0.2,1.0,portsweep
0,tcp,other,REJ,0,0,0,0,0,0,0,0,0,0,0,0,0,0,0,0,0,0,371,1,0.06,0.0,0.91,1.0,0.0,1.0,0.0,255,1,0.0,1.0,0.0,0.0,0.08,0.0,0.91,1.0,satan
0,tcp,finger,SF,5,1886,0,0,0,0,0,0,0,0,0,0,0,0,0,0,0,0,7,1,0.0,0.0,0.0,0.0,0.14,0.71,0.0,151,3,0.02,0.06,0.01,0.0,0.01,0.0,0.0,0.0,satan
0,udp,private,SF,1,0,0,0,0,0,0,0,0,0,0,0,0,0,0,0,0,0,8,8,0.0,0.0,0.0,0.0,1.0,0.0,0.0,255,79,0.31,0.11,0.94,0.0,0.0,0.0,0.06,0.0,satan
0,tcp,private,REJ,0,0,0,0,0,0,0,0,0,0,0,0,0,0,0,0,0,0,2,1,0.0,0.0,1.0,1.0,0.5,1.0,0.0,255,1,0.0,0.22,0.2,0.0,0.0,0.0,0.2,1.0,portsweep
0,tcp,netbios_ns,S0,0,0,0,0,0,0,0,0,0,0,0,0,0,0,0,0,0,0,282,12,1.0,1.0,0.0,0.0,0.04,0.06,0.0,255,6,0.02,0.07,0.0,0.0,1.0,1.0,0.0,0.0,neptune
0,icmp,eco_i,SF,8,0,0,0,0,0,0,0,0,0,0,0,0,0,0,0,0,0,1,13,0.0,0.0,0.0,0.0,1.0,0.0,1.0,2,58,1.0,0.0,1.0,0.5,0.0,0.0,0.0,0.0,ipsweep
0,icmp,eco_i,SF,8,0,0,0,0,0,0,0,0,0,0,0,0,0,0,0,0,0,1,23,0.0,0.0,0.0,0.0,1.0,0.0,1.0,1,63,1.0,0.0,1.0,0.51,0.0,0.0,0.0,0.0,ipsweep
0,tcp,smtp,S0,0,0,0,0,0,0,0,0,0,0,0,0,0,0,0,0,0,0,263,20,1.0,1.0,0.0,0.0,0.08,0.06,0.0,255,20,0.08,0.07,0.0,0.0,1.0,1.0,0.0,0.0,neptune
0,tcp,http,SF,221,582,0,0,0,0,0,1,0,0,0,0,0,0,0,0,0,0,19,21,0.0,0.0,0.0,0.0,1.0,0.0,0.1,19,255,1.0,0.0,0.05,0.05,0.0,0.0,0.0,0.0,normal
0,tcp,http,SF,201,841,0,0,0,0,0,1,0,0,0,0,0,0,0,0,0,0,6,19,0.0,0.0,0.0,0.0,1.0,0.0,0.11,6,255,1.0,0.0,0.17,0.04,0.0,0.0,0.0,0.0,normal
0,tcp,private,RSTR,0,0,0,0,0,0,0,0,0,0,0,0,0,0,0,0,0,0,1,1,0.0,0.0,1.0,1.0,1.0,0.0,0.0,115,1,0.01,0.18,0.15,0.0,0.0,0.0,0.14,1.0,portsweep
0,icmp,eco_i,SF,8,0,0,0,0,0,0,0,0,0,0,0,0,0,0,0,0,0,1,2,0.0,0.0,0.0,0.0,1.0,0.0,1.0,2,255,1.0,0.0,1.0,0.5,0.0,0.0,0.0,0.0,ipsweep
0,tcp,other,REJ,0,0,0,0,0,0,0,0,0,0,0,0,0,0,0,0,0,0,352,1,0.09,0.0,0.91,1.0,0.0,1.0,0.0,255,1,0.0,1.0,0.0,0.0,0.09,0.0,0.9,1.0,satan
0,icmp,eco_i,SF,18,0,0,0,0,0,0,0,0,0,0,0,0,0,0,0,0,0,1,1,0.0,0.0,0.0,0.0,1.0,0.0,0.0,1,241,1.0,0.0,1.0,1.0,0.0,0.0,0.0,0.0,ipsweep
0,tcp,http,SF,292,1718,0,0,0,0,0,1,0,0,0,0,0,0,0,0,0,0,8,9,0.0,0.0,0.0,0.0,1.0,0.0,0.22,198,255,1.0,0.0,0.01,0.01,0.0,0.0,0.0,0.0,normal
0,icmp,eco_i,SF,8,0,0,0,0,0,0,0,0,0,0,0,0,0,0,0,0,0,1,21,0.0,0.0,0.0,0.0,1.0,0.0,1.0,1,73,1.0,0.0,1.0,0.51,0.0,0.0,0.0,0.0,ipsweep
0,tcp,echo,RSTR,0,0,0,0,0,0,0,0,0,0,0,0,0,0,0,0,0,0,1,1,0.0,0.0,1.0,1.0,1.0,0.0,0.0,55,1,0.02,0.18,0.13,0.0,0.11,0.0,0.13,1.0,portsweep
0,udp,private,SF,1,0,0,0,0,0,0,0,0,0,0,0,0,0,0,0,0,0,17,14,0.0,0.0,0.0,0.0,0.82,0.12,0.0,255,14,0.05,0.93,0.08,0.0,0.03,0.0,0.89,0.0,satan
2,tcp,smtp,SF,20438,337,0,0,0,0,0,1,0,0,0,0,0,0,0,0,0,0,1,1,0.0,0.0,0.0,0.0,1.0,0.0,0.0,58,206,0.83,0.05,0.02,0.01,0.02,0.0,0.0,0.0,normal
0,icmp,eco_i,SF,18,0,0,0,0,0,0,0,0,0,0,0,0,0,0,0,0,0,1,1,0.0,0.0,0.0,0.0,1.0,0.0,0.0,1,224,1.0,0.0,1.0,1.0,0.0,0.0,0.0,0.0,ipsweep
0,icmp,eco_i,SF,8,0,0,0,0,0,0,0,0,0,0,0,0,0,0,0,0,0,1,16,0.0,0.0,0.0,0.0,1.0,0.0,1.0,2,96,1.0,0.0,1.0,0.5,0.0,0.0,0.0,0.0,ipsweep
0,tcp,http,SF,204,6632,0,0,0,0,0,1,0,0,0,0,0,0,0,0,0,0,7,25,0.0,0.0,0.0,0.0,1.0,0.0,0.12,7,57,1.0,0.0,0.14,0.07,0.0,0.04,0.0,0.02,normal
0,udp,domain_u,SF,42,42,0,0,0,0,0,0,0,0,0,0,0,0,0,0,0,0,12,21,0.0,0.0,0.0,0.0,1.0,0.0,0.24,255,255,1.0,0.0,0.0,0.0,0.0,0.0,0.0,0.0,normal
35220,tcp,private,RSTR,1,0,0,0,0,0,0,0,0,0,0,0,0,0,0,0,0,0,2,2,0.0,0.0,1.0,1.0,1.0,0.0,0.0,255,2,0.01,0.58,1.0,0.0,0.0,0.0,1.0,1.0,portsweep
0,udp,private,SF,215,0,0,0,0,0,0,0,0,0,0,0,0,0,0,0,0,0,1,1,0.0,0.0,0.0,0.0,1.0,0.0,0.0,117,101,0.86,0.02,0.86,0.0,0.0,0.0,0.0,0.0,nmap
0,tcp,http,SF,215,525,0,0,0,0,0,1,0,0,0,0,0,0,0,0,0,0,2,3,0.0,0.0,0.0,0.0,1.0,0.0,0.67,7,255,1.0,0.0,0.14,0.03,0.0,0.0,0.0,0.0,normal
0,tcp,http,SF,342,1462,0,0,0,0,0,1,0,0,0,0,0,0,0,0,0,0,11,11,0.0,0.0,0.0,0.0,1.0,0.0,0.0,138,255,1.0,0.0,0.01,0.01,0.0,0.0,0.0,0.0,normal
0,udp,private,SF,1,0,0,0,0,0,0,0,0,0,0,0,0,0,0,0,0,0,29,25,0.0,0.0,0.0,0.0,0.86,0.07,0.0,255,30,0.12,0.69,0.36,0.0,0.05,0.0,0.59,0.0,satan
36467,tcp,private,RSTR,1,0,0,0,0,0,0,0,0,0,0,0,0,0,0,0,0,0,2,2,0.0,0.0,1.0,1.0,1.0,0.0,0.0,255,2,0.01,0.5,1.0,0.0,0.0,0.0,1.0,1.0,portsweep
0,tcp,private,S0,0,0,0,0,0,0,0,0,0,0,0,0,0,0,0,0,0,0,130,9,1.0,1.0,0.0,0.0,0.07,0.06,0.0,135,12,0.09,0.11,0.01,0.0,1.0,1.0,0.0,0.0,neptune
2,tcp,smtp,SF,910,368,0,0,0,0,0,1,0,0,0,0,0,0,0,0,0,0,1,1,0.0,0.0,0.0,0.0,1.0,0.0,0.0,77,96,0.6,0.12,0.01,0.02,0.01,0.0,0.0,0.0,normal
0,icmp,eco_i,SF,8,0,0,0,0,0,0,0,0,0,0,0,0,0,0,0,0,0,1,12,0.0,0.0,0.0,0.0,1.0,0.0,1.0,2,154,1.0,0.0,1.0,0.25,0.0,0.0,0.0,0.0,nmap
18038,tcp,other,RSTR,1,0,0,0,0,0,0,0,0,0,0,0,0,0,0,0,0,0,2,2,0.0,0.0,1.0,1.0,1.0,0.0,0.0,255,2,0.01,0.73,1.0,0.0,0.0,0.0,1.0,1.0,portsweep
0,icmp,eco_i,SF,8,0,0,0,0,0,0,0,0,0,0,0,0,0,0,0,0,0,1,16,0.0,0.0,0.0,0.0,1.0,0.0,1.0,2,24,1.0,0.0,1.0,0.5,0.0,0.0,0.0,0.0,ipsweep
0,tcp,remote_job,REJ,0,0,0,0,0,0,0,0,0,0,0,0,0,0,0,0,0,0,37,1,0.0,0.0,0.97,1.0,0.03,1.0,0.0,155,1,0.01,0.32,0.01,0.0,0.0,0.0,0.25,1.0,satan
0,icmp,eco_i,SF,8,0,0,0,0,0,0,0,0,0,0,0,0,0,0,0,0,0,1,36,0.0,0.0,0.0,0.0,1.0,0.0,1.0,2,68,1.0,0.0,1.0,0.5,0.0,0.0,0.0,0.0,ipsweep
0,icmp,eco_i,SF,8,0,0,0,0,0,0,0,0,0,0,0,0,0,0,0,0,0,1,20,0.0,0.0,0.0,0.0,1.0,0.0,1.0,1,5,1.0,0.0,1.0,0.6,0.0,0.0,0.0,0.0,ipsweep
0,icmp,eco_i,SF,8,0,0,0,0,0,0,0,0,0,0,0,0,0,0,0,0,0,1,10,0.0,0.0,0.0,0.0,1.0,0.0,1.0,1,13,1.0,0.0,1.0,0.54,0.0,0.0,0.0,0.0,ipsweep
0,udp,private,SF,1,0,0,0,0,0,0,0,0,0,0,0,0,0,0,0,0,0,13,11,0.0,0.0,0.0,0.0,0.85,0.23,0.0,255,11,0.04,0.33,0.87,0.0,0.0,0.0,0.13,0.0,satan
0,tcp,ftp_data,SF,334,0,0,0,0,0,0,1,0,0,0,0,0,0,0,0,0,0,2,2,0.0,0.0,0.0,0.0,1.0,0.0,0.0,2,32,1.0,0.0,1.0,0.12,0.0,0.0,0.0,0.0,warezclient
0,icmp,eco_i,SF,8,0,0,0,0,0,0,0,0,0,0,0,0,0,0,0,0,0,1,12,0.0,0.0,0.0,0.0,1.0,0.0,1.0,1,53,1.0,0.0,1.0,0.51,0.0,0.0,0.0,0.0,ipsweep
0,tcp,private,RSTR,0,0,0,0,0,0,0,0,0,0,0,0,0,0,0,0,0,0,1,1,0.0,0.0,1.0,1.0,1.0,0.0,0.0,255,1,0.0,0.59,0.59,0.0,0.0,0.0,0.59,1.0,portsweep
0,tcp,ftp_data,SF,334,0,0,0,0,0,0,1,0,0,0,0,0,0,0,0,0,0,1,1,0.0,0.0,0.0,0.0,1.0,0.0,0.0,1,35,1.0,0.0,1.0,0.06,0.0,0.0,0.0,0.0,warezclient
0,tcp,private,REJ,0,0,0,0,0,0,0,0,0,0,0,0,0,0,0,0,0,0,511,1,0.07,0.0,0.92,1.0,0.0,1.0,0.0,255,1,0.0,1.0,0.0,0.0,0.1,0.0,0.87,1.0,satan
0,tcp,ftp_data,SF,15876,0,0,0,0,0,0,1,0,0,0,0,0,0,0,0,0,0,12,12,0.0,0.0,0.0,0.0,1.0,0.0,0.0,61,92,0.36,0.1,0.36,0.02,0.0,0.0,0.0,0.0,normal
0,tcp,http,SF,319,22780,0,0,0,0,0,1,0,0,0,0,0,0,0,0,0,0,20,27,0.0,0.0,0.0,0.0,1.0,0.0,0.07,255,255,1.0,0.0,0.0,0.0,0.0,0.0,0.0,0.0,normal
0,udp,other,SF,1,0,0,0,0,0,0,0,0,0,0,0,0,0,0,0,0,0,24,2,0.0,0.0,0.0,0.0,0.08,0.25,0.0,255,2,0.01,0.22,0.65,0.0,0.0,0.0,0.29,0.0,satan
0,tcp,private,S0,0,0,0,0,0,0,0,0,0,0,0,0,0,0,0,0,0,0,196,18,1.0,1.0,0.0,0.0,0.09,0.06,0.0,255,3,0.01,0.08,0.0,0.0,1.0,1.0,0.0,0.0,neptune
0,icmp,eco_i,SF,8,0,0,0,0,0,0,0,0,0,0,0,0,0,0,0,0,0,1,10,0.0,0.0,0.0,0.0,1.0,0.0,1.0,2,38,1.0,0.0,1.0,0.5,0.0,0.0,0.0,0.0,ipsweep
0,icmp,eco_i,SF,8,0,0,0,0,0,0,0,0,0,0,0,0,0,0,0,0,0,1,29,0.0,0.0,0.0,0.0,1.0,0.0,1.0,2,198,1.0,0.0,1.0,0.5,0.0,0.0,0.0,0.0,ipsweep
0,tcp,private,REJ,0,0,0,0,0,0,0,0,0,0,0,0,0,0,0,0,0,0,426,1,0.05,0.0,0.93,1.0,0.0,1.0,0.0,255,1,0.0,1.0,0.0,0.0,0.08,0.0,0.92,1.0,satan
37052,tcp,private,RSTR,1,0,0,0,0,0,0,0,0,0,0,0,0,0,0,0,0,0,2,2,0.0,0.0,1.0,1.0,1.0,0.0,0.0,255,2,0.01,0.5,1.0,0.0,0.0,0.0,1.0,1.0,portsweep
0,udp,private,SF,1,0,0,0,0,0,0,0,0,0,0,0,0,0,0,0,0,0,11,11,0.0,0.0,0.0,0.0,1.0,0.0,0.0,255,11,0.04,0.4,0.64,0.0,0.16,0.0,0.2,0.0,satan
0,icmp,eco_i,SF,8,0,0,0,0,0,0,0,0,0,0,0,0,0,0,0,0,0,1,7,0.0,0.0,0.0,0.0,1.0,0.0,1.0,2,102,1.0,0.0,1.0,0.5,0.0,0.0,0.0,0.0,ipsweep
0,udp,other,SF,1,0,0,0,0,0,0,0,0,0,0,0,0,0,0,0,0,0,17,2,0.0,0.0,0.0,0.0,0.12,0.18,0.0,255,2,0.01,0.2,0.62,0.0,0.0,0.0,0.32,0.0,satan
1,tcp,private,RSTOS0,0,0,0,0,0,0,0,0,0,0,0,0,0,0,0,0,0,0,216,2,0.64,0.5,0.36,0.5,0.01,0.42,0.0,255,2,0.01,0.35,0.85,0.0,0.54,0.5,0.31,0.5,portsweep
0,tcp,other,REJ,0,0,0,0,0,0,0,0,0,0,0,0,0,0,0,0,0,0,511,1,0.18,0.0,0.82,1.0,0.0,1.0,0.0,255,1,0.0,1.0,0.0,0.0,0.12,0.0,0.88,1.0,satan
0,tcp,private,REJ,0,0,0,0,0,0,0,0,0,0,0,0,0,0,0,0,0,0,2,1,0.0,0.0,1.0,1.0,0.5,1.0,0.0,255,1,0.0,0.6,0.56,0.0,0.01,0.0,0.57,1.0,portsweep
0,tcp,vmnet,REJ,0,0,0,0,0,0,0,0,0,0,0,0,0,0,0,0,0,0,138,1,0.01,0.0,0.95,1.0,0.01,1.0,0.0,255,1,0.0,0.57,0.0,0.0,0.0,0.0,0.53,1.0,satan
0,tcp,private,RSTR,0,0,0,0,0,0,0,0,0,0,0,0,0,0,0,0,0,0,1,1,0.0,0.0,1.0,1.0,1.0,0.0,0.0,255,1,0.0,0.78,0.77,0.0,0.0,0.0,0.77,1.0,portsweep
0,icmp,eco_i,SF,8,0,0,0,0,0,0,0,0,0,0,0,0,0,0,0,0,0,1,36,0.0,0.0,0.0,0.0,1.0,0.0,1.0,1,29,1.0,0.0,1.0,0.28,0.0,0.0,0.0,0.0,nmap
0,tcp,http,SF,319,25393,0,0,0,0,0,1,0,0,0,0,0,0,0,0,0,0,24,26,0.0,0.0,0.0,0.0,1.0,0.0,0.12,24,255,1.0,0.0,0.04,0.04,0.0,0.01,0.0,0.01,normal
0,icmp,eco_i,SF,8,0,0,0,0,0,0,0,0,0,0,0,0,0,0,0,0,0,1,17,0.0,0.0,0.0,0.0,1.0,0.0,1.0,1,86,1.0,0.0,1.0,0.51,0.0,0.0,0.0,0.0,ipsweep
0,tcp,courier,REJ,0,0,0,0,0,0,0,0,0,0,0,0,0,0,0,0,0,0,121,8,0.0,0.0,1.0,1.0,0.07,0.07,0.0,255,8,0.03,0.08,0.0,0.0,0.0,0.0,1.0,1.0,neptune
0,tcp,http,SF,301,7783,0,0,0,0,0,1,0,0,0,0,0,0,0,0,0,0,2,9,0.0,0.0,0.0,0.0,1.0,0.0,0.22,94,255,1.0,0.0,0.01,0.03,0.0,0.0,0.0,0.0,normal
0,tcp,http,SF,295,36055,0,0,0,0,0,1,0,0,0,0,0,0,0,0,0,0,4,4,0.25,0.25,0.0,0.0,1.0,0.0,0.0,255,255,1.0,0.0,0.0,0.0,0.0,0.0,0.0,0.0,normal
0,tcp,private,REJ,0,0,0,0,0,0,0,0,0,0,0,0,0,0,0,0,0,0,2,1,0.0,0.0,1.0,1.0,0.5,1.0,0.0,255,1,0.0,0.11,0.03,0.0,0.5,0.0,0.04,1.0,portsweep
0,tcp,private,RSTR,0,0,0,0,0,0,0,0,0,0,0,0,0,0,0,0,0,0,1,1,0.0,0.0,1.0,1.0,1.0,0.0,0.0,141,1,0.01,0.66,0.66,0.0,0.04,0.0,0.65,1.0,portsweep
0,tcp,link,REJ,0,0,0,0,0,0,0,0,0,0,0,0,0,0,0,0,0,0,1,1,0.0,0.0,1.0,1.0,1.0,0.0,0.0,68,2,0.01,1.0,0.01,1.0,0.0,0.0,0.93,1.0,ipsweep
0,icmp,eco_i,SF,8,0,0,0,0,0,0,0,0,0,0,0,0,0,0,0,0,0,1,36,0.0,0.0,0.0,0.0,1.0,0.0,1.0,2,66,1.0,0.0,1.0,0.5,0.0,0.0,0.0,0.0,ipsweep
0,icmp,eco_i,SF,8,0,0,0,0,0,0,0,0,0,0,0,0,0,0,0,0,0,1,44,0.0,0.0,0.0,0.0,1.0,0.0,1.0,1,61,1.0,0.0,1.0,0.26,0.0,0.0,0.0,0.0,nmap
0,icmp,eco_i,SF,8,0,0,0,0,0,0,0,0,0,0,0,0,0,0,0,0,0,1,7,0.0,0.0,0.0,0.0,1.0,0.0,1.0,1,69,1.0,0.0,1.0,0.26,0.0,0.0,0.0,0.0,nmap
0,tcp,other,REJ,0,0,0,0,0,0,0,0,0,0,0,0,0,0,0,0,0,0,511,1,0.03,0.0,0.97,1.0,0.0,1.0,0.0,255,1,0.0,1.0,0.0,0.0,0.05,0.0,0.95,1.0,satan
0,icmp,eco_i,SF,8,0,0,0,0,0,0,0,0,0,0,0,0,0,0,0,0,0,1,33,0.0,0.0,0.0,0.0,1.0,0.0,1.0,4,168,1.0,0.0,1.0,0.25,0.0,0.0,0.0,0.0,nmap
9761,tcp,other,RSTR,1,0,0,0,0,0,0,0,0,0,0,0,0,0,0,0,0,0,2,2,0.0,0.0,1.0,1.0,1.0,0.0,0.0,255,2,0.01,0.74,1.0,0.0,0.0,0.0,1.0,1.0,portsweep
0,tcp,http,SF,295,4730,0,0,0,0,0,1,0,0,0,0,0,0,0,0,0,0,3,3,0.0,0.0,0.0,0.0,1.0,0.0,0.0,5,255,1.0,0.0,0.2,0.02,0.0,0.0,0.0,0.0,normal
0,tcp,private,REJ,0,0,0,0,0,0,0,0,0,0,0,0,0,0,0,0,0,0,1,1,0.0,0.0,1.0,1.0,1.0,0.0,0.0,70,2,0.01,1.0,0.01,1.0,0.0,0.0,0.91,1.0,ipsweep
0,udp,private,SF,1,0,0,0,0,0,0,0,0,0,0,0,0,0,0,0,0,0,16,3,0.0,0.0,0.0,0.0,0.19,0.12,0.0,255,32,0.13,0.63,0.5,0.0,0.0,0.0,0.5,0.0,satan
0,tcp,ftp,RSTR,0,0,0,0,0,0,0,0,0,0,0,0,0,0,0,0,0,0,1,1,0.0,0.0,1.0,1.0,1.0,0.0,0.0,119,1,0.01,0.2,0.18,0.0,0.0,0.0,0.17,1.0,portsweep
0,tcp,telnet,S0,0,0,0,0,0,0,0,0,0,0,0,0,0,0,0,0,0,0,70,16,1.0,1.0,0.0,0.0,0.23,0.06,0.0,150,37,0.24,0.03,0.02,0.05,1.0,0.97,0.0,0.0,neptune
0,icmp,eco_i,SF,8,0,0,0,0,0,0,0,0,0,0,0,0,0,0,0,0,0,1,43,0.0,0.0,0.0,0.0,1.0,0.0,1.0,2,66,1.0,0.0,1.0,0.5,0.0,0.0,0.0,0.0,ipsweep
0,tcp,private,REJ,0,0,0,0,0,0,0,0,0,0,0,0,0,0,0,0,0,0,1,1,0.0,0.0,1.0,1.0,1.0,0.0,0.0,255,1,0.0,0.96,0.96,0.0,0.0,0.0,0.96,1.0,portsweep
0,icmp,eco_i,SF,18,0,0,0,0,0,0,0,0,0,0,0,0,0,0,0,0,0,1,1,0.0,0.0,0.0,0.0,1.0,0.0,0.0,1,124,1.0,0.0,1.0,1.0,0.0,0.0,0.0,0.0,ipsweep
0,udp,private,SF,1,0,0,0,0,0,0,0,0,0,0,0,0,0,0,0,0,0,1,1,0.0,0.0,0.0,0.0,1.0,0.0,0.0,255,1,0.0,0.99,0.02,0.0,0.13,0.0,0.86,0.0,satan
0,icmp,ecr_i,SF,1032,0,0,0,0,0,0,0,0,0,0,0,0,0,0,0,0,0,350,350,0.0,0.0,0.0,0.0,1.0,0.0,0.0,255,255,1.0,0.0,1.0,0.0,0.0,0.0,0.0,0.0,smurf
0,tcp,other,S0,0,0,0,0,0,0,0,0,0,0,0,0,0,0,0,0,0,0,510,1,0.08,1.0,0.92,0.0,0.0,1.0,0.0,255,1,0.0,1.0,0.0,0.0,0.07,1.0,0.93,0.0,satan
0,tcp,private,SH,0,0,0,0,0,0,0,0,0,0,0,0,0,0,0,0,0,0,1,1,1.0,1.0,0.0,0.0,1.0,0.0,0.0,158,1,0.01,0.94,0.95,0.0,0.95,1.0,0.0,0.0,nmap
0,icmp,eco_i,SF,8,0,0,0,0,0,0,0,0,0,0,0,0,0,0,0,0,0,1,27,0.0,0.0,0.0,0.0,1.0,0.0,1.0,1,59,1.0,0.0,1.0,0.51,0.0,0.0,0.0,0.0,ipsweep
1,tcp,private,RSTR,0,0,0,0,0,0,0,0,0,0,0,0,0,0,0,0,0,0,67,2,0.0,0.0,1.0,1.0,0.03,0.54,0.0,237,2,0.01,0.16,0.28,0.0,0.01,0.0,0.49,1.0,portsweep
0,icmp,eco_i,SF,8,0,0,0,0,0,0,0,0,0,0,0,0,0,0,0,0,0,1,3,0.0,0.0,0.0,0.0,1.0,0.0,1.0,2,114,1.0,0.0,1.0,0.25,0.0,0.0,0.0,0.0,nmap
0,tcp,private,SH,0,0,0,0,0,0,0,0,0,0,0,0,0,0,0,0,0,0,3,1,1.0,1.0,0.0,0.0,0.33,1.0,0.0,15,1,0.07,0.73,0.53,0.0,0.53,1.0,0.0,0.0,nmap
0,tcp,private,RSTR,0,0,0,0,0,0,0,0,0,0,0,0,0,0,0,0,0,0,1,1,0.0,0.0,1.0,1.0,1.0,0.0,0.0,158,1,0.01,0.39,0.38,0.0,0.0,0.0,0.37,1.0,portsweep
0,icmp,eco_i,SF,8,0,0,0,0,0,0,0,0,0,0,0,0,0,0,0,0,0,1,43,0.0,0.0,0.0,0.0,1.0,0.0,1.0,1,62,1.0,0.0,1.0,0.52,0.0,0.0,0.0,0.0,ipsweep
10163,tcp,other,RSTR,1,0,0,0,0,0,0,0,0,0,0,0,0,0,0,0,0,0,2,2,0.0,0.0,1.0,1.0,1.0,0.0,0.0,255,2,0.01,0.73,1.0,0.0,0.0,0.0,1.0,1.0,portsweep
0,tcp,other,REJ,0,0,0,0,0,0,0,0,0,0,0,0,0,0,0,0,0,0,511,1,0.09,0.0,0.91,1.0,0.0,1.0,0.0,255,1,0.0,1.0,0.0,0.0,0.04,0.0,0.96,1.0,satan
38214,tcp,private,RSTR,1,0,0,0,0,0,0,0,0,0,0,0,0,0,0,0,0,0,2,2,0.0,0.0,1.0,1.0,1.0,0.0,0.0,255,2,0.01,0.51,1.0,0.0,0.0,0.0,1.0,1.0,portsweep
0,tcp,http,SF,194,1263,0,0,0,0,0,1,0,0,0,0,0,0,0,0,0,0,7,8,0.0,0.0,0.0,0.0,1.0,0.0,0.25,80,255,1.0,0.0,0.01,0.01,0.0,0.0,0.0,0.0,normal
1,tcp,smtp,SF,1180,489,0,0,0,0,0,1,0,0,0,0,0,0,0,0,0,0,1,1,0.0,0.0,0.0,0.0,1.0,0.0,0.0,255,10,0.04,0.47,0.0,0.0,0.0,0.0,0.95,0.2,portsweep
0,icmp,eco_i,SF,18,0,0,0,0,0,0,0,0,0,0,0,0,0,0,0,0,0,1,1,0.0,0.0,0.0,0.0,1.0,0.0,0.0,1,43,1.0,0.0,1.0,1.0,0.0,0.0,0.0,0.0,ipsweep
0,udp,private,SF,1,0,0,0,0,0,0,0,0,0,0,0,0,0,0,0,0,0,6,1,0.0,0.0,0.0,0.0,0.17,0.5,0.0,255,1,0.0,0.76,0.27,0.0,0.03,0.0,0.7,0.0,satan
0,udp,private,SF,1,0,0,0,0,0,0,0,0,0,0,0,0,0,0,0,0,0,28,7,0.0,0.0,0.0,0.0,0.25,0.11,0.0,255,7,0.03,0.88,0.13,0.0,0.1,0.0,0.76,0.0,satan
0,tcp,private,REJ,0,0,0,0,0,0,0,0,0,0,0,0,0,0,0,0,0,0,214,1,0.06,0.0,0.88,1.0,0.0,1.0,0.0,255,1,0.0,0.85,0.0,0.0,0.05,0.0,0.74,1.0,satan
0,tcp,name,REJ,0,0,0,0,0,0,0,0,0,0,0,0,0,0,0,0,0,0,1,1,0.0,0.0,1.0,1.0,1.0,0.0,0.0,23,2,0.04,1.0,0.04,1.0,0.0,0.0,0.83,1.0,ipsweep
0,tcp,http,SF,291,6895,0,0,0,0,0,1,0,0,0,0,0,0,0,0,0,0,4,4,0.0,0.0,0.0,0.0,1.0,0.0,0.0,4,255,1.0,0.0,0.25,0.01,0.0,0.0,0.0,0.0,normal
0,tcp,http,SF,194,290,0,0,0,0,0,1,0,0,0,0,0,0,0,0,0,0,24,25,0.0,0.0,0.0,0.0,1.0,0.0,0.08,255,255,1.0,0.0,0.0,0.0,0.0,0.0,0.0,0.0,normal
1398,udp,other,SF,147,105,0,0,0,0,0,0,0,0,0,0,0,0,0,0,0,0,5,1,0.0,0.0,0.0,0.0,0.2,0.6,0.0,255,1,0.0,0.53,0.95,0.0,0.0,0.0,0.0,0.0,normal
0,tcp,http,SF,298,1452,0,0,0,0,0,1,0,0,0,0,0,0,0,0,0,0,20,22,0.0,0.0,0.0,0.0,1.0,0.0,0.14,66,255,1.0,0.0,0.02,0.06,0.0,0.0,0.0,0.0,normal
0,tcp,http,SF,224,285,0,0,0,0,0,1,0,0,0,0,0,0,0,0,0,0,16,16,0.0,0.0,0.0,0.0,1.0,0.0,0.0,255,255,1.0,0.0,0.0,0.0,0.0,0.0,0.0,0.0,normal
0,tcp,ldap,RSTR,0,0,0,0,0,0,0,0,0,0,0,0,0,0,0,0,0,0,1,1,0.0,0.0,1.0,1.0,1.0,0.0,0.0,255,1,0.0,0.69,1.0,0.0,0.0,0.0,1.0,1.0,portsweep
22466,udp,other,SF,146,105,0,0,0,0,0,0,0,0,0,0,0,0,0,0,0,0,1,1,0.0,0.0,0.0,0.0,1.0,0.0,0.0,255,1,0.0,0.85,0.99,0.0,0.0,0.0,0.0,0.0,normal
0,tcp,auth,REJ,0,0,0,0,0,0,0,0,0,0,0,0,0,0,0,0,0,0,220,10,0.0,0.0,1.0,1.0,0.05,0.06,0.0,255,10,0.04,0.08,0.0,0.0,0.0,0.0,1.0,1.0,neptune
851,tcp,other,RSTR,1,0,0,0,0,0,0,0,0,0,0,0,0,0,0,0,0,0,2,2,0.0,0.0,1.0,1.0,1.0,0.0,0.0,255,2,0.01,0.73,1.0,0.0,0.0,0.0,1.0,1.0,portsweep
0,tcp,private,REJ,0,0,0,0,0,0,0,0,0,0,0,0,0,0,0,0,0,0,53,1,0.0,0.0,1.0,1.0,0.02,0.55,0.0,223,1,0.0,0.13,0.24,0.0,0.01,0.0,0.46,1.0,portsweep
0,icmp,eco_i,SF,18,0,0,0,0,0,0,0,0,0,0,0,0,0,0,0,0,0,1,1,0.0,0.0,0.0,0.0,1.0,0.0,0.0,4,124,1.0,0.0,1.0,0.25,0.0,0.0,0.0,0.0,ipsweep
0,tcp,private,REJ,0,0,0,0,0,0,0,0,0,0,0,0,0,0,0,0,0,0,1,1,0.0,0.0,1.0,1.0,1.0,0.0,0.0,50,2,0.02,1.0,0.02,1.0,0.0,0.0,0.98,1.0,ipsweep
0,udp,private,SF,1,0,0,0,0,0,0,0,0,0,0,0,0,0,0,0,0,0,24,22,0.0,0.0,0.0,0.0,0.92,0.08,0.0,255,25,0.1,0.22,1.0,0.0,0.0,0.0,0.0,0.0,satan
0,tcp,private,REJ,0,0,0,0,0,0,0,0,0,0,0,0,0,0,0,0,0,0,145,1,0.04,0.0,0.88,1.0,0.01,0.99,0.0,255,1,0.0,0.58,0.0,0.0,0.02,0.0,0.5,1.0,satan
0,icmp,eco_i,SF,8,0,0,0,0,0,0,0,0,0,0,0,0,0,0,0,0,0,1,28,0.0,0.0,0.0,0.0,1.0,0.0,1.0,1,75,1.0,0.0,1.0,0.51,0.0,0.0,0.0,0.0,ipsweep
0,tcp,http,REJ,0,0,0,0,0,0,0,0,0,0,0,0,0,0,0,0,0,0,1,1,0.0,0.0,1.0,1.0,1.0,0.0,0.0,57,255,1.0,0.0,0.02,0.07,0.0,0.0,1.0,0.85,normal
0,tcp,private,REJ,0,0,0,0,0,0,0,0,0,0,0,0,0,0,0,0,0,0,1,1,0.0,0.0,1.0,1.0,1.0,0.0,0.0,69,2,0.01,1.0,0.01,1.0,0.0,0.0,0.91,1.0,ipsweep
4801,tcp,other,RSTR,1,0,0,0,0,0,0,0,0,0,0,0,0,0,0,0,0,0,2,2,0.0,0.0,1.0,1.0,1.0,0.0,0.0,255,2,0.01,0.74,1.0,0.0,0.0,0.0,1.0,1.0,portsweep
41354,tcp,private,RSTR,1,0,0,0,0,0,0,0,0,0,0,0,0,0,0,0,0,0,2,2,0.0,0.0,1.0,1.0,1.0,0.0,0.0,255,2,0.01,0.27,0.53,0.0,0.0,0.0,0.53,1.0,portsweep
0,icmp,eco_i,SF,8,0,0,0,0,0,0,0,0,0,0,0,0,0,0,0,0,0,1,12,0.0,0.0,0.0,0.0,1.0,0.0,1.0,1,39,1.0,0.0,1.0,0.51,0.0,0.0,0.0,0.0,ipsweep
0,tcp,smtp,SF,790,335,0,0,0,0,0,1,0,0,0,0,0,0,0,0,0,0,1,1,0.0,0.0,0.0,0.0,1.0,0.0,0.0,219,241,0.95,0.01,0.0,0.01,0.0,0.0,0.0,0.0,normal
0,tcp,private,RSTR,0,0,0,0,0,0,0,0,0,0,0,0,0,0,0,0,0,0,1,1,0.0,0.0,1.0,1.0,1.0,0.0,0.0,137,1,0.01,0.65,0.65,0.0,0.04,0.0,0.64,1.0,portsweep
0,icmp,eco_i,SF,8,0,0,0,0,0,0,0,0,0,0,0,0,0,0,0,0,0,1,40,0.0,0.0,0.0,0.0,1.0,0.0,1.0,2,42,1.0,0.0,1.0,0.5,0.0,0.0,0.0,0.0,ipsweep
0,icmp,ecr_i,SF,18,0,0,0,0,0,0,0,0,0,0,0,0,0,0,0,0,0,1,1,0.0,0.0,0.0,0.0,1.0,0.0,0.0,14,14,1.0,0.0,1.0,0.0,0.0,0.0,0.0,0.0,ipsweep
0,tcp,systat,S0,0,0,0,0,0,0,0,0,0,0,0,0,0,0,0,0,0,0,225,14,1.0,1.0,0.0,0.0,0.06,0.06,0.0,255,17,0.07,0.07,0.0,0.0,1.0,1.0,0.0,0.0,neptune
0,icmp,eco_i,SF,18,0,0,0,0,0,0,0,0,0,0,0,0,0,0,0,0,0,1,1,0.0,0.0,0.0,0.0,1.0,0.0,0.0,1,200,1.0,0.0,1.0,1.0,0.0,0.0,0.0,0.0,ipsweep
0,icmp,eco_i,SF,8,0,0,0,0,0,0,0,0,0,0,0,0,0,0,0,0,0,1,26,0.0,0.0,0.0,0.0,1.0,0.0,1.0,2,210,1.0,0.0,1.0,0.25,0.0,0.0,0.0,0.0,nmap
0,icmp,eco_i,SF,8,0,0,0,0,0,0,0,0,0,0,0,0,0,0,0,0,0,1,12,0.0,0.0,0.0,0.0,1.0,0.0,1.0,2,206,1.0,0.0,1.0,0.25,0.0,0.0,0.0,0.0,nmap
0,tcp,private,REJ,0,0,0,0,0,0,0,0,0,0,0,0,0,0,0,0,0,0,1,1,0.0,0.0,1.0,1.0,1.0,0.0,0.0,54,1,0.02,1.0,0.02,0.0,0.0,0.0,0.91,1.0,ipsweep
0,udp,other,SF,1,0,0,0,0,0,0,0,0,0,0,0,0,0,0,0,0,0,13,2,0.0,0.0,0.0,0.0,0.15,0.77,0.0,255,2,0.01,0.15,0.39,0.0,0.0,0.0,0.53,0.0,satan
0,tcp,uucp,S0,0,0,0,0,0,0,0,0,0,0,0,0,0,0,0,0,0,0,103,3,1.0,1.0,0.0,0.0,0.03,0.06,0.0,255,3,0.01,0.06,0.0,0.0,1.0,1.0,0.0,0.0,neptune
8,tcp,login,SF,6,0,0,0,0,0,0,0,0,0,0,0,0,0,0,0,0,0,510,2,0.2,0.0,0.79,0.0,0.0,1.0,0.0,255,2,0.01,1.0,0.01,0.0,0.19,0.0,0.79,0.0,satan
0,tcp,http,SF,196,2531,0,0,0,0,0,1,0,0,0,0,0,0,0,0,0,0,8,8,0.0,0.0,0.0,0.0,1.0,0.0,0.0,132,132,1.0,0.0,0.01,0.0,0.01,0.01,0.01,0.01,normal
0,tcp,http,SF,163,17786,0,0,0,0,0,1,0,0,0,0,0,0,0,0,0,0,1,1,0.0,0.0,0.0,0.0,1.0,0.0,0.0,1,255,1.0,0.0,1.0,0.01,0.0,0.0,0.0,0.0,normal
1,udp,private,SF,105,146,0,0,0,0,0,0,0,0,0,0,0,0,0,0,0,0,1,1,0.0,0.0,0.0,0.0,1.0,0.0,0.0,255,252,0.99,0.01,0.0,0.0,0.0,0.0,0.0,0.0,normal
0,tcp,private,RSTR,0,0,0,0,0,0,0,0,0,0,0,0,0,0,0,0,0,0,1,1,0.0,0.0,1.0,1.0,1.0,0.0,0.0,245,1,0.0,0.26,0.51,0.0,0.0,0.0,0.51,1.0,portsweep
0,icmp,eco_i,SF,8,0,0,0,0,0,0,0,0,0,0,0,0,0,0,0,0,0,1,14,0.0,0.0,0.0,0.0,1.0,0.0,1.0,1,143,1.0,0.0,1.0,0.5,0.0,0.0,0.0,0.0,ipsweep
0,tcp,private,REJ,0,0,0,0,0,0,0,0,0,0,0,0,0,0,0,0,0,0,2,1,0.0,0.0,1.0,1.0,0.5,1.0,0.0,253,1,0.0,0.13,0.1,0.0,0.0,0.0,0.11,1.0,portsweep
0,tcp,private,RSTR,0,0,0,0,0,0,0,0,0,0,0,0,0,0,0,0,0,0,1,1,0.0,0.0,1.0,1.0,1.0,0.0,0.0,255,1,0.0,0.53,0.52,0.0,0.0,0.0,0.53,1.0,portsweep
0,tcp,echo,RSTR,0,0,0,0,0,0,0,0,0,0,0,0,0,0,0,0,0,0,1,1,0.0,0.0,1.0,1.0,1.0,0.0,0.0,255,1,0.0,0.04,0.03,0.0,0.0,0.0,0.03,1.0,portsweep
0,udp,private,SF,207,0,0,0,0,0,0,0,0,0,0,0,0,0,0,0,0,0,2,2,0.0,0.0,0.0,0.0,1.0,0.0,0.0,4,4,1.0,0.0,1.0,0.0,0.0,0.0,0.0,0.0,nmap
1,tcp,ftp,SF,1227,2449,0,0,0,28,0,1,0,0,0,0,0,0,0,0,0,1,1,1,0.0,0.0,0.0,0.0,1.0,0.0,0.0,255,81,0.32,0.02,0.0,0.0,0.0,0.0,0.0,0.0,warezclient
0,tcp,other,REJ,0,0,0,0,0,0,0,0,0,0,0,0,0,0,0,0,0,0,326,1,0.1,0.0,0.9,1.0,0.0,1.0,0.0,255,1,0.0,1.0,0.0,0.0,0.09,0.0,0.9,1.0,satan
0,tcp,private,RSTR,0,0,0,0,0,0,0,0,0,0,0,0,0,0,0,0,0,0,1,1,0.0,0.0,1.0,1.0,1.0,0.0,0.0,250,1,0.0,0.34,0.33,0.0,0.0,0.0,0.33,1.0,portsweep
0,icmp,eco_i,SF,8,0,0,0,0,0,0,0,0,0,0,0,0,0,0,0,0,0,1,40,0.0,0.0,0.0,0.0,1.0,0.0,1.0,2,70,1.0,0.0,1.0,0.5,0.0,0.0,0.0,0.0,ipsweep
0,tcp,name,S0,0,0,0,0,0,0,0,0,0,0,0,0,0,0,0,0,0,0,58,2,1.0,1.0,0.0,0.0,0.03,0.1,0.0,255,2,0.01,0.06,0.0,0.0,1.0,1.0,0.0,0.0,neptune
25721,tcp,private,RSTR,1,0,0,0,0,0,0,0,0,0,0,0,0,0,0,0,0,0,2,2,0.0,0.0,1.0,1.0,1.0,0.0,0.0,255,2,0.01,0.65,1.0,0.0,0.0,0.0,1.0,1.0,portsweep
0,icmp,eco_i,SF,18,0,0,0,0,0,0,0,0,0,0,0,0,0,0,0,0,0,1,1,0.0,0.0,0.0,0.0,1.0,0.0,0.0,1,183,1.0,0.0,1.0,1.0,0.0,0.0,0.0,0.0,ipsweep
0,tcp,private,S0,0,0,0,0,0,0,0,0,0,0,0,0,0,0,0,0,0,0,208,4,1.0,1.0,0.0,0.0,0.02,0.06,0.0,255,17,0.07,0.06,0.0,0.0,1.0,1.0,0.0,0.0,neptune
2,tcp,ftp,SF,1222,2451,0,0,0,28,0,1,0,0,0,0,0,0,0,0,0,1,1,1,0.0,0.0,0.0,0.0,1.0,0.0,0.0,255,103,0.4,0.02,0.0,0.0,0.0,0.0,0.0,0.0,warezclient
0,udp,private,SF,1,0,0,0,0,0,0,0,0,0,0,0,0,0,0,0,0,0,4,4,0.0,0.0,0.0,0.0,1.0,0.0,0.0,255,4,0.02,0.32,1.0,0.0,0.0,0.0,0.0,0.0,satan
0,tcp,private,REJ,0,0,0,0,0,0,0,0,0,0,0,0,0,0,0,0,0,0,400,1,0.06,0.0,0.93,1.0,0.0,1.0,0.0,255,1,0.0,1.0,0.0,0.0,0.09,0.0,0.91,1.0,satan
0,icmp,eco_i,SF,8,0,0,0,0,0,0,0,0,0,0,0,0,0,0,0,0,0,1,29,0.0,0.0,0.0,0.0,1.0,0.0,1.0,2,129,1.0,0.0,1.0,0.5,0.0,0.0,0.0,0.0,ipsweep
0,tcp,echo,RSTR,0,0,0,0,0,0,0,0,0,0,0,0,0,0,0,0,0,0,1,1,0.0,0.0,1.0,1.0,1.0,0.0,0.0,133,1,0.01,0.08,0.1,0.0,0.0,0.0,0.1,1.0,portsweep
0,icmp,eco_i,SF,8,0,0,0,0,0,0,0,0,0,0,0,0,0,0,0,0,0,1,37,0.0,0.0,0.0,0.0,1.0,0.0,1.0,1,95,1.0,0.0,1.0,0.51,0.0,0.0,0.0,0.0,ipsweep
0,icmp,eco_i,SF,8,0,0,0,0,0,0,0,0,0,0,0,0,0,0,0,0,0,1,19,0.0,0.0,0.0,0.0,1.0,0.0,1.0,1,131,1.0,0.0,1.0,0.5,0.0,0.0,0.0,0.0,ipsweep
0,tcp,csnet_ns,S0,0,0,0,0,0,0,0,0,0,0,0,0,0,0,0,0,0,0,249,22,1.0,1.0,0.0,0.0,0.09,0.06,0.0,255,22,0.09,0.06,0.0,0.0,1.0,1.0,0.0,0.0,neptune
0,icmp,eco_i,SF,8,0,0,0,0,0,0,0,0,0,0,0,0,0,0,0,0,0,1,18,0.0,0.0,0.0,0.0,1.0,0.0,1.0,2,182,1.0,0.0,1.0,0.25,0.0,0.0,0.0,0.0,nmap
0,tcp,private,REJ,0,0,0,0,0,0,0,0,0,0,0,0,0,0,0,0,0,0,2,1,0.0,0.0,1.0,1.0,0.5,1.0,0.0,255,1,0.0,0.44,0.42,0.0,0.0,0.0,0.42,1.0,portsweep
0,icmp,eco_i,SF,8,0,0,0,0,0,0,0,0,0,0,0,0,0,0,0,0,0,1,36,0.0,0.0,0.0,0.0,1.0,0.0,1.0,4,184,1.0,0.0,1.0,0.25,0.0,0.0,0.0,0.0,nmap
0,udp,private,SF,1,0,0,0,0,0,0,0,0,0,0,0,0,0,0,0,0,0,29,3,0.0,0.0,0.0,0.0,0.1,0.1,0.0,255,8,0.03,0.81,0.21,0.0,0.16,0.0,0.64,0.0,satan
0,tcp,ftp_data,S0,0,0,0,0,0,0,0,0,0,0,0,0,0,0,0,0,0,0,476,20,0.07,0.05,0.9,0.95,0.04,0.96,0.0,255,19,0.07,0.93,0.0,0.0,0.09,0.05,0.91,0.95,satan
0,tcp,http,SF,327,4930,0,0,0,0,0,1,0,0,0,0,0,0,0,0,0,0,8,9,0.0,0.0,0.0,0.0,1.0,0.0,0.22,8,255,1.0,0.0,0.12,0.1,0.0,0.0,0.0,0.0,normal
0,tcp,private,REJ,0,0,0,0,0,0,0,0,0,0,0,0,0,0,0,0,0,0,68,1,0.0,0.0,1.0,1.0,0.01,0.54,0.0,238,1,0.0,0.16,0.29,0.0,0.01,0.0,0.49,1.0,portsweep
0,tcp,private,REJ,0,0,0,0,0,0,0,0,0,0,0,0,0,0,0,0,0,0,1,1,0.0,0.0,1.0,1.0,1.0,0.0,0.0,11,2,0.09,1.0,0.09,1.0,0.0,0.0,1.0,1.0,ipsweep
0,tcp,courier,REJ,0,0,0,0,0,0,0,0,0,0,0,0,0,0,0,0,0,0,122,1,0.07,0.0,0.92,1.0,0.01,1.0,0.0,255,1,0.0,0.7,0.0,0.0,0.03,0.0,0.45,1.0,satan
0,udp,private,SF,207,0,0,0,0,0,0,0,0,0,0,0,0,0,0,0,0,0,2,2,0.0,0.0,0.0,0.0,1.0,0.0,0.0,102,86,0.84,0.02,0.84,0.0,0.0,0.0,0.0,0.0,nmap
0,tcp,private,RSTR,0,0,0,0,0,0,0,0,0,0,0,0,0,0,0,0,0,0,1,1,0.0,0.0,1.0,1.0,1.0,0.0,0.0,205,1,0.0,0.2,0.18,0.0,0.0,0.0,0.19,1.0,portsweep
279,tcp,other,RSTR,1,0,0,0,0,0,0,0,0,0,0,0,0,0,0,0,0,0,2,2,0.0,0.0,1.0,1.0,1.0,0.0,0.0,255,2,0.01,0.73,1.0,0.0,0.0,0.0,1.0,1.0,portsweep
0,icmp,eco_i,SF,8,0,0,0,0,0,0,0,0,0,0,0,0,0,0,0,0,0,1,3,0.0,0.0,0.0,0.0,1.0,0.0,1.0,1,71,1.0,0.0,1.0,0.51,0.0,0.0,0.0,0.0,ipsweep
0,tcp,other,REJ,0,0,0,0,0,0,0,0,0,0,0,0,0,0,0,0,0,0,324,1,0.1,0.0,0.9,1.0,0.0,1.0,0.0,255,1,0.0,1.0,0.0,0.0,0.09,0.0,0.9,1.0,satan
0,tcp,private,REJ,0,0,0,0,0,0,0,0,0,0,0,0,0,0,0,0,0,0,452,1,0.05,0.0,0.94,1.0,0.0,1.0,0.0,255,1,0.0,1.0,0.0,0.0,0.08,0.0,0.92,1.0,satan
0,tcp,private,OTH,0,0,0,0,0,0,0,0,0,0,0,0,0,0,0,0,0,0,1,1,0.0,0.0,0.0,0.0,1.0,0.0,0.0,156,1,0.01,0.69,0.69,0.0,0.04,0.0,0.63,0.0,portsweep
0,tcp,uucp_path,S0,0,0,0,0,0,0,0,0,0,0,0,0,0,0,0,0,0,0,291,19,1.0,1.0,0.0,0.0,0.07,0.06,0.0,255,19,0.07,0.08,0.0,0.0,1.0,1.0,0.0,0.0,neptune
0,tcp,http,REJ,0,0,0,0,0,0,0,0,0,0,0,0,0,0,0,0,0,0,1,1,0.0,0.0,1.0,1.0,1.0,0.0,0.0,1,152,1.0,0.0,1.0,0.14,0.0,0.0,1.0,0.97,normal
0,udp,private,SF,207,0,0,0,0,0,0,0,0,0,0,0,0,0,0,0,0,0,2,2,0.0,0.0,0.0,0.0,1.0,0.0,0.0,72,64,0.89,0.03,0.89,0.0,0.0,0.0,0.0,0.0,nmap
0,tcp,http,REJ,0,0,0,0,0,0,0,0,0,0,0,0,0,0,0,0,0,0,13,13,0.0,0.0,0.77,0.77,1.0,0.0,0.0,30,116,1.0,0.0,0.03,0.16,0.0,0.01,0.9,0.85,normal
3,tcp,smtp,SF,1092,333,0,0,0,0,0,1,0,0,0,0,0,0,0,0,0,0,1,1,0.0,0.0,0.0,0.0,1.0,0.0,0.0,87,168,0.54,0.03,0.01,0.01,0.0,0.0,0.0,0.0,normal
0,tcp,http,SF,237,458,0,0,0,0,0,1,0,0,0,0,0,0,0,0,0,0,3,7,0.33,0.43,0.0,0.0,1.0,0.0,0.29,169,255,1.0,0.0,0.01,0.02,0.01,0.01,0.01,0.01,normal
0,icmp,eco_i,SF,8,0,0,0,0,0,0,0,0,0,0,0,0,0,0,0,0,0,1,1,0.0,0.0,0.0,0.0,1.0,0.0,0.0,4,116,1.0,0.0,1.0,0.25,0.0,0.0,0.0,0.0,nmap
0,icmp,eco_i,SF,18,0,0,0,0,0,0,0,0,0,0,0,0,0,0,0,0,0,1,1,0.0,0.0,0.0,0.0,1.0,0.0,0.0,1,126,1.0,0.0,1.0,1.0,0.0,0.0,0.0,0.0,ipsweep
0,icmp,eco_i,SF,18,0,0,0,0,0,0,0,0,0,0,0,0,0,0,0,0,0,1,1,0.0,0.0,0.0,0.0,1.0,0.0,0.0,1,77,1.0,0.0,1.0,1.0,0.0,0.0,0.0,0.0,ipsweep
0,tcp,netstat,RSTR,0,0,0,0,0,0,0,0,0,0,0,0,0,0,0,0,0,0,1,1,0.0,0.0,1.0,1.0,1.0,0.0,0.0,63,1,0.02,0.29,0.24,0.0,0.1,0.0,0.24,1.0,portsweep
0,tcp,finger,SF,8,223,0,0,0,0,0,0,0,0,0,0,0,0,0,0,0,0,1,1,0.0,0.0,0.0,0.0,1.0,0.0,0.0,154,14,0.09,0.03,0.01,0.0,0.0,0.0,0.0,0.0,normal
0,icmp,ecr_i,SF,20,0,0,0,0,0,0,0,0,0,0,0,0,0,0,0,0,0,1,1,0.0,0.0,0.0,0.0,1.0,0.0,0.0,255,1,0.0,0.02,0.02,0.0,0.0,0.0,0.0,0.0,satan
0,udp,private,SF,1,0,0,0,0,0,0,0,0,0,0,0,0,0,0,0,0,0,25,2,0.0,0.0,0.0,0.0,0.08,0.12,0.0,255,21,0.08,0.73,0.32,0.0,0.07,0.0,0.61,0.0,satan
0,tcp,smtp,SF,6,125,0,0,0,0,0,1,0,0,0,0,0,0,0,0,0,0,1,1,0.0,0.0,0.0,0.0,1.0,0.0,0.0,255,5,0.02,0.03,0.0,0.0,0.0,0.0,0.0,0.0,satan
0,icmp,eco_i,SF,8,0,0,0,0,0,0,0,0,0,0,0,0,0,0,0,0,0,1,37,0.0,0.0,0.0,0.0,1.0,0.0,1.0,2,90,1.0,0.0,1.0,0.5,0.0,0.0,0.0,0.0,ipsweep
0,udp,private,SF,1,0,0,0,0,0,0,0,0,0,0,0,0,0,0,0,0,0,5,5,0.0,0.0,0.0,0.0,1.0,0.0,0.0,255,5,0.02,0.07,0.12,0.0,0.0,0.0,0.75,0.0,satan
1,tcp,private,RSTR,0,0,0,0,0,0,0,0,0,0,0,0,0,0,0,0,0,0,304,2,0.0,0.0,1.0,1.0,0.01,0.5,0.0,255,2,0.01,0.5,1.0,0.0,0.0,0.0,1.0,1.0,portsweep
0,icmp,eco_i,SF,8,0,0,0,0,0,0,0,0,0,0,0,0,0,0,0,0,0,1,14,0.0,0.0,0.0,0.0,1.0,0.0,1.0,1,47,1.0,0.0,1.0,0.51,0.0,0.0,0.0,0.0,ipsweep
0,tcp,whois,S0,0,0,0,0,0,0,0,0,0,0,0,0,0,0,0,0,0,0,285,9,1.0,1.0,0.0,0.0,0.03,0.06,0.0,255,1,0.0,0.07,0.0,0.0,1.0,1.0,0.0,0.0,neptune
0,tcp,ftp_data,SF,16115,0,0,0,0,0,0,0,0,0,0,0,0,0,0,0,0,0,10,10,0.0,0.0,0.0,0.0,1.0,0.0,0.0,2,70,1.0,0.0,1.0,0.03,0.0,0.0,0.0,0.0,normal
0,icmp,eco_i,SF,8,0,0,0,0,0,0,0,0,0,0,0,0,0,0,0,0,0,1,23,0.0,0.0,0.0,0.0,1.0,0.0,1.0,4,172,1.0,0.0,1.0,0.25,0.0,0.0,0.0,0.0,nmap
0,tcp,http,SF,222,5729,0,0,0,0,0,1,0,0,0,0,0,0,0,0,0,0,13,16,0.0,0.0,0.0,0.0,1.0,0.0,0.12,176,255,1.0,0.0,0.01,0.03,0.0,0.0,0.0,0.0,normal
0,udp,private,SF,1,0,0,0,0,0,0,0,0,0,0,0,0,0,0,0,0,0,15,8,0.0,0.0,0.0,0.0,0.53,0.13,0.0,255,36,0.14,0.54,0.49,0.0,0.16,0.0,0.35,0.0,satan
0,icmp,eco_i,SF,18,0,0,0,0,0,0,0,0,0,0,0,0,0,0,0,0,0,1,1,0.0,0.0,0.0,0.0,1.0,0.0,0.0,1,148,1.0,0.0,1.0,1.0,0.0,0.0,0.0,0.0,ipsweep
0,udp,private,SF,1,0,0,0,0,0,0,0,0,0,0,0,0,0,0,0,0,0,40,13,0.0,0.0,0.0,0.0,0.32,0.1,0.0,255,41,0.16,0.45,0.58,0.0,0.16,0.0,0.26,0.0,satan
0,icmp,eco_i,SF,8,0,0,0,0,0,0,0,0,0,0,0,0,0,0,0,0,0,1,41,0.0,0.0,0.0,0.0,1.0,0.0,1.0,2,76,1.0,0.0,1.0,0.5,0.0,0.0,0.0,0.0,ipsweep
0,udp,other,SF,1,0,0,0,0,0,0,0,0,0,0,0,0,0,0,0,0,0,6,6,0.0,0.0,0.0,0.0,1.0,0.0,0.0,255,6,0.02,0.15,0.42,0.0,0.0,0.0,0.51,0.0,satan
0,tcp,iso_tsap,REJ,0,0,0,0,0,0,0,0,0,0,0,0,0,0,0,0,0,0,511,1,0.07,0.0,0.91,1.0,0.0,1.0,0.0,255,1,0.0,1.0,0.0,0.0,0.07,0.0,0.91,1.0,satan
0,tcp,http,SF,233,1556,0,0,0,0,0,1,0,0,0,0,0,0,0,0,0,0,10,20,0.0,0.0,0.0,0.0,1.0,0.0,0.1,169,255,1.0,0.0,0.01,0.01,0.0,0.0,0.0,0.0,normal
0,tcp,private,RSTR,0,0,0,0,0,0,0,0,0,0,0,0,0,0,0,0,0,0,1,1,0.0,0.0,1.0,1.0,1.0,0.0,0.0,255,1,0.0,0.49,0.97,0.0,0.0,0.0,0.97,1.0,portsweep
0,tcp,private,REJ,0,0,0,0,0,0,0,0,0,0,0,0,0,0,0,0,0,0,342,1,0.0,0.0,1.0,1.0,0.0,0.52,0.0,255,1,0.0,0.52,1.0,0.0,0.0,0.0,1.0,1.0,portsweep
0,tcp,private,REJ,0,0,0,0,0,0,0,0,0,0,0,0,0,0,0,0,0,0,1,1,0.0,0.0,1.0,1.0,1.0,0.0,0.0,11,2,0.09,1.0,0.09,1.0,0.0,0.0,0.73,1.0,ipsweep
0,icmp,eco_i,SF,18,0,0,0,0,0,0,0,0,0,0,0,0,0,0,0,0,0,1,1,0.0,0.0,0.0,0.0,1.0,0.0,0.0,1,19,1.0,0.0,1.0,1.0,0.0,0.0,0.0,0.0,ipsweep
0,tcp,private,REJ,0,0,0,0,0,0,0,0,0,0,0,0,0,0,0,0,0,0,51,13,0.0,0.0,1.0,1.0,0.25,0.06,0.0,255,2,0.01,0.07,0.0,0.0,0.0,0.0,1.0,1.0,neptune
0,udp,private,SF,1,0,0,0,0,0,0,0,0,0,0,0,0,0,0,0,0,0,62,16,0.0,0.0,0.0,0.0,0.26,0.08,0.0,255,39,0.15,0.22,1.0,0.0,0.0,0.0,0.0,0.0,satan
0,tcp,Z39_50,REJ,0,0,0,0,0,0,0,0,0,0,0,0,0,0,0,0,0,0,509,1,0.05,0.0,0.94,1.0,0.0,1.0,0.0,255,1,0.0,1.0,0.0,0.0,0.06,0.0,0.92,1.0,satan
0,tcp,private,REJ,0,0,0,0,0,0,0,0,0,0,0,0,0,0,0,0,0,0,94,1,0.01,0.0,0.93,1.0,0.01,1.0,0.0,219,1,0.0,0.46,0.0,0.0,0.0,0.0,0.41,1.0,satan
0,icmp,eco_i,SF,8,0,0,0,0,0,0,0,0,0,0,0,0,0,0,0,0,0,1,49,0.0,0.0,0.0,0.0,1.0,0.0,1.0,1,135,1.0,0.0,1.0,0.5,0.0,0.0,0.0,0.0,ipsweep
36811,tcp,private,RSTR,1,0,0,0,0,0,0,0,0,0,0,0,0,0,0,0,0,0,2,2,0.0,0.0,1.0,1.0,1.0,0.0,0.0,255,2,0.01,0.5,1.0,0.0,0.0,0.0,1.0,1.0,portsweep
0,tcp,private,RSTR,0,0,0,0,0,0,0,0,0,0,0,0,0,0,0,0,0,0,1,1,0.0,0.0,1.0,1.0,1.0,0.0,0.0,255,1,0.0,0.89,0.89,0.0,0.0,0.0,0.88,1.0,portsweep
0,tcp,http,SF,318,3018,0,0,0,0,0,1,0,0,0,0,0,0,0,0,0,0,9,10,0.0,0.0,0.0,0.0,1.0,0.0,0.2,10,255,1.0,0.0,0.1,0.07,0.0,0.0,0.0,0.0,normal
0,tcp,private,S0,0,0,0,0,0,0,0,0,0,0,0,0,0,0,0,0,0,0,116,17,1.0,1.0,0.0,0.0,0.15,0.07,0.0,255,18,0.07,0.07,0.0,0.0,1.0,1.0,0.0,0.0,neptune
0,tcp,private,REJ,0,0,0,0,0,0,0,0,0,0,0,0,0,0,0,0,0,0,438,1,0.0,0.0,1.0,1.0,0.0,0.52,0.0,255,1,0.0,0.51,1.0,0.0,0.0,0.0,1.0,1.0,portsweep
0,tcp,auth,SF,10,35,0,0,0,0,0,1,1,0,0,1,0,0,0,0,0,0,1,1,0.0,0.0,0.0,0.0,1.0,0.0,0.0,5,1,0.2,0.6,0.2,0.0,0.0,0.0,0.0,0.0,satan
0,tcp,ftp_data,SF,246,0,0,0,0,0,0,1,0,0,0,0,0,0,0,0,0,0,1,1,0.0,0.0,0.0,0.0,1.0,0.0,0.0,5,16,1.0,0.0,1.0,0.12,0.0,0.0,0.0,0.0,warezclient
0,icmp,eco_i,SF,8,0,0,0,0,0,0,0,0,0,0,0,0,0,0,0,0,0,1,25,0.0,0.0,0.0,0.0,1.0,0.0,1.0,1,43,1.0,0.0,1.0,0.51,0.0,0.0,0.0,0.0,ipsweep
0,tcp,ftp_data,SF,334,0,0,0,0,0,0,1,0,0,0,0,0,0,0,0,0,0,1,1,0.0,0.0,0.0,0.0,1.0,0.0,0.0,3,46,1.0,0.0,1.0,0.13,0.0,0.0,0.0,0.0,warezclient
0,tcp,http,SF,314,2698,0,0,0,0,0,1,0,0,0,0,0,0,1,0,0,0,6,6,0.0,0.0,0.0,0.0,1.0,0.0,0.0,255,249,0.98,0.01,0.0,0.0,0.0,0.0,0.0,0.0,normal
0,icmp,eco_i,SF,8,0,0,0,0,0,0,0,0,0,0,0,0,0,0,0,0,0,1,12,0.0,0.0,0.0,0.0,1.0,0.0,1.0,3,80,1.0,0.0,1.0,0.26,0.0,0.0,0.0,0.0,nmap
0,tcp,http,REJ,0,0,0,0,0,0,0,0,0,0,0,0,0,0,0,0,0,0,2,2,0.0,0.0,1.0,1.0,1.0,0.0,0.0,76,253,1.0,0.0,0.01,0.16,0.0,0.0,1.0,1.0,normal
0,tcp,private,REJ,0,0,0,0,0,0,0,0,0,0,0,0,0,0,0,0,0,0,282,1,0.03,0.0,0.95,1.0,0.0,1.0,0.0,255,1,0.0,0.97,0.0,0.0,0.04,0.0,0.92,1.0,satan
21123,tcp,private,RSTR,1,0,0,0,0,0,0,0,0,0,0,0,0,0,0,0,0,0,2,2,0.0,0.0,1.0,1.0,1.0,0.0,0.0,255,2,0.01,0.64,1.0,0.0,0.0,0.0,1.0,1.0,portsweep
0,tcp,private,RSTR,0,0,0,0,0,0,0,0,0,0,0,0,0,0,0,0,0,0,1,1,0.0,0.0,1.0,1.0,1.0,0.0,0.0,255,1,0.0,0.81,0.8,0.0,0.0,0.0,0.8,1.0,portsweep
0,icmp,eco_i,SF,8,0,0,0,0,0,0,0,0,0,0,0,0,0,0,0,0,0,1,8,0.0,0.0,0.0,0.0,1.0,0.0,1.0,4,254,0.75,0.5,0.75,0.25,0.25,0.0,0.0,0.0,nmap
0,udp,private,SF,1,4,0,0,0,0,0,0,0,0,0,0,0,0,0,0,0,0,32,15,0.0,0.0,0.0,0.0,0.47,0.09,0.0,255,15,0.06,0.69,0.34,0.0,0.16,0.0,0.51,0.0,satan
0,tcp,private,REJ,0,0,0,0,0,0,0,0,0,0,0,0,0,0,0,0,0,0,279,1,0.11,0.0,0.88,1.0,0.0,1.0,0.0,255,1,0.0,1.0,0.0,0.0,0.12,0.0,0.87,1.0,satan
0,tcp,private,REJ,0,0,0,0,0,0,0,0,0,0,0,0,0,0,0,0,0,0,183,7,0.0,0.0,1.0,1.0,0.04,0.07,0.0,255,7,0.03,0.08,0.0,0.0,0.0,0.0,1.0,1.0,neptune
0,icmp,urp_i,SF,78,0,0,0,0,0,0,0,0,0,0,0,0,0,0,0,0,0,12,3,0.0,0.0,0.0,0.0,0.25,0.17,0.0,255,9,0.04,0.01,0.04,0.0,0.0,0.0,0.0,0.0,normal
0,tcp,private,RSTR,0,0,0,0,0,0,0,0,0,0,0,0,0,0,0,0,0,0,1,1,0.0,0.0,1.0,1.0,1.0,0.0,0.0,139,1,0.01,0.65,0.65,0.0,0.04,0.0,0.64,1.0,portsweep
0,icmp,eco_i,SF,8,0,0,0,0,0,0,0,0,0,0,0,0,0,0,0,0,0,1,27,0.0,0.0,0.0,0.0,1.0,0.0,1.0,1,213,1.0,0.0,1.0,0.25,0.0,0.0,0.0,0.0,nmap
0,icmp,eco_i,SF,8,0,0,0,0,0,0,0,0,0,0,0,0,0,0,0,0,0,1,32,0.0,0.0,0.0,0.0,1.0,0.0,1.0,2,50,1.0,0.0,1.0,0.5,0.0,0.0,0.0,0.0,ipsweep
0,tcp,rje,RSTR,0,0,0,0,0,0,0,0,0,0,0,0,0,0,0,0,0,0,1,1,0.0,0.0,1.0,1.0,1.0,0.0,0.0,175,1,0.01,0.45,0.44,0.0,0.0,0.0,0.43,1.0,portsweep
0,tcp,http,SF,207,465,0,0,0,0,0,1,0,0,0,0,0,0,0,0,0,0,3,3,0.0,0.0,0.0,0.0,1.0,0.0,0.0,17,255,1.0,0.0,0.06,0.04,0.0,0.0,0.0,0.0,normal
7,tcp,other,RSTR,0,0,0,0,0,0,0,0,0,0,0,0,0,0,0,0,0,0,1,1,0.0,0.0,1.0,1.0,1.0,0.0,0.0,255,1,0.0,0.62,1.0,0.0,0.0,0.0,1.0,1.0,portsweep
0,tcp,private,REJ,0,0,0,0,0,0,0,0,0,0,0,0,0,0,0,0,0,0,2,1,0.0,0.0,1.0,1.0,0.5,1.0,0.0,255,1,0.0,0.83,0.81,0.0,0.0,0.0,0.81,1.0,portsweep
0,tcp,private,REJ,0,0,0,0,0,0,0,0,0,0,0,0,0,0,0,0,0,0,46,1,0.15,0.0,0.85,1.0,0.02,1.0,0.0,255,1,0.0,0.48,0.0,0.0,0.03,0.0,0.16,1.0,satan
0,tcp,ftp_data,SF,334,0,0,0,0,0,0,1,0,0,0,0,0,0,0,0,0,0,1,1,0.0,0.0,0.0,0.0,1.0,0.0,0.0,5,27,1.0,0.0,1.0,0.07,0.0,0.0,0.0,0.0,warezclient
0,udp,private,SF,1,0,0,0,0,0,0,0,0,0,0,0,0,0,0,0,0,0,45,18,0.0,0.0,0.0,0.0,0.4,0.09,0.0,255,85,0.33,0.06,1.0,0.0,0.0,0.0,0.0,0.0,satan
17824,tcp,other,RSTR,1,0,0,0,0,0,0,0,0,0,0,0,0,0,0,0,0,0,2,2,0.0,0.0,1.0,1.0,1.0,0.0,0.0,255,2,0.01,0.73,1.0,0.0,0.0,0.0,1.0,1.0,portsweep
0,tcp,ftp_data,SF,334,0,0,0,0,0,0,1,0,0,0,0,0,0,0,0,0,0,2,2,0.0,0.0,0.0,0.0,1.0,0.0,0.0,179,58,0.19,0.06,0.21,0.03,0.01,0.03,0.0,0.0,warezclient
41606,tcp,mtp,RSTR,1,0,0,0,0,0,0,0,0,0,0,0,0,0,0,0,0,0,2,2,0.0,0.0,1.0,1.0,1.0,0.0,0.0,234,2,0.01,0.25,0.49,0.0,0.0,0.0,0.49,1.0,portsweep
17573,tcp,other,RSTR,1,0,0,0,0,0,0,0,0,0,0,0,0,0,0,0,0,0,2,2,0.0,0.0,1.0,1.0,1.0,0.0,0.0,255,2,0.01,0.73,1.0,0.0,0.0,0.0,1.0,1.0,portsweep
0,tcp,http,SF,147,17087,0,0,0,0,0,1,0,0,0,0,0,0,0,0,0,0,1,34,0.0,0.0,0.0,0.0,1.0,0.0,0.09,26,255,1.0,0.0,0.04,0.04,0.0,0.0,0.0,0.0,normal
5033,tcp,ftp_data,SF,5133876,0,0,0,0,0,0,1,0,0,0,0,0,0,0,0,0,0,1,1,0.0,0.0,0.0,0.0,1.0,0.0,0.0,17,44,1.0,0.0,1.0,0.07,0.0,0.0,0.0,0.0,warezclient
0,tcp,private,REJ,0,0,0,0,0,0,0,0,0,0,0,0,0,0,0,0,0,0,101,1,0.07,0.0,0.93,1.0,0.01,1.0,0.0,255,1,0.0,0.66,0.0,0.0,0.03,0.0,0.38,1.0,satan
0,udp,private,SF,1,0,0,0,0,0,0,0,0,0,0,0,0,0,0,0,0,0,26,10,0.0,0.0,0.0,0.0,0.38,0.12,0.0,255,10,0.04,0.27,0.93,0.0,0.0,0.0,0.07,0.0,satan
0,tcp,ftp_data,S0,0,0,0,0,0,0,0,0,0,0,0,0,0,0,0,0,0,0,482,24,0.09,0.21,0.89,0.79,0.05,0.95,0.0,255,23,0.09,0.91,0.0,0.0,0.11,0.22,0.89,0.78,satan
0,tcp,private,RSTR,0,0,0,0,0,0,0,0,0,0,0,0,0,0,0,0,0,0,1,1,0.0,0.0,1.0,1.0,1.0,0.0,0.0,121,1,0.01,0.03,0.01,0.0,0.0,0.0,0.01,1.0,portsweep
0,udp,private,SF,207,0,0,0,0,0,0,0,0,0,0,0,0,0,0,0,0,0,2,2,0.0,0.0,0.0,0.0,1.0,0.0,0.0,10,10,1.0,0.0,1.0,0.0,0.0,0.0,0.0,0.0,nmap
0,icmp,eco_i,SF,8,0,0,0,0,0,0,0,0,0,0,0,0,0,0,0,0,0,1,21,0.0,0.0,0.0,0.0,1.0,0.0,1.0,2,22,1.0,0.0,1.0,0.5,0.0,0.0,0.0,0.0,ipsweep
0,tcp,private,REJ,0,0,0,0,0,0,0,0,0,0,0,0,0,0,0,0,0,0,1,1,0.0,0.0,1.0,1.0,1.0,0.0,0.0,35,1,0.03,1.0,0.03,0.0,0.0,0.0,0.89,1.0,ipsweep
0,icmp,eco_i,SF,8,0,0,0,0,0,0,0,0,0,0,0,0,0,0,0,0,0,1,3,0.0,0.0,0.0,0.0,1.0,0.0,1.0,4,61,1.0,0.0,1.0,0.26,0.0,0.0,0.0,0.0,nmap
0,tcp,private,REJ,0,0,0,0,0,0,0,0,0,0,0,0,0,0,0,0,0,0,5,1,0.0,0.0,1.0,1.0,0.2,0.6,0.0,175,1,0.01,0.03,0.03,0.0,0.01,0.0,0.31,1.0,portsweep
0,tcp,domain,S0,0,0,0,0,0,0,0,0,0,0,0,0,0,0,0,0,0,0,104,14,1.0,1.0,0.0,0.0,0.13,0.06,0.0,255,6,0.02,0.07,0.0,0.0,1.0,1.0,0.0,0.0,neptune
0,icmp,ecr_i,SF,8,0,0,0,0,0,0,0,0,0,0,0,0,0,0,0,0,0,1,1,0.0,0.0,0.0,0.0,1.0,0.0,0.0,5,5,1.0,0.0,1.0,0.0,0.0,0.0,0.0,0.0,nmap
0,tcp,csnet_ns,S0,0,0,0,0,0,0,0,0,0,0,0,0,0,0,0,0,0,0,286,13,1.0,1.0,0.0,0.0,0.05,0.06,0.0,255,13,0.05,0.06,0.0,0.0,1.0,1.0,0.0,0.0,neptune
0,tcp,finger,S0,0,0,0,0,0,0,0,0,0,0,0,0,0,0,0,0,0,0,20,10,1.0,1.0,0.0,0.0,0.5,0.1,0.0,255,59,0.23,0.04,0.0,0.0,1.0,1.0,0.0,0.0,neptune
0,tcp,private,REJ,0,0,0,0,0,0,0,0,0,0,0,0,0,0,0,0,0,0,90,1,0.01,0.0,0.9,1.0,0.01,1.0,0.0,255,1,0.0,0.37,0.0,0.0,0.0,0.0,0.33,1.0,satan
0,icmp,eco_i,SF,8,0,0,0,0,0,0,0,0,0,0,0,0,0,0,0,0,0,1,30,0.0,0.0,0.0,0.0,1.0,0.0,1.0,2,129,1.0,0.0,1.0,0.5,0.0,0.0,0.0,0.0,ipsweep
0,icmp,eco_i,SF,18,0,0,0,0,0,0,0,0,0,0,0,0,0,0,0,0,0,1,1,0.0,0.0,0.0,0.0,1.0,0.0,0.0,2,214,1.0,0.0,1.0,0.25,0.0,0.0,0.0,0.0,ipsweep
0,udp,private,SF,1,0,0,0,0,0,0,0,0,0,0,0,0,0,0,0,0,0,40,7,0.0,0.0,0.0,0.0,0.17,0.1,0.0,255,7,0.03,0.22,0.98,0.0,0.0,0.0,0.02,0.0,satan
0,tcp,finger,SF,8,173,0,0,0,0,0,0,0,0,0,0,0,0,0,0,0,0,1,1,0.0,0.0,0.0,0.0,1.0,0.0,0.0,90,6,0.04,0.03,0.01,0.5,0.0,0.17,0.0,0.0,normal
0,tcp,private,RSTR,0,0,0,0,0,0,0,0,0,0,0,0,0,0,0,0,0,0,1,1,0.0,0.0,1.0,1.0,1.0,0.0,0.0,211,1,0.0,0.23,0.2,0.0,0.0,0.0,0.21,1.0,portsweep
0,tcp,other,REJ,0,0,0,0,0,0,0,0,0,0,0,0,0,0,0,0,0,0,511,1,0.16,0.0,0.84,1.0,0.0,1.0,0.0,255,1,0.0,1.0,0.0,0.0,0.14,0.0,0.86,1.0,satan
0,tcp,private,S0,0,0,0,0,0,0,0,0,0,0,0,0,0,0,0,0,0,0,207,4,1.0,1.0,0.0,0.0,0.02,0.07,0.0,255,7,0.03,0.07,0.0,0.0,1.0,1.0,0.0,0.0,neptune
0,tcp,other,REJ,0,0,0,0,0,0,0,0,0,0,0,0,0,0,0,0,0,0,511,1,0.15,0.0,0.85,1.0,0.0,1.0,0.0,255,1,0.0,1.0,0.0,0.0,0.18,0.0,0.82,1.0,satan
0,tcp,remote_job,REJ,0,0,0,0,0,0,0,0,0,0,0,0,0,0,0,0,0,0,511,1,0.07,0.0,0.92,1.0,0.0,1.0,0.0,255,1,0.0,1.0,0.0,0.0,0.1,0.0,0.87,1.0,satan
0,icmp,eco_i,SF,8,0,0,0,0,0,0,0,0,0,0,0,0,0,0,0,0,0,1,20,0.0,0.0,0.0,0.0,1.0,0.0,1.0,1,127,1.0,0.0,1.0,0.5,0.0,0.0,0.0,0.0,ipsweep
0,icmp,eco_i,SF,18,0,0,0,0,0,0,0,0,0,0,0,0,0,0,0,0,0,1,1,0.0,0.0,0.0,0.0,1.0,0.0,0.0,1,93,1.0,0.0,1.0,1.0,0.0,0.0,0.0,0.0,ipsweep
0,tcp,link,S0,0,0,0,0,0,0,0,0,0,0,0,0,0,0,0,0,0,0,35,3,0.8,1.0,0.2,0.0,0.09,0.4,0.0,255,3,0.01,0.06,0.14,0.0,0.11,1.0,0.03,0.0,portsweep
0,tcp,private,S0,0,0,0,0,0,0,0,0,0,0,0,0,0,0,0,0,0,0,112,1,1.0,1.0,0.0,0.0,0.01,0.07,0.0,220,1,0.0,0.07,0.0,0.0,1.0,1.0,0.0,0.0,neptune
0,icmp,eco_i,SF,18,0,0,0,0,0,0,0,0,0,0,0,0,0,0,0,0,0,1,1,0.0,0.0,0.0,0.0,1.0,0.0,0.0,1,62,1.0,0.0,1.0,1.0,0.0,0.0,0.0,0.0,ipsweep
0,icmp,eco_i,SF,8,0,0,0,0,0,0,0,0,0,0,0,0,0,0,0,0,0,1,9,0.0,0.0,0.0,0.0,1.0,0.0,1.0,1,85,1.0,0.0,1.0,0.51,0.0,0.0,0.0,0.0,ipsweep
3,tcp,telnet,RSTO,0,15,0,0,0,0,0,0,0,0,0,0,0,0,0,0,0,0,1,1,0.0,0.0,1.0,1.0,1.0,0.0,0.0,4,15,0.25,1.0,0.25,0.13,0.0,0.07,1.0,0.13,ipsweep
0,tcp,smtp,SF,565,386,0,0,0,0,0,1,0,0,0,0,0,0,0,0,0,0,1,1,0.0,0.0,0.0,0.0,1.0,0.0,0.0,255,80,0.31,0.02,0.0,0.0,0.49,0.0,0.0,0.0,normal
0,udp,domain_u,SF,30,0,0,0,0,0,0,0,0,0,0,0,0,0,0,0,0,0,1,1,0.0,0.0,0.0,0.0,1.0,0.0,0.0,17,4,0.24,0.24,0.24,0.0,0.0,0.0,0.0,0.0,normal
0,icmp,eco_i,SF,8,0,0,0,0,0,0,0,0,0,0,0,0,0,0,0,0,0,1,9,0.0,0.0,0.0,0.0,1.0,0.0,1.0,2,110,1.0,0.0,1.0,0.5,0.0,0.0,0.0,0.0,ipsweep
0,icmp,eco_i,SF,8,0,0,0,0,0,0,0,0,0,0,0,0,0,0,0,0,0,1,25,0.0,0.0,0.0,0.0,1.0,0.0,1.0,2,68,1.0,0.0,1.0,0.5,0.0,0.0,0.0,0.0,ipsweep
0,udp,private,SF,215,0,0,0,0,0,0,0,0,0,0,0,0,0,0,0,0,0,1,1,0.0,0.0,0.0,0.0,1.0,0.0,0.0,97,81,0.84,0.02,0.84,0.0,0.0,0.0,0.0,0.0,nmap
0,tcp,private,SH,0,0,0,0,0,0,0,0,0,0,0,0,0,0,0,0,0,0,1,1,1.0,1.0,0.0,0.0,1.0,0.0,0.0,147,1,0.01,0.93,0.95,0.0,0.95,1.0,0.0,0.0,nmap
0,udp,private,SF,1,0,0,0,0,0,0,0,0,0,0,0,0,0,0,0,0,0,51,5,0.0,0.0,0.0,0.0,0.1,0.1,0.0,255,5,0.02,0.02,0.02,0.0,0.0,0.0,0.84,0.0,satan
0,tcp,http,SF,333,1514,0,0,0,0,0,1,0,0,0,0,0,0,0,0,0,0,10,36,0.0,0.0,0.0,0.0,1.0,0.0,0.08,13,255,1.0,0.0,0.08,0.02,0.0,0.0,0.0,0.0,normal
0,udp,private,SF,1,0,0,0,0,0,0,0,0,0,0,0,0,0,0,0,0,0,18,2,0.0,0.0,0.0,0.0,0.11,0.17,0.0,255,2,0.01,0.37,0.67,0.0,0.15,0.0,0.18,0.0,satan
0,icmp,eco_i,SF,8,0,0,0,0,0,0,0,0,0,0,0,0,0,0,0,0,0,1,39,0.0,0.0,0.0,0.0,1.0,0.0,1.0,1,33,1.0,0.0,1.0,0.52,0.0,0.0,0.0,0.0,ipsweep
0,tcp,private,RSTR,0,0,0,0,0,0,0,0,0,0,0,0,0,0,0,0,0,0,1,1,0.0,0.0,1.0,1.0,1.0,0.0,0.0,255,1,0.0,0.64,0.63,0.0,0.0,0.0,0.64,1.0,portsweep
0,icmp,eco_i,SF,8,0,0,0,0,0,0,0,0,0,0,0,0,0,0,0,0,0,1,13,0.0,0.0,0.0,0.0,1.0,0.0,1.0,3,75,1.0,0.0,1.0,0.25,0.0,0.0,0.0,0.0,nmap
0,icmp,eco_i,SF,8,0,0,0,0,0,0,0,0,0,0,0,0,0,0,0,0,0,1,2,0.0,0.0,0.0,0.0,1.0,0.0,1.0,2,32,1.0,0.0,1.0,0.5,0.0,0.0,0.0,0.0,ipsweep
0,icmp,eco_i,SF,18,0,0,0,0,0,0,0,0,0,0,0,0,0,0,0,0,0,1,1,0.0,0.0,0.0,0.0,1.0,0.0,0.0,1,158,1.0,0.0,1.0,1.0,0.0,0.0,0.0,0.0,ipsweep
0,tcp,http,SF,163,11634,0,0,0,0,0,1,0,0,0,0,0,0,0,0,0,0,32,43,0.0,0.0,0.0,0.0,1.0,0.0,0.07,96,255,1.0,0.0,0.01,0.03,0.0,0.0,0.0,0.0,normal
0,icmp,eco_i,SF,8,0,0,0,0,0,0,0,0,0,0,0,0,0,0,0,0,0,1,3,0.0,0.0,0.0,0.0,1.0,0.0,1.0,2,62,1.0,0.0,1.0,0.52,0.0,0.0,0.0,0.0,ipsweep
0,tcp,ftp_data,SF,334,0,0,0,0,0,0,1,0,0,0,0,0,0,0,0,0,0,2,2,0.0,0.0,0.0,0.0,1.0,0.0,0.0,8,16,1.0,0.0,1.0,0.19,0.0,0.0,0.0,0.0,warezclient
0,icmp,eco_i,SF,8,0,0,0,0,0,0,0,0,0,0,0,0,0,0,0,0,0,1,36,0.0,0.0,0.0,0.0,1.0,0.0,1.0,1,133,1.0,0.0,1.0,0.5,0.0,0.0,0.0,0.0,ipsweep
0,udp,private,SF,1,0,0,0,0,0,0,0,0,0,0,0,0,0,0,0,0,0,35,26,0.0,0.0,0.0,0.0,0.74,0.09,0.0,255,37,0.15,0.22,1.0,0.0,0.0,0.0,0.0,0.0,satan
0,icmp,eco_i,SF,8,0,0,0,0,0,0,0,0,0,0,0,0,0,0,0,0,0,1,49,0.0,0.0,0.0,0.0,1.0,0.0,1.0,2,162,1.0,0.0,1.0,0.5,0.0,0.0,0.0,0.0,ipsweep
0,tcp,private,REJ,0,0,0,0,0,0,0,0,0,0,0,0,0,0,0,0,0,0,337,1,0.03,0.0,0.96,1.0,0.0,1.0,0.0,255,1,0.0,1.0,0.0,0.0,0.03,0.0,0.97,1.0,satan
12,tcp,ftp_data,SF,7045,0,0,0,0,0,0,1,0,0,0,0,0,0,0,0,0,0,2,2,0.0,0.0,0.0,0.0,1.0,0.0,0.0,6,17,1.0,0.0,1.0,0.12,0.0,0.0,0.0,0.0,warezclient
0,tcp,private,REJ,0,0,0,0,0,0,0,0,0,0,0,0,0,0,0,0,0,0,242,1,0.1,0.0,0.89,1.0,0.0,1.0,0.0,255,1,0.0,0.98,0.0,0.0,0.1,0.0,0.85,1.0,satan
0,udp,private,SF,1,0,0,0,0,0,0,0,0,0,0,0,0,0,0,0,0,0,4,4,0.0,0.0,0.0,0.0,1.0,0.0,0.0,255,4,0.02,0.72,0.36,0.0,0.02,0.0,0.62,0.0,satan
0,tcp,private,REJ,0,0,0,0,0,0,0,0,0,0,0,0,0,0,0,0,0,0,108,10,0.0,0.0,1.0,1.0,0.09,0.07,0.0,255,10,0.04,0.07,0.0,0.0,0.0,0.0,1.0,1.0,neptune
0,icmp,eco_i,SF,8,0,0,0,0,0,0,0,0,0,0,0,0,0,0,0,0,0,1,31,0.0,0.0,0.0,0.0,1.0,0.0,1.0,2,44,1.0,0.0,1.0,0.5,0.0,0.0,0.0,0.0,ipsweep
0,tcp,other,S0,0,0,0,0,0,0,0,0,0,0,0,0,0,0,0,0,0,0,509,1,0.16,1.0,0.84,0.0,0.0,1.0,0.0,255,1,0.0,1.0,0.0,0.0,0.03,1.0,0.97,0.0,satan
0,udp,private,SF,1,0,0,0,0,0,0,0,0,0,0,0,0,0,0,0,0,0,128,118,0.0,0.0,0.0,0.0,0.92,0.02,0.0,255,186,0.73,0.04,1.0,0.0,0.0,0.0,0.0,0.0,satan
0,tcp,iso_tsap,S0,0,0,0,0,0,0,0,0,0,0,0,0,0,0,0,0,0,0,153,11,1.0,1.0,0.0,0.0,0.07,0.07,0.0,255,11,0.04,0.06,0.0,0.0,1.0,1.0,0.0,0.0,neptune
0,tcp,nnsp,REJ,0,0,0,0,0,0,0,0,0,0,0,0,0,0,0,0,0,0,71,6,0.0,0.0,1.0,1.0,0.08,0.08,0.0,255,6,0.02,0.07,0.0,0.0,0.0,0.0,1.0,1.0,neptune
0,tcp,private,REJ,0,0,0,0,0,0,0,0,0,0,0,0,0,0,0,0,0,0,54,1,0.0,0.0,0.96,1.0,0.02,1.0,0.0,172,1,0.01,0.38,0.01,0.0,0.0,0.0,0.32,1.0,satan
0,tcp,private,REJ,0,0,0,0,0,0,0,0,0,0,0,0,0,0,0,0,0,0,336,1,0.06,0.0,0.9,1.0,0.0,1.0,0.0,255,1,0.0,1.0,0.0,0.0,0.08,0.0,0.89,1.0,satan
0,tcp,other,REJ,0,0,0,0,0,0,0,0,0,0,0,0,0,0,0,0,0,0,479,1,0.07,0.0,0.92,1.0,0.0,1.0,0.0,255,1,0.0,1.0,0.0,0.0,0.04,0.0,0.96,1.0,satan
0,tcp,other,REJ,0,0,0,0,0,0,0,0,0,0,0,0,0,0,0,0,0,0,403,1,0.07,0.0,0.9,1.0,0.0,1.0,0.0,255,1,0.0,1.0,0.0,0.0,0.08,0.0,0.91,1.0,satan
0,tcp,private,RSTR,0,0,0,0,0,0,0,0,0,0,0,0,0,0,0,0,0,0,1,1,0.0,0.0,1.0,1.0,1.0,0.0,0.0,255,1,0.0,0.05,0.04,0.0,0.0,0.0,0.04,1.0,portsweep
30,tcp,ftp,SF,1067,3081,0,0,0,22,0,1,0,0,0,0,0,0,0,0,0,1,1,1,0.0,0.0,0.0,0.0,1.0,0.0,0.0,172,44,0.26,0.03,0.01,0.0,0.0,0.0,0.01,0.02,normal
0,icmp,eco_i,SF,18,0,0,0,0,0,0,0,0,0,0,0,0,0,0,0,0,0,1,1,0.0,0.0,0.0,0.0,1.0,0.0,0.0,1,213,1.0,0.0,1.0,0.25,0.0,0.0,0.0,0.0,ipsweep
22236,tcp,private,RSTR,1,0,0,0,0,0,0,0,0,0,0,0,0,0,0,0,0,0,2,2,0.0,0.0,1.0,1.0,1.0,0.0,0.0,255,2,0.01,0.73,1.0,0.0,0.0,0.0,1.0,1.0,portsweep
2,tcp,private,RSTR,0,0,0,0,0,0,0,0,0,0,0,0,0,0,0,0,0,0,385,2,0.0,0.0,1.0,1.0,0.01,0.52,0.0,255,2,0.01,0.52,1.0,0.0,0.0,0.0,1.0,1.0,portsweep
0,tcp,private,RSTR,0,0,0,0,0,0,0,0,0,0,0,0,0,0,0,0,0,0,1,1,0.0,0.0,1.0,1.0,1.0,0.0,0.0,164,1,0.01,0.41,0.4,0.0,0.0,0.0,0.4,1.0,portsweep
14178,tcp,other,RSTR,1,0,0,0,0,0,0,0,0,0,0,0,0,0,0,0,0,0,2,2,0.0,0.0,1.0,1.0,1.0,0.0,0.0,255,2,0.01,0.68,1.0,0.0,0.0,0.0,1.0,1.0,portsweep
0,icmp,eco_i,SF,8,0,0,0,0,0,0,0,0,0,0,0,0,0,0,0,0,0,1,26,0.0,0.0,0.0,0.0,1.0,0.0,1.0,2,61,1.0,0.0,1.0,0.26,0.0,0.0,0.0,0.0,nmap
0,icmp,eco_i,SF,8,0,0,0,0,0,0,0,0,0,0,0,0,0,0,0,0,0,1,45,0.0,0.0,0.0,0.0,1.0,0.0,1.0,2,10,1.0,0.0,1.0,0.3,0.0,0.0,0.0,0.0,nmap
37478,tcp,private,RSTR,1,0,0,0,0,0,0,0,0,0,0,0,0,0,0,0,0,0,2,2,0.0,0.0,1.0,1.0,1.0,0.0,0.0,255,2,0.01,0.5,1.0,0.0,0.0,0.0,1.0,1.0,portsweep
5063,tcp,ftp_data,SF,5133876,0,0,0,0,4,0,1,0,0,0,0,0,0,0,0,0,0,1,1,0.0,0.0,0.0,0.0,1.0,0.0,0.0,4,38,1.0,0.0,1.0,0.16,0.0,0.03,0.0,0.0,warezclient
0,tcp,http,S0,0,0,0,0,0,0,0,0,0,0,0,0,0,0,0,0,0,0,129,20,1.0,1.0,0.0,0.0,0.16,0.05,0.0,255,14,0.05,0.07,0.0,0.0,1.0,1.0,0.0,0.0,neptune
1,tcp,smtp,SF,2265,278,0,0,0,0,0,1,0,0,0,0,0,0,0,0,0,0,1,1,0.0,0.0,0.0,0.0,1.0,0.0,0.0,196,158,0.66,0.04,0.01,0.01,0.0,0.0,0.01,0.0,normal
0,tcp,private,REJ,0,0,0,0,0,0,0,0,0,0,0,0,0,0,0,0,0,0,362,1,0.0,0.0,1.0,1.0,0.0,0.52,0.0,255,1,0.0,0.52,1.0,0.0,0.0,0.0,1.0,1.0,portsweep
0,icmp,eco_i,SF,8,0,0,0,0,0,0,0,0,0,0,0,0,0,0,0,0,0,1,50,0.0,0.0,0.0,0.0,1.0,0.0,1.0,2,82,1.0,0.0,1.0,0.26,0.0,0.0,0.0,0.0,nmap
0,icmp,eco_i,SF,8,0,0,0,0,0,0,0,0,0,0,0,0,0,0,0,0,0,1,12,0.0,0.0,0.0,0.0,1.0,0.0,1.0,2,42,1.0,0.0,1.0,0.5,0.0,0.0,0.0,0.0,ipsweep
0,icmp,eco_i,SF,8,0,0,0,0,0,0,0,0,0,0,0,0,0,0,0,0,0,46,34,0.0,0.0,0.0,0.0,0.02,0.04,1.0,4,28,1.0,0.0,1.0,0.25,0.0,0.0,0.0,0.0,nmap
0,tcp,http,SF,221,1645,0,0,0,0,0,1,0,0,0,0,0,0,0,0,0,0,8,8,0.0,0.0,0.0,0.0,1.0,0.0,0.0,255,255,1.0,0.0,0.0,0.0,0.0,0.0,0.0,0.0,normal
0,udp,private,SF,1,0,0,0,0,0,0,0,0,0,0,0,0,0,0,0,0,0,2,2,0.0,0.0,0.0,0.0,1.0,0.0,0.0,255,5,0.02,0.98,0.02,0.0,0.03,0.0,0.95,0.0,satan
0,icmp,eco_i,SF,8,0,0,0,0,0,0,0,0,0,0,0,0,0,0,0,0,0,1,4,0.0,0.0,0.0,0.0,1.0,0.0,1.0,2,26,1.0,0.0,1.0,0.5,0.0,0.0,0.0,0.0,ipsweep
0,tcp,private,RSTR,0,0,0,0,0,0,0,0,0,0,0,0,0,0,0,0,0,0,1,1,0.0,0.0,1.0,1.0,1.0,0.0,0.0,255,1,0.0,0.54,0.53,0.0,0.0,0.0,0.54,1.0,portsweep
0,tcp,private,RSTR,0,0,0,0,0,0,0,0,0,0,0,0,0,0,0,0,0,0,1,1,0.0,0.0,1.0,1.0,1.0,0.0,0.0,157,1,0.01,0.14,0.24,0.0,0.0,0.0,0.24,1.0,portsweep
0,tcp,ftp_data,SF,334,0,0,0,0,0,0,1,0,0,0,0,0,0,0,0,0,0,2,2,0.0,0.0,0.0,0.0,1.0,0.0,0.0,11,19,1.0,0.0,1.0,0.11,0.0,0.0,0.0,0.0,warezclient
5490,tcp,other,RSTR,1,0,0,0,0,0,0,0,0,0,0,0,0,0,0,0,0,0,2,2,0.0,0.0,1.0,1.0,1.0,0.0,0.0,255,2,0.01,0.74,1.0,0.0,0.0,0.0,1.0,1.0,portsweep
0,tcp,other,REJ,0,0,0,0,0,0,0,0,0,0,0,0,0,0,0,0,0,0,511,1,0.12,0.0,0.88,1.0,0.0,1.0,0.0,255,1,0.0,1.0,0.0,0.0,0.14,0.0,0.86,1.0,satan
0,tcp,private,SH,0,0,0,0,0,0,0,0,0,0,0,0,0,0,0,0,0,0,1,1,1.0,1.0,0.0,0.0,1.0,0.0,0.0,159,1,0.01,0.94,0.95,0.0,0.95,1.0,0.0,0.0,nmap
0,tcp,private,SH,0,0,0,0,0,0,0,0,0,0,0,0,0,0,0,0,0,0,1,1,1.0,1.0,0.0,0.0,1.0,0.0,0.0,247,1,0.0,0.96,0.97,0.0,0.97,1.0,0.0,0.0,nmap
0,tcp,private,REJ,0,0,0,0,0,0,0,0,0,0,0,0,0,0,0,0,0,0,1,1,0.0,0.0,1.0,1.0,1.0,0.0,0.0,15,1,0.07,1.0,0.07,0.0,0.0,0.0,0.87,1.0,ipsweep
13073,tcp,other,RSTR,1,0,0,0,0,0,0,0,0,0,0,0,0,0,0,0,0,0,2,2,0.0,0.0,1.0,1.0,1.0,0.0,0.0,255,2,0.01,0.68,1.0,0.0,0.0,0.0,1.0,1.0,portsweep
0,udp,private,SF,1,0,0,0,0,0,0,0,0,0,0,0,0,0,0,0,0,0,12,2,0.0,0.0,0.0,0.0,0.17,0.67,0.0,255,2,0.01,0.29,0.92,0.0,0.0,0.0,0.08,0.0,satan
0,tcp,private,OTH,0,0,0,0,0,0,0,0,0,0,0,0,0,0,0,0,0,0,1,1,0.0,0.0,0.0,0.0,1.0,0.0,0.0,168,1,0.01,0.71,0.71,0.0,0.04,0.0,0.62,0.0,portsweep
0,icmp,eco_i,SF,8,0,0,0,0,0,0,0,0,0,0,0,0,0,0,0,0,0,1,11,0.0,0.0,0.0,0.0,1.0,0.0,1.0,1,217,1.0,0.0,1.0,0.5,0.0,0.0,0.0,0.0,ipsweep
0,tcp,http_443,REJ,0,0,0,0,0,0,0,0,0,0,0,0,0,0,0,0,0,0,138,19,0.0,0.0,1.0,1.0,0.14,0.07,0.0,255,19,0.07,0.06,0.0,0.0,0.0,0.0,1.0,1.0,neptune
0,icmp,eco_i,SF,8,0,0,0,0,0,0,0,0,0,0,0,0,0,0,0,0,0,1,35,0.0,0.0,0.0,0.0,1.0,0.0,1.0,1,77,1.0,0.0,1.0,0.51,0.0,0.0,0.0,0.0,ipsweep
0,udp,private,SF,207,0,0,0,0,0,0,0,0,0,0,0,0,0,0,0,0,0,2,2,0.0,0.0,0.0,0.0,1.0,0.0,0.0,140,116,0.83,0.01,0.83,0.0,0.0,0.0,0.0,0.0,nmap
0,udp,private,SF,1,0,0,0,0,0,0,0,0,0,0,0,0,0,0,0,0,0,29,22,0.0,0.0,0.0,0.0,0.76,0.1,0.0,255,22,0.09,0.57,0.47,0.0,0.05,0.0,0.47,0.0,satan
0,udp,private,SF,215,0,0,0,0,0,0,0,0,0,0,0,0,0,0,0,0,0,1,1,0.0,0.0,0.0,0.0,1.0,0.0,0.0,101,85,0.84,0.02,0.84,0.0,0.0,0.0,0.0,0.0,nmap
1,tcp,private,RSTOS0,0,0,0,0,0,0,0,0,0,0,0,0,0,0,0,0,0,0,106,3,0.75,0.67,0.25,0.33,0.03,0.37,0.0,255,3,0.01,0.15,0.42,0.0,0.31,0.67,0.11,0.33,portsweep
25420,tcp,private,RSTR,0,0,0,0,0,0,0,0,0,0,0,0,0,0,0,0,0,0,1,1,0.0,0.0,1.0,1.0,1.0,0.0,0.0,255,1,0.0,0.62,1.0,0.0,0.0,0.0,1.0,1.0,portsweep
0,udp,private,SF,1,0,0,0,0,0,0,0,0,0,0,0,0,0,0,0,0,0,6,6,0.0,0.0,0.0,0.0,1.0,0.0,0.0,74,6,0.08,0.07,0.12,0.0,0.0,0.0,0.0,0.0,satan
0,tcp,courier,S0,0,0,0,0,0,0,0,0,0,0,0,0,0,0,0,0,0,0,145,21,1.0,1.0,0.0,0.0,0.14,0.05,0.0,255,21,0.08,0.06,0.0,0.0,1.0,1.0,0.0,0.0,neptune
0,icmp,eco_i,SF,8,0,0,0,0,0,0,0,0,0,0,0,0,0,0,0,0,0,1,46,0.0,0.0,0.0,0.0,1.0,0.0,1.0,3,3,1.0,0.0,1.0,0.0,0.0,0.0,0.0,0.0,nmap
0,tcp,http,SF,311,799,0,0,0,0,0,1,0,0,0,0,0,0,0,0,0,0,33,33,0.03,0.03,0.0,0.0,1.0,0.0,0.0,93,255,1.0,0.0,0.01,0.04,0.01,0.0,0.0,0.0,normal
0,tcp,private,S0,0,0,0,0,0,0,0,0,0,0,0,0,0,0,0,0,0,0,197,24,1.0,1.0,0.0,0.0,0.12,0.06,0.0,58,18,0.31,0.16,0.02,0.0,0.76,1.0,0.02,0.0,neptune
0,icmp,eco_i,SF,8,0,0,0,0,0,0,0,0,0,0,0,0,0,0,0,0,0,1,6,0.0,0.0,0.0,0.0,1.0,0.0,1.0,2,28,1.0,0.0,1.0,0.54,0.0,0.0,0.0,0.0,ipsweep
0,tcp,private,REJ,0,0,0,0,0,0,0,0,0,0,0,0,0,0,0,0,0,0,151,1,0.04,0.0,0.88,1.0,0.01,0.99,0.0,255,1,0.0,0.6,0.0,0.0,0.02,0.0,0.53,1.0,satan
0,icmp,eco_i,SF,18,0,0,0,0,0,0,0,0,0,0,0,0,0,0,0,0,0,1,1,0.0,0.0,0.0,0.0,1.0,0.0,0.0,1,95,1.0,0.0,1.0,1.0,0.0,0.0,0.0,0.0,ipsweep
0,udp,private,SF,1,0,0,0,0,0,0,0,0,0,0,0,0,0,0,0,0,0,3,3,0.0,0.0,0.0,0.0,1.0,0.0,0.0,255,3,0.01,0.99,0.01,0.0,0.03,0.0,0.96,0.0,satan
0,tcp,private,S0,0,0,0,0,0,0,0,0,0,0,0,0,0,0,0,0,0,0,185,13,1.0,1.0,0.0,0.0,0.07,0.06,0.0,255,17,0.07,0.07,0.0,0.0,1.0,1.0,0.0,0.0,neptune
0,icmp,eco_i,SF,8,0,0,0,0,0,0,0,0,0,0,0,0,0,0,0,0,0,1,12,0.0,0.0,0.0,0.0,1.0,0.0,1.0,1,24,1.0,0.0,1.0,0.54,0.0,0.0,0.0,0.0,ipsweep
0,tcp,private,REJ,0,0,0,0,0,0,0,0,0,0,0,0,0,0,0,0,0,0,1,1,0.0,0.0,1.0,1.0,1.0,0.0,0.0,48,1,0.02,1.0,0.02,0.0,0.0,0.0,0.92,1.0,ipsweep
0,udp,domain_u,SF,43,129,0,0,0,0,0,0,0,0,0,0,0,0,0,0,0,0,74,154,0.0,0.0,0.0,0.0,1.0,0.0,0.01,255,254,1.0,0.01,0.0,0.0,0.0,0.0,0.0,0.0,normal
0,icmp,eco_i,SF,18,0,0,0,0,0,0,0,0,0,0,0,0,0,0,0,0,0,1,1,0.0,0.0,0.0,0.0,1.0,0.0,0.0,4,184,1.0,0.0,1.0,0.25,0.0,0.0,0.0,0.0,ipsweep
0,icmp,eco_i,SF,8,0,0,0,0,0,0,0,0,0,0,0,0,0,0,0,0,0,1,32,0.0,0.0,0.0,0.0,1.0,0.0,1.0,2,122,1.0,0.0,1.0,0.5,0.0,0.0,0.0,0.0,ipsweep
0,icmp,eco_i,SF,8,0,0,0,0,0,0,0,0,0,0,0,0,0,0,0,0,0,1,43,0.0,0.0,0.0,0.0,1.0,0.0,1.0,4,16,1.0,0.0,1.0,0.25,0.0,0.0,0.0,0.0,nmap
0,icmp,eco_i,SF,8,0,0,0,0,0,0,0,0,0,0,0,0,0,0,0,0,0,1,38,0.0,0.0,0.0,0.0,1.0,0.0,1.0,2,87,1.0,0.0,1.0,0.51,0.0,0.0,0.0,0.0,ipsweep
0,icmp,eco_i,SF,8,0,0,0,0,0,0,0,0,0,0,0,0,0,0,0,0,0,1,47,0.0,0.0,0.0,0.0,1.0,0.0,1.0,1,63,1.0,0.0,1.0,0.51,0.0,0.0,0.0,0.0,ipsweep
21846,tcp,private,RSTR,1,0,0,0,0,0,0,0,0,0,0,0,0,0,0,0,0,0,2,2,0.0,0.0,1.0,1.0,1.0,0.0,0.0,255,2,0.01,0.73,1.0,0.0,0.0,0.0,1.0,1.0,portsweep
11466,udp,other,SF,146,105,0,0,0,0,0,0,0,0,0,0,0,0,0,0,0,0,1,1,0.0,0.0,0.0,0.0,1.0,0.0,0.0,255,1,0.0,0.54,0.74,0.0,0.0,0.0,0.0,0.0,normal
0,tcp,private,REJ,0,0,0,0,0,0,0,0,0,0,0,0,0,0,0,0,0,0,230,1,0.11,0.0,0.88,1.0,0.0,1.0,0.0,255,1,0.0,0.96,0.0,0.0,0.1,0.0,0.81,1.0,satan
0,icmp,eco_i,SF,8,0,0,0,0,0,0,0,0,0,0,0,0,0,0,0,0,0,1,28,0.0,0.0,0.0,0.0,1.0,0.0,1.0,2,129,1.0,0.0,1.0,0.5,0.0,0.0,0.0,0.0,ipsweep
0,tcp,other,S0,0,0,0,0,0,0,0,0,0,0,0,0,0,0,0,0,0,0,479,1,0.08,1.0,0.89,0.0,0.0,0.95,0.0,255,1,0.0,0.92,0.0,0.0,0.1,1.0,0.9,0.0,satan
0,icmp,eco_i,SF,8,0,0,0,0,0,0,0,0,0,0,0,0,0,0,0,0,0,1,27,0.0,0.0,0.0,0.0,1.0,0.0,1.0,1,125,1.0,0.0,1.0,0.26,0.0,0.0,0.0,0.0,nmap
0,tcp,private,REJ,0,0,0,0,0,0,0,0,0,0,0,0,0,0,0,0,0,0,93,1,0.08,0.0,0.92,1.0,0.01,1.0,0.0,255,1,0.0,0.63,0.0,0.0,0.03,0.0,0.35,1.0,satan
0,icmp,eco_i,SF,8,0,0,0,0,0,0,0,0,0,0,0,0,0,0,0,0,0,1,1,0.0,0.0,0.0,0.0,1.0,0.0,0.0,2,25,1.0,0.0,1.0,0.52,0.0,0.0,0.0,0.0,ipsweep
0,tcp,private,REJ,0,0,0,0,0,0,0,0,0,0,0,0,0,0,0,0,0,0,2,1,0.0,0.0,1.0,1.0,0.5,1.0,0.0,255,1,0.0,0.46,0.44,0.0,0.0,0.0,0.45,1.0,portsweep
0,udp,private,SF,215,0,0,0,0,0,0,0,0,0,0,0,0,0,0,0,0,0,1,1,0.0,0.0,0.0,0.0,1.0,0.0,0.0,29,29,1.0,0.0,1.0,0.0,0.0,0.0,0.0,0.0,nmap
0,icmp,eco_i,SF,8,0,0,0,0,0,0,0,0,0,0,0,0,0,0,0,0,0,1,42,0.0,0.0,0.0,0.0,1.0,0.0,1.0,1,149,1.0,0.0,1.0,0.5,0.0,0.0,0.0,0.0,ipsweep
0,icmp,eco_i,SF,8,0,0,0,0,0,0,0,0,0,0,0,0,0,0,0,0,0,1,16,0.0,0.0,0.0,0.0,1.0,0.0,1.0,2,25,1.0,0.0,1.0,0.52,0.0,0.0,0.0,0.0,ipsweep
0,tcp,other,REJ,0,0,0,0,0,0,0,0,0,0,0,0,0,0,0,0,0,0,511,1,0.21,0.0,0.79,1.0,0.0,1.0,0.0,255,1,0.0,1.0,0.0,0.0,0.24,0.0,0.76,1.0,satan
0,icmp,eco_i,SF,8,0,0,0,0,0,0,0,0,0,0,0,0,0,0,0,0,0,1,15,0.0,0.0,0.0,0.0,1.0,0.0,1.0,2,50,1.0,0.0,1.0,0.5,0.0,0.0,0.0,0.0,ipsweep
0,tcp,other,REJ,0,0,0,0,0,0,0,0,0,0,0,0,0,0,0,0,0,0,511,1,0.14,0.0,0.86,1.0,0.0,1.0,0.0,255,1,0.0,1.0,0.0,0.0,0.07,0.0,0.93,1.0,satan
0,icmp,eco_i,SF,8,0,0,0,0,0,0,0,0,0,0,0,0,0,0,0,0,0,1,22,0.0,0.0,0.0,0.0,1.0,0.0,1.0,1,25,1.0,0.0,1.0,0.52,0.0,0.0,0.0,0.0,ipsweep
0,icmp,eco_i,SF,8,0,0,0,0,0,0,0,0,0,0,0,0,0,0,0,0,0,1,34,0.0,0.0,0.0,0.0,1.0,0.0,1.0,1,41,1.0,0.0,1.0,0.27,0.0,0.0,0.0,0.0,nmap
0,tcp,http,SF,54540,8314,0,0,0,2,0,1,1,0,0,0,0,0,0,0,0,0,3,3,0.0,0.0,0.0,0.0,1.0,0.0,0.0,77,77,1.0,0.0,0.01,0.0,0.0,0.0,0.18,0.18,back
0,udp,private,SF,1,0,0,0,0,0,0,0,0,0,0,0,0,0,0,0,0,0,111,101,0.0,0.0,0.0,0.0,0.91,0.02,0.0,255,179,0.7,0.04,1.0,0.0,0.0,0.0,0.0,0.0,satan
0,tcp,private,S0,0,0,0,0,0,0,0,0,0,0,0,0,0,0,0,0,0,0,234,15,1.0,1.0,0.0,0.0,0.06,0.06,0.0,255,7,0.03,0.08,0.0,0.0,1.0,1.0,0.0,0.0,neptune
0,icmp,eco_i,SF,8,0,0,0,0,0,0,0,0,0,0,0,0,0,0,0,0,0,1,1,0.0,0.0,0.0,0.0,1.0,0.0,0.0,2,26,1.0,0.0,1.0,0.54,0.0,0.0,0.0,0.0,ipsweep
0,icmp,eco_i,SF,8,0,0,0,0,0,0,0,0,0,0,0,0,0,0,0,0,0,1,50,0.0,0.0,0.0,0.0,1.0,0.0,1.0,2,132,1.0,0.0,1.0,0.5,0.0,0.0,0.0,0.0,ipsweep
39196,tcp,private,RSTR,1,0,0,0,0,0,0,0,0,0,0,0,0,0,0,0,0,0,2,2,0.0,0.0,1.0,1.0,1.0,0.0,0.0,255,2,0.01,0.51,1.0,0.0,0.0,0.0,1.0,1.0,portsweep
0,tcp,other,REJ,0,0,0,0,0,0,0,0,0,0,0,0,0,0,0,0,0,0,510,1,0.09,0.0,0.9,1.0,0.0,1.0,0.0,255,1,0.0,1.0,0.0,0.0,0.18,0.0,0.82,1.0,satan
0,tcp,ftp_data,SF,334,0,0,0,0,0,0,1,0,0,0,0,0,0,0,0,0,0,1,1,0.0,0.0,0.0,0.0,1.0,0.0,0.0,5,47,1.0,0.0,1.0,0.15,0.0,0.0,0.0,0.0,warezclient
0,icmp,eco_i,SF,8,0,0,0,0,0,0,0,0,0,0,0,0,0,0,0,0,0,1,18,0.0,0.0,0.0,0.0,1.0,0.0,1.0,2,56,1.0,0.0,1.0,0.5,0.0,0.0,0.0,0.0,ipsweep
0,tcp,private,REJ,0,0,0,0,0,0,0,0,0,0,0,0,0,0,0,0,0,0,203,1,0.09,0.0,0.9,1.0,0.0,1.0,0.0,255,1,0.0,0.9,0.0,0.0,0.07,0.0,0.73,1.0,satan
0,tcp,private,RSTR,0,0,0,0,0,0,0,0,0,0,0,0,0,0,0,0,0,0,1,1,0.0,0.0,1.0,1.0,1.0,0.0,0.0,255,1,0.0,0.27,0.54,0.0,0.0,0.0,0.54,1.0,portsweep
0,udp,domain_u,SF,122,43,0,0,0,0,0,0,0,0,0,0,0,0,0,0,0,0,253,252,0.0,0.0,0.0,0.0,1.0,0.01,0.0,142,109,0.77,0.01,0.25,0.0,0.0,0.0,0.0,0.0,normal
14218,tcp,other,RSTR,1,0,0,0,0,0,0,0,0,0,0,0,0,0,0,0,0,0,2,2,0.0,0.0,1.0,1.0,1.0,0.0,0.0,255,2,0.01,0.68,1.0,0.0,0.0,0.0,1.0,1.0,portsweep
0,tcp,other,REJ,0,0,0,0,0,0,0,0,0,0,0,0,0,0,0,0,0,0,439,1,0.08,0.0,0.89,1.0,0.0,1.0,0.0,255,1,0.0,1.0,0.0,0.0,0.1,0.0,0.89,1.0,satan
0,tcp,uucp,RSTO,0,0,0,0,0,0,0,0,0,0,0,0,0,0,0,0,0,0,115,11,0.0,0.0,1.0,1.0,0.1,0.07,0.0,255,11,0.04,0.07,0.0,0.0,0.0,0.0,1.0,1.0,neptune
25,tcp,private,RSTR,0,0,0,0,0,0,0,0,0,0,0,0,0,0,0,0,0,0,1,1,0.0,0.0,1.0,1.0,1.0,0.0,0.0,255,1,0.0,1.0,1.0,0.0,0.0,0.0,1.0,1.0,portsweep
0,icmp,eco_i,SF,8,0,0,0,0,0,0,0,0,0,0,0,0,0,0,0,0,0,1,29,0.0,0.0,0.0,0.0,1.0,0.0,1.0,1,33,1.0,0.0,1.0,0.52,0.0,0.0,0.0,0.0,ipsweep
0,tcp,other,REJ,0,0,0,0,0,0,0,0,0,0,0,0,0,0,0,0,0,0,509,1,0.16,0.0,0.84,1.0,0.0,1.0,0.0,255,1,0.0,1.0,0.0,0.0,0.18,0.0,0.82,1.0,satan
0,icmp,eco_i,SF,8,0,0,0,0,0,0,0,0,0,0,0,0,0,0,0,0,0,1,30,0.0,0.0,0.0,0.0,1.0,0.0,1.0,1,31,1.0,0.0,1.0,0.52,0.0,0.0,0.0,0.0,ipsweep
0,tcp,private,RSTR,0,0,0,0,0,0,0,0,0,0,0,0,0,0,0,0,0,0,1,1,0.0,0.0,1.0,1.0,1.0,0.0,0.0,255,1,0.0,0.56,1.0,0.0,0.0,0.0,1.0,1.0,portsweep
0,tcp,private,SH,0,0,0,0,0,0,0,0,0,0,0,0,0,0,0,0,0,0,1,1,1.0,1.0,0.0,0.0,1.0,0.0,0.0,225,1,0.0,0.96,0.96,0.0,0.96,1.0,0.0,0.0,nmap
0,icmp,eco_i,SF,8,0,0,0,0,0,0,0,0,0,0,0,0,0,0,0,0,0,1,35,0.0,0.0,0.0,0.0,1.0,0.0,1.0,2,41,1.0,0.0,1.0,0.27,0.0,0.0,0.0,0.0,nmap
0,tcp,http,SF,335,11824,0,0,0,0,0,1,0,0,0,0,0,0,0,0,0,0,1,1,0.0,0.0,0.0,0.0,1.0,0.0,0.0,129,255,1.0,0.0,0.01,0.03,0.0,0.0,0.0,0.0,normal
0,icmp,eco_i,SF,18,0,0,0,0,0,0,0,0,0,0,0,0,0,0,0,0,0,1,1,0.0,0.0,0.0,0.0,1.0,0.0,0.0,2,194,1.0,0.0,1.0,0.25,0.0,0.0,0.0,0.0,ipsweep
10120,tcp,ftp,SF,1020,2201,0,0,0,4,0,1,0,0,0,0,0,0,0,0,0,1,1,1,0.0,0.0,0.0,0.0,1.0,0.0,0.0,255,15,0.06,0.02,0.0,0.0,0.16,0.0,0.0,0.0,warezclient
0,icmp,eco_i,SF,18,0,0,0,0,0,0,0,0,0,0,0,0,0,0,0,0,0,1,2,0.0,0.0,0.0,0.0,1.0,0.0,1.0,4,236,1.0,0.0,1.0,0.25,0.0,0.0,0.0,0.0,ipsweep
0,tcp,other,REJ,0,0,0,0,0,0,0,0,0,0,0,0,0,0,0,0,0,0,351,1,0.09,0.0,0.91,1.0,0.0,1.0,0.0,255,1,0.0,1.0,0.0,0.0,0.09,0.0,0.9,1.0,satan
0,tcp,http_8001,S0,0,0,0,0,0,0,0,0,0,0,0,0,0,0,0,0,0,0,510,1,0.13,1.0,0.87,0.0,0.0,1.0,0.0,255,1,0.0,1.0,0.0,0.0,0.13,1.0,0.87,0.0,satan
0,icmp,eco_i,SF,8,0,0,0,0,0,0,0,0,0,0,0,0,0,0,0,0,0,1,33,0.0,0.0,0.0,0.0,1.0,0.0,1.0,2,52,1.0,0.0,1.0,0.5,0.0,0.0,0.0,0.0,ipsweep
0,tcp,ftp_data,SF,334,0,0,0,0,0,0,1,0,0,0,0,0,0,0,0,0,0,2,2,0.0,0.0,0.0,0.0,1.0,0.0,0.0,8,8,1.0,0.0,1.0,0.0,0.0,0.0,0.0,0.0,warezclient
0,tcp,other,REJ,0,0,0,0,0,0,0,0,0,0,0,0,0,0,0,0,0,0,316,1,0.1,0.0,0.9,1.0,0.0,1.0,0.0,255,1,0.0,1.0,0.0,0.0,0.09,0.0,0.9,1.0,satan
0,udp,private,SF,1,0,0,0,0,0,0,0,0,0,0,0,0,0,0,0,0,0,25,23,0.0,0.0,0.0,0.0,0.92,0.08,0.0,255,32,0.13,0.22,1.0,0.0,0.0,0.0,0.0,0.0,satan
0,tcp,ftp,SF,1222,2449,0,0,0,28,0,1,0,0,0,0,0,0,0,0,0,1,1,1,0.0,0.0,0.0,0.0,1.0,0.0,0.0,255,106,0.42,0.02,0.0,0.0,0.0,0.0,0.01,0.0,warezclient
0,udp,private,SF,1,0,0,0,0,0,0,0,0,0,0,0,0,0,0,0,0,0,10,10,0.0,0.0,0.0,0.0,1.0,0.0,0.0,255,10,0.04,0.52,0.53,0.0,0.03,0.0,0.44,0.0,satan
0,tcp,netbios_ns,REJ,0,0,0,0,0,0,0,0,0,0,0,0,0,0,0,0,0,0,2,1,0.0,0.0,1.0,1.0,0.5,1.0,0.0,255,1,0.0,1.0,1.0,0.0,0.0,0.0,1.0,1.0,portsweep
0,icmp,eco_i,SF,18,0,0,0,0,0,0,0,0,0,0,0,0,0,0,0,0,0,1,1,0.0,0.0,0.0,0.0,1.0,0.0,0.0,1,204,1.0,0.0,1.0,1.0,0.0,0.0,0.0,0.0,ipsweep
0,tcp,ftp_data,SF,334,0,0,0,0,0,0,1,0,0,0,0,0,0,0,0,0,0,1,1,0.0,0.0,0.0,0.0,1.0,0.0,0.0,3,37,1.0,0.0,1.0,0.05,0.0,0.0,0.0,0.0,warezclient
2,tcp,ftp_data,SF,2194619,0,0,0,0,0,0,1,0,0,0,0,0,0,0,0,0,0,2,3,0.0,0.0,0.0,0.0,1.0,0.0,0.67,99,73,0.56,0.02,0.56,0.03,0.0,0.0,0.0,0.0,normal
0,icmp,eco_i,SF,18,0,0,0,0,0,0,0,0,0,0,0,0,0,0,0,0,0,1,1,0.0,0.0,0.0,0.0,1.0,0.0,0.0,2,80,0.5,1.0,0.5,1.0,0.0,0.0,0.0,0.0,ipsweep
41680,tcp,private,RSTR,1,0,0,0,0,0,0,0,0,0,0,0,0,0,0,0,0,0,2,2,0.0,0.0,1.0,1.0,1.0,0.0,0.0,228,2,0.01,0.24,0.47,0.0,0.0,0.0,0.47,1.0,portsweep
0,tcp,private,RSTR,0,0,0,0,0,0,0,0,0,0,0,0,0,0,0,0,0,0,1,1,0.0,0.0,1.0,1.0,1.0,0.0,0.0,255,1,0.0,0.98,0.98,0.0,0.0,0.0,0.97,1.0,portsweep
0,icmp,eco_i,SF,8,0,0,0,0,0,0,0,0,0,0,0,0,0,0,0,0,0,1,12,0.0,0.0,0.0,0.0,1.0,0.0,1.0,1,47,1.0,0.0,1.0,0.51,0.0,0.0,0.0,0.0,ipsweep
0,tcp,nnsp,S0,0,0,0,0,0,0,0,0,0,0,0,0,0,0,0,0,0,0,141,1,1.0,1.0,0.0,0.0,0.01,0.06,0.0,255,9,0.04,0.07,0.0,0.0,1.0,1.0,0.0,0.0,neptune
0,tcp,private,S0,0,0,0,0,0,0,0,0,0,0,0,0,0,0,0,0,0,0,106,11,1.0,1.0,0.0,0.0,0.1,0.06,0.0,255,13,0.05,0.06,0.0,0.0,1.0,1.0,0.0,0.0,neptune
0,tcp,private,S0,0,0,0,0,0,0,0,0,0,0,0,0,0,0,0,0,0,0,189,7,1.0,1.0,0.0,0.0,0.04,0.07,0.0,255,7,0.03,0.09,0.0,0.0,1.0,1.0,0.0,0.0,neptune
0,tcp,http,SF,247,5531,0,0,0,0,0,1,0,0,0,0,0,0,0,0,0,0,21,21,0.0,0.0,0.0,0.0,1.0,0.0,0.0,255,255,1.0,0.0,0.0,0.0,0.0,0.0,0.0,0.0,normal
0,icmp,eco_i,SF,18,0,0,0,0,0,0,0,0,0,0,0,0,0,0,0,0,0,1,2,0.0,0.0,0.0,0.0,1.0,0.0,1.0,4,72,1.0,0.0,1.0,0.25,0.0,0.0,0.0,0.0,ipsweep
0,tcp,ftp_data,SF,567,0,0,0,0,0,0,1,0,0,0,6,0,0,0,0,0,0,1,1,0.0,0.0,0.0,0.0,1.0,0.0,0.0,1,77,1.0,0.0,1.0,0.04,0.0,0.0,0.0,0.0,normal
0,tcp,private,REJ,0,0,0,0,0,0,0,0,0,0,0,0,0,0,0,0,0,0,1,1,0.0,0.0,1.0,1.0,1.0,0.0,0.0,19,2,0.05,1.0,0.05,1.0,0.0,0.0,0.79,1.0,ipsweep
0,icmp,eco_i,SF,8,0,0,0,0,0,0,0,0,0,0,0,0,0,0,0,0,0,1,32,0.0,0.0,0.0,0.0,1.0,0.0,1.0,4,156,1.0,0.0,1.0,0.25,0.0,0.0,0.0,0.0,nmap
0,udp,private,SF,1,0,0,0,0,0,0,0,0,0,0,0,0,0,0,0,0,0,18,1,0.0,0.0,0.0,0.0,0.06,0.17,0.0,255,1,0.0,0.93,0.08,0.0,0.16,0.0,0.76,0.0,satan
0,icmp,eco_i,SF,8,0,0,0,0,0,0,0,0,0,0,0,0,0,0,0,0,0,1,33,0.0,0.0,0.0,0.0,1.0,0.0,1.0,1,255,1.0,0.0,1.0,0.5,0.0,0.0,0.0,0.0,ipsweep
0,icmp,eco_i,SF,8,0,0,0,0,0,0,0,0,0,0,0,0,0,0,0,0,0,1,51,0.0,0.0,0.0,0.0,1.0,0.0,1.0,1,125,1.0,0.0,1.0,0.5,0.0,0.0,0.0,0.0,ipsweep
39216,tcp,private,RSTR,1,0,0,0,0,0,0,0,0,0,0,0,0,0,0,0,0,0,2,2,0.0,0.0,1.0,1.0,1.0,0.0,0.0,255,2,0.01,0.51,1.0,0.0,0.0,0.0,1.0,1.0,portsweep
0,udp,domain_u,SF,30,0,0,0,0,0,0,0,0,0,0,0,0,0,0,0,0,0,1,2,0.0,0.0,0.0,0.0,1.0,0.0,1.0,96,35,0.19,0.05,0.19,0.06,0.0,0.0,0.0,0.0,normal
0,udp,private,SF,1,0,0,0,0,0,0,0,0,0,0,0,0,0,0,0,0,0,1,1,0.0,0.0,0.0,0.0,1.0,0.0,0.0,255,1,0.0,0.33,1.0,0.0,0.0,0.0,0.0,0.0,satan
1,tcp,ftp,SF,1193,2449,0,0,0,28,0,1,0,0,0,0,0,0,0,0,0,1,1,1,0.0,0.0,0.0,0.0,1.0,0.0,0.0,255,112,0.44,0.02,0.0,0.0,0.0,0.0,0.01,0.0,warezclient
0,tcp,private,REJ,0,0,0,0,0,0,0,0,0,0,0,0,0,0,0,0,0,0,1,1,0.0,0.0,1.0,1.0,1.0,0.0,0.0,15,2,0.07,1.0,0.07,1.0,0.0,0.0,0.87,1.0,ipsweep
0,tcp,http,SF,233,1232,0,0,0,0,0,1,0,0,0,0,0,0,0,0,0,0,33,42,0.0,0.0,0.0,0.0,1.0,0.0,0.14,255,255,1.0,0.0,0.0,0.0,0.0,0.0,0.0,0.0,normal
0,icmp,eco_i,SF,8,0,0,0,0,0,0,0,0,0,0,0,0,0,0,0,0,0,1,45,0.0,0.0,0.0,0.0,1.0,0.0,1.0,1,75,1.0,0.0,1.0,0.51,0.0,0.0,0.0,0.0,ipsweep
0,tcp,http,SF,350,1894,0,0,0,0,0,1,0,0,0,0,0,0,0,0,0,0,18,48,0.0,0.0,0.0,0.0,1.0,0.0,0.08,149,255,1.0,0.0,0.01,0.01,0.0,0.0,0.0,0.0,normal
0,tcp,other,REJ,0,0,0,0,0,0,0,0,0,0,0,0,0,0,0,0,0,0,493,1,0.07,0.0,0.92,1.0,0.0,1.0,0.0,255,1,0.0,1.0,0.0,0.0,0.04,0.0,0.96,1.0,satan
0,tcp,smtp,SF,1560,335,0,0,0,0,0,1,0,0,0,0,0,0,0,0,0,0,1,1,0.0,0.0,0.0,0.0,1.0,0.0,0.0,225,148,0.61,0.02,0.0,0.01,0.0,0.0,0.0,0.0,normal
1,tcp,smtp,SF,1682,329,0,0,0,0,0,1,0,0,0,0,0,0,0,0,0,0,1,3,0.0,0.0,0.0,0.0,1.0,0.0,1.0,165,131,0.51,0.02,0.01,0.02,0.0,0.02,0.0,0.0,normal
0,icmp,eco_i,SF,8,0,0,0,0,0,0,0,0,0,0,0,0,0,0,0,0,0,1,42,0.0,0.0,0.0,0.0,1.0,0.0,1.0,2,72,1.0,0.0,1.0,0.5,0.0,0.0,0.0,0.0,ipsweep
0,tcp,ssh,S0,0,0,0,0,0,0,0,0,0,0,0,0,0,0,0,0,0,0,230,9,1.0,1.0,0.0,0.0,0.04,0.07,0.0,255,9,0.04,0.07,0.0,0.0,1.0,1.0,0.0,0.0,neptune
0,udp,other,SF,1,0,0,0,0,0,0,0,0,0,0,0,0,0,0,0,0,0,14,2,0.0,0.0,0.0,0.0,0.14,0.29,0.0,255,2,0.01,0.26,0.76,0.0,0.0,0.0,0.21,0.0,satan
0,tcp,other,REJ,0,0,0,0,0,0,0,0,0,0,0,0,0,0,0,0,0,0,509,1,0.17,0.0,0.83,1.0,0.0,1.0,0.0,255,1,0.0,1.0,0.0,0.0,0.18,0.0,0.82,1.0,satan
1,tcp,finger,SF,9,223,0,0,0,0,0,0,0,0,0,0,0,0,0,0,0,0,1,1,0.0,0.0,0.0,0.0,1.0,0.0,0.0,255,14,0.05,0.02,0.0,0.0,0.0,0.07,0.0,0.0,normal
0,icmp,eco_i,SF,8,0,0,0,0,0,0,0,0,0,0,0,0,0,0,0,0,0,1,49,0.0,0.0,0.0,0.0,1.0,0.0,1.0,2,244,1.0,0.0,1.0,0.5,0.0,0.0,0.0,0.0,ipsweep
0,tcp,private,REJ,0,0,0,0,0,0,0,0,0,0,0,0,0,0,0,0,0,0,1,1,0.0,0.0,1.0,1.0,1.0,0.0,0.0,7,2,0.14,1.0,0.14,1.0,0.0,0.0,0.57,1.0,ipsweep
0,tcp,vmnet,S0,0,0,0,0,0,0,0,0,0,0,0,0,0,0,0,0,0,0,292,13,1.0,1.0,0.0,0.0,0.04,0.05,0.0,255,14,0.05,0.08,0.0,0.0,1.0,1.0,0.0,0.0,neptune
0,icmp,eco_i,SF,8,0,0,0,0,0,0,0,0,0,0,0,0,0,0,0,0,0,1,34,0.0,0.0,0.0,0.0,1.0,0.0,1.0,2,129,1.0,0.0,1.0,0.5,0.0,0.0,0.0,0.0,ipsweep
12,tcp,ftp_data,SF,7045,0,0,0,0,0,0,1,0,0,0,0,0,0,0,0,0,0,1,1,0.0,0.0,0.0,0.0,1.0,0.0,0.0,1,9,1.0,0.0,1.0,0.22,0.0,0.0,0.0,0.0,warezclient
0,icmp,eco_i,SF,8,0,0,0,0,0,0,0,0,0,0,0,0,0,0,0,0,0,1,24,0.0,0.0,0.0,0.0,1.0,0.0,1.0,1,141,1.0,0.0,1.0,0.26,0.0,0.0,0.0,0.0,nmap
0,tcp,private,REJ,0,0,0,0,0,0,0,0,0,0,0,0,0,0,0,0,0,0,327,1,0.0,0.0,1.0,1.0,0.0,0.51,0.0,255,1,0.0,0.51,1.0,0.0,0.0,0.0,1.0,1.0,portsweep
5010,tcp,other,RSTR,1,0,0,0,0,0,0,0,0,0,0,0,0,0,0,0,0,0,1,1,0.0,0.0,1.0,1.0,1.0,0.0,0.0,255,1,0.0,0.74,1.0,0.0,0.0,0.0,1.0,1.0,portsweep
0,tcp,other,REJ,0,0,0,0,0,0,0,0,0,0,0,0,0,0,0,0,0,0,342,1,0.06,0.0,0.9,1.0,0.0,1.0,0.0,255,1,0.0,1.0,0.0,0.0,0.08,0.0,0.9,1.0,satan
0,icmp,eco_i,SF,8,0,0,0,0,0,0,0,0,0,0,0,0,0,0,0,0,0,1,38,0.0,0.0,0.0,0.0,1.0,0.0,1.0,1,193,1.0,0.0,1.0,0.25,0.0,0.0,0.0,0.0,nmap
9355,tcp,other,RSTR,1,0,0,0,0,0,0,0,0,0,0,0,0,0,0,0,0,0,2,2,0.0,0.0,1.0,1.0,1.0,0.0,0.0,255,2,0.01,0.74,1.0,0.0,0.0,0.0,1.0,1.0,portsweep
31041,tcp,private,RSTR,1,0,0,0,0,0,0,0,0,0,0,0,0,0,0,0,0,0,2,2,0.0,0.0,1.0,1.0,1.0,0.0,0.0,255,2,0.01,0.78,1.0,0.0,0.0,0.0,1.0,1.0,portsweep
0,udp,domain_u,SF,46,80,0,0,0,0,0,0,0,0,0,0,0,0,0,0,0,0,170,170,0.0,0.0,0.0,0.0,1.0,0.0,0.0,255,194,0.76,0.01,0.0,0.0,0.0,0.0,0.0,0.0,normal
0,tcp,ftp_data,SF,334,0,0,0,0,0,0,1,0,0,0,0,0,0,0,0,0,0,1,1,0.0,0.0,0.0,0.0,1.0,0.0,0.0,7,7,1.0,0.0,1.0,0.0,0.0,0.0,0.0,0.0,warezclient
39602,tcp,imap4,RSTR,1,0,0,0,0,0,0,0,0,0,0,0,0,0,0,0,0,0,2,2,0.0,0.0,1.0,1.0,1.0,0.0,0.0,255,2,0.01,0.5,1.0,0.0,0.0,0.0,1.0,1.0,portsweep
0,icmp,ecr_i,SF,1032,0,0,0,0,0,0,0,0,0,0,0,0,0,0,0,0,0,511,511,0.0,0.0,0.0,0.0,1.0,0.0,0.0,255,25,0.1,0.13,0.1,0.0,0.12,0.0,0.0,0.0,smurf
0,icmp,eco_i,SF,8,0,0,0,0,0,0,0,0,0,0,0,0,0,0,0,0,0,1,15,0.0,0.0,0.0,0.0,1.0,0.0,1.0,4,76,1.0,0.0,1.0,0.25,0.0,0.0,0.0,0.0,nmap
0,tcp,nnsp,S0,0,0,0,0,0,0,0,0,0,0,0,0,0,0,0,0,0,0,134,5,1.0,1.0,0.0,0.0,0.04,0.06,0.0,255,16,0.06,0.07,0.0,0.0,1.0,1.0,0.0,0.0,neptune
0,icmp,eco_i,SF,8,0,0,0,0,0,0,0,0,0,0,0,0,0,0,0,0,0,1,31,0.0,0.0,0.0,0.0,1.0,0.0,1.0,2,72,1.0,0.0,1.0,0.5,0.0,0.0,0.0,0.0,ipsweep
0,udp,private,SF,1,0,0,0,0,0,0,0,0,0,0,0,0,0,0,0,0,0,3,3,0.0,0.0,0.0,0.0,1.0,0.0,0.0,255,3,0.01,0.07,0.11,0.0,0.0,0.0,0.75,0.0,satan
0,tcp,http,SF,197,1410,0,0,0,0,0,1,0,0,0,0,0,0,0,0,0,0,4,4,0.0,0.0,0.0,0.0,1.0,0.0,0.0,227,255,1.0,0.0,0.0,0.01,0.0,0.0,0.0,0.0,normal
0,tcp,http,SF,194,3966,0,0,0,0,0,1,0,0,0,0,0,0,0,0,0,0,6,14,0.0,0.0,0.0,0.0,1.0,0.0,0.36,6,255,1.0,0.0,0.17,0.04,0.0,0.0,0.0,0.0,normal
0,tcp,ftp_data,SF,1153,0,0,0,0,0,0,1,0,0,0,0,0,0,0,0,0,0,2,2,0.0,0.0,0.0,0.0,1.0,0.0,0.0,48,27,0.12,0.08,0.12,0.07,0.0,0.0,0.0,0.0,normal
0,tcp,private,REJ,0,0,0,0,0,0,0,0,0,0,0,0,0,0,0,0,0,0,2,1,0.0,0.0,1.0,1.0,0.5,1.0,0.0,255,1,0.0,0.98,0.96,0.0,0.0,0.0,0.96,1.0,portsweep
0,tcp,Z39_50,REJ,0,0,0,0,0,0,0,0,0,0,0,0,0,0,0,0,0,0,144,17,0.0,0.0,1.0,1.0,0.12,0.06,0.0,255,7,0.03,0.07,0.0,0.0,0.0,0.0,1.0,1.0,neptune
0,tcp,other,S0,0,0,0,0,0,0,0,0,0,0,0,0,0,0,0,0,0,0,509,1,0.24,1.0,0.75,0.0,0.0,1.0,0.0,255,1,0.0,1.0,0.0,0.0,0.16,1.0,0.82,0.0,satan
0,tcp,ftp_data,SF,1342,0,0,0,0,0,0,1,0,0,0,0,0,0,0,0,0,0,14,14,0.0,0.0,0.0,0.0,1.0,0.0,0.0,135,63,0.18,0.02,0.18,0.03,0.0,0.0,0.0,0.0,normal
0,icmp,eco_i,SF,18,0,0,0,0,0,0,0,0,0,0,0,0,0,0,0,0,0,1,1,0.0,0.0,0.0,0.0,1.0,0.0,0.0,1,114,1.0,0.0,1.0,1.0,0.0,0.0,0.0,0.0,ipsweep
0,icmp,eco_i,SF,18,0,0,0,0,0,0,0,0,0,0,0,0,0,0,0,0,0,1,1,0.0,0.0,0.0,0.0,1.0,0.0,0.0,3,103,1.0,0.0,1.0,0.25,0.0,0.0,0.0,0.0,ipsweep
0,icmp,eco_i,SF,8,0,0,0,0,0,0,0,0,0,0,0,0,0,0,0,0,0,1,11,0.0,0.0,0.0,0.0,1.0,0.0,1.0,2,46,1.0,0.0,1.0,0.5,0.0,0.0,0.0,0.0,ipsweep
0,icmp,eco_i,SF,18,0,0,0,0,0,0,0,0,0,0,0,0,0,0,0,0,0,1,1,0.0,0.0,0.0,0.0,1.0,0.0,0.0,1,36,1.0,0.0,1.0,1.0,0.0,0.0,0.0,0.0,ipsweep
0,tcp,http,SF,309,1645,0,0,0,0,0,1,0,0,0,0,0,0,0,0,0,0,4,4,0.0,0.0,0.0,0.0,1.0,0.0,0.0,245,255,1.0,0.0,0.0,0.01,0.0,0.0,0.0,0.0,normal
0,tcp,nntp,RSTR,0,0,0,0,0,0,0,0,0,0,0,0,0,0,0,0,0,0,1,1,0.0,0.0,1.0,1.0,1.0,0.0,0.0,255,1,0.0,1.0,1.0,0.0,0.0,0.0,1.0,1.0,portsweep
0,udp,private,SF,100,0,0,0,0,0,0,0,0,0,0,0,0,0,0,0,0,0,3,3,0.0,0.0,0.0,0.0,1.0,0.0,0.0,38,8,0.21,0.05,0.21,0.0,0.0,0.0,0.0,0.0,nmap
26442,tcp,private,RSTR,1,0,0,0,0,0,0,0,0,0,0,0,0,0,0,0,0,0,2,2,0.0,0.0,1.0,1.0,1.0,0.0,0.0,255,2,0.01,0.74,1.0,0.0,0.0,0.0,1.0,1.0,portsweep
0,tcp,private,REJ,0,0,0,0,0,0,0,0,0,0,0,0,0,0,0,0,0,0,119,4,0.0,0.0,1.0,1.0,0.03,0.07,0.0,255,24,0.09,0.05,0.0,0.0,0.0,0.0,1.0,1.0,neptune
0,tcp,courier,REJ,0,0,0,0,0,0,0,0,0,0,0,0,0,0,0,0,0,0,114,12,0.0,0.0,1.0,1.0,0.11,0.07,0.0,255,12,0.05,0.06,0.0,0.0,0.0,0.0,1.0,1.0,neptune
0,tcp,private,RSTR,0,0,0,0,0,0,0,0,0,0,0,0,0,0,0,0,0,0,1,1,0.0,0.0,1.0,1.0,1.0,0.0,0.0,255,1,0.0,0.82,0.82,0.0,0.0,0.0,0.81,1.0,portsweep
0,tcp,remote_job,RSTR,0,0,0,0,0,0,0,0,0,0,0,0,0,0,0,0,0,0,1,1,0.0,0.0,1.0,1.0,1.0,0.0,0.0,255,1,0.0,1.0,1.0,0.0,0.0,0.0,1.0,1.0,portsweep
0,tcp,private,REJ,0,0,0,0,0,0,0,0,0,0,0,0,0,0,0,0,0,0,426,1,0.0,0.0,1.0,1.0,0.0,0.52,0.0,255,1,0.0,0.52,1.0,0.0,0.0,0.0,1.0,1.0,portsweep
0,tcp,smtp,SF,2671,385,0,0,0,0,0,1,0,0,0,0,0,0,0,0,0,0,1,1,0.0,0.0,0.0,0.0,1.0,0.0,0.0,255,63,0.25,0.02,0.0,0.0,0.53,0.0,0.0,0.0,normal
21390,tcp,private,RSTR,1,0,0,0,0,0,0,0,0,0,0,0,0,0,0,0,0,0,2,2,0.0,0.0,1.0,1.0,1.0,0.0,0.0,255,2,0.01,0.68,1.0,0.0,0.0,0.0,1.0,1.0,portsweep
0,tcp,http,SF,168,35008,0,0,0,0,0,1,0,0,0,0,0,0,0,0,0,0,1,1,0.0,0.0,0.0,0.0,1.0,0.0,0.0,255,255,1.0,0.0,0.0,0.0,0.0,0.0,0.0,0.0,normal
0,tcp,http,SF,317,1040,0,0,0,0,0,1,0,0,0,0,0,0,0,0,0,0,9,9,0.0,0.0,0.0,0.0,1.0,0.0,0.0,9,255,1.0,0.0,0.11,0.02,0.0,0.0,0.0,0.0,normal
0,icmp,eco_i,SF,8,0,0,0,0,0,0,0,0,0,0,0,0,0,0,0,0,0,1,26,0.0,0.0,0.0,0.0,1.0,0.0,1.0,1,71,1.0,0.0,1.0,0.51,0.0,0.0,0.0,0.0,ipsweep
0,tcp,ftp_data,S0,0,0,0,0,0,0,0,0,0,0,0,0,0,0,0,0,0,0,15,2,1.0,1.0,0.0,0.0,0.13,0.27,0.0,95,44,0.23,0.04,0.02,0.05,1.0,0.5,0.0,0.0,neptune
0,icmp,eco_i,SF,8,0,0,0,0,0,0,0,0,0,0,0,0,0,0,0,0,0,1,16,0.0,0.0,0.0,0.0,1.0,0.0,1.0,1,45,1.0,0.0,1.0,0.51,0.0,0.0,0.0,0.0,ipsweep
0,icmp,eco_i,SF,8,0,0,0,0,0,0,0,0,0,0,0,0,0,0,0,0,0,1,15,0.0,0.0,0.0,0.0,1.0,0.0,1.0,1,233,1.0,0.0,1.0,0.5,0.0,0.0,0.0,0.0,ipsweep
0,tcp,private,RSTR,0,0,0,0,0,0,0,0,0,0,0,0,0,0,0,0,0,0,1,1,0.0,0.0,1.0,1.0,1.0,0.0,0.0,255,1,0.0,0.63,0.63,0.0,0.0,0.0,0.63,1.0,portsweep
0,icmp,eco_i,SF,18,0,0,0,0,0,0,0,0,0,0,0,0,0,0,0,0,0,1,1,0.0,0.0,0.0,0.0,1.0,0.0,0.0,1,225,1.0,0.0,1.0,1.0,0.0,0.0,0.0,0.0,ipsweep
0,tcp,ftp_data,SF,334,0,0,0,0,0,0,1,0,0,0,0,0,0,0,0,0,0,1,1,0.0,0.0,0.0,0.0,1.0,0.0,0.0,3,37,1.0,0.0,1.0,0.16,0.0,0.0,0.0,0.0,warezclient
0,icmp,eco_i,SF,8,0,0,0,0,0,0,0,0,0,0,0,0,0,0,0,0,0,1,29,0.0,0.0,0.0,0.0,1.0,0.0,1.0,3,123,1.0,0.0,1.0,0.25,0.0,0.0,0.0,0.0,nmap
0,tcp,telnet,S0,0,0,0,0,0,0,0,0,0,0,0,0,0,0,0,0,0,0,33,9,1.0,1.0,0.0,0.0,0.27,0.12,0.0,255,50,0.2,0.05,0.02,0.0,1.0,1.0,0.0,0.0,neptune
0,tcp,other,REJ,0,0,0,0,0,0,0,0,0,0,0,0,0,0,0,0,0,0,511,1,0.18,0.0,0.82,1.0,0.0,1.0,0.0,255,1,0.0,1.0,0.0,0.0,0.21,0.0,0.79,1.0,satan
0,icmp,ecr_i,SF,1032,0,0,0,0,0,0,0,0,0,0,0,0,0,0,0,0,0,511,511,0.0,0.0,0.0,0.0,1.0,0.0,0.0,255,182,0.71,0.16,0.71,0.0,0.0,0.0,0.0,0.0,smurf
0,icmp,eco_i,SF,8,0,0,0,0,0,0,0,0,0,0,0,0,0,0,0,0,0,1,45,0.0,0.0,0.0,0.0,1.0,0.0,1.0,1,255,1.0,0.0,1.0,0.25,0.0,0.0,0.0,0.0,nmap
0,icmp,eco_i,SF,8,0,0,0,0,0,0,0,0,0,0,0,0,0,0,0,0,0,1,10,0.0,0.0,0.0,0.0,1.0,0.0,1.0,1,61,1.0,0.0,1.0,0.26,0.0,0.0,0.0,0.0,nmap
0,tcp,ftp_data,SF,334,0,0,0,0,0,0,1,0,0,0,0,0,0,0,0,0,0,1,1,0.0,0.0,0.0,0.0,1.0,0.0,0.0,15,42,1.0,0.0,1.0,0.1,0.0,0.0,0.0,0.0,warezclient
0,tcp,telnet,RSTO,0,15,0,0,0,0,0,0,0,0,0,0,0,0,0,0,0,0,1,1,0.0,0.0,1.0,1.0,1.0,0.0,0.0,4,2,0.25,1.0,0.25,1.0,0.0,0.0,1.0,0.5,ipsweep
0,tcp,private,REJ,0,0,0,0,0,0,0,0,0,0,0,0,0,0,0,0,0,0,2,1,0.0,0.0,1.0,1.0,0.5,1.0,0.0,255,1,0.0,0.4,0.33,0.0,0.19,0.0,0.34,1.0,portsweep
0,icmp,eco_i,SF,8,0,0,0,0,0,0,0,0,0,0,0,0,0,0,0,0,0,1,20,0.0,0.0,0.0,0.0,1.0,0.0,1.0,2,58,1.0,0.0,1.0,0.5,0.0,0.0,0.0,0.0,ipsweep
0,icmp,eco_i,SF,8,0,0,0,0,0,0,0,0,0,0,0,0,0,0,0,0,0,1,25,0.0,0.0,0.0,0.0,1.0,0.0,1.0,2,118,1.0,0.0,1.0,0.25,0.0,0.0,0.0,0.0,nmap
0,icmp,eco_i,SF,8,0,0,0,0,0,0,0,0,0,0,0,0,0,0,0,0,0,1,11,0.0,0.0,0.0,0.0,1.0,0.0,1.0,1,6,1.0,0.0,1.0,0.67,0.0,0.0,0.0,0.0,ipsweep
0,icmp,ecr_i,SF,520,0,0,0,0,0,0,0,0,0,0,0,0,0,0,0,0,0,482,482,0.0,0.0,0.0,0.0,1.0,0.0,0.0,111,111,1.0,0.0,1.0,0.0,0.0,0.0,0.0,0.0,smurf
0,icmp,eco_i,SF,8,0,0,0,0,0,0,0,0,0,0,0,0,0,0,0,0,0,1,1,0.0,0.0,0.0,0.0,1.0,0.0,0.0,2,28,1.0,0.0,1.0,0.54,0.0,0.0,0.0,0.0,ipsweep
0,tcp,http,SF,197,308,0,0,0,0,0,1,0,0,0,0,0,0,0,0,0,0,6,7,0.0,0.0,0.0,0.0,1.0,0.0,0.29,255,255,1.0,0.0,0.0,0.0,0.0,0.0,0.0,0.0,normal
0,tcp,mtp,S0,0,0,0,0,0,0,0,0,0,0,0,0,0,0,0,0,0,0,106,5,1.0,1.0,0.0,0.0,0.05,0.06,0.0,255,5,0.02,0.06,0.0,0.0,1.0,1.0,0.0,0.0,neptune
0,icmp,eco_i,SF,8,0,0,0,0,0,0,0,0,0,0,0,0,0,0,0,0,0,1,44,0.0,0.0,0.0,0.0,1.0,0.0,1.0,1,97,1.0,0.0,1.0,0.51,0.0,0.0,0.0,0.0,ipsweep
0,tcp,private,S0,0,0,0,0,0,0,0,0,0,0,0,0,0,0,0,0,0,0,2,1,0.5,1.0,0.5,0.0,0.5,1.0,0.0,255,1,0.0,1.0,1.0,0.0,0.03,1.0,0.97,0.0,portsweep
0,tcp,ftp_data,SF,3676,0,0,0,0,0,0,1,0,0,0,0,0,0,0,0,0,0,4,4,0.0,0.0,0.0,0.0,1.0,0.0,0.0,79,75,0.54,0.06,0.54,0.04,0.0,0.0,0.0,0.0,normal
0,tcp,private,OTH,0,0,0,0,0,0,0,0,0,0,0,0,0,0,0,0,0,0,1,1,0.0,0.0,0.0,0.0,1.0,0.0,0.0,185,1,0.01,0.74,0.74,0.0,0.03,0.0,0.63,0.0,portsweep
0,tcp,http,SF,220,1719,0,0,0,0,0,1,0,0,0,0,0,0,0,0,0,0,17,17,0.0,0.0,0.0,0.0,1.0,0.0,0.0,255,255,1.0,0.0,0.0,0.0,0.0,0.0,0.0,0.0,normal
0,icmp,eco_i,SF,8,0,0,0,0,0,0,0,0,0,0,0,0,0,0,0,0,0,1,25,0.0,0.0,0.0,0.0,1.0,0.0,1.0,2,255,1.0,0.0,1.0,0.5,0.0,0.0,0.0,0.0,ipsweep
0,udp,domain_u,SF,46,136,0,0,0,0,0,0,0,0,0,0,0,0,0,0,0,0,75,155,0.0,0.0,0.0,0.0,1.0,0.0,0.01,255,252,0.99,0.01,0.0,0.0,0.0,0.0,0.0,0.0,normal
0,tcp,private,SH,0,0,0,0,0,0,0,0,0,0,0,0,0,0,0,0,0,0,1,1,1.0,1.0,0.0,0.0,1.0,0.0,0.0,19,1,0.05,0.74,0.58,0.0,0.58,1.0,0.0,0.0,nmap
0,tcp,other,REJ,0,0,0,0,0,0,0,0,0,0,0,0,0,0,0,0,0,0,510,1,0.13,0.0,0.87,1.0,0.0,1.0,0.0,255,1,0.0,1.0,0.0,0.0,0.16,0.0,0.84,1.0,satan
0,udp,private,SF,1,0,0,0,0,0,0,0,0,0,0,0,0,0,0,0,0,0,76,49,0.0,0.0,0.0,0.0,0.64,0.05,0.0,255,112,0.44,0.05,1.0,0.0,0.0,0.0,0.0,0.0,satan
0,tcp,ldap,S0,0,0,0,0,0,0,0,0,0,0,0,0,0,0,0,0,0,0,239,9,1.0,1.0,0.0,0.0,0.04,0.06,0.0,255,9,0.04,0.06,0.0,0.0,1.0,1.0,0.0,0.0,neptune
0,tcp,private,S0,0,0,0,0,0,0,0,0,0,0,0,0,0,0,0,0,0,0,276,4,1.0,1.0,0.0,0.0,0.01,0.06,0.0,255,1,0.0,0.08,0.0,0.0,1.0,1.0,0.0,0.0,neptune
0,udp,private,SF,207,0,0,0,0,0,0,0,0,0,0,0,0,0,0,0,0,0,2,2,0.0,0.0,0.0,0.0,1.0,0.0,0.0,22,22,1.0,0.0,1.0,0.0,0.0,0.0,0.0,0.0,nmap
0,tcp,http,S0,0,0,0,0,0,0,0,0,0,0,0,0,0,0,0,0,0,0,259,23,1.0,1.0,0.0,0.0,0.09,0.05,0.0,255,23,0.09,0.05,0.0,0.0,1.0,1.0,0.0,0.0,neptune
0,icmp,eco_i,SF,8,0,0,0,0,0,0,0,0,0,0,0,0,0,0,0,0,0,1,2,0.0,0.0,0.0,0.0,1.0,0.0,1.0,1,21,1.0,0.0,1.0,0.29,0.0,0.0,0.0,0.0,nmap
0,icmp,eco_i,SF,8,0,0,0,0,0,0,0,0,0,0,0,0,0,0,0,0,0,1,16,0.0,0.0,0.0,0.0,1.0,0.0,1.0,2,172,1.0,0.0,1.0,0.5,0.0,0.0,0.0,0.0,ipsweep
0,tcp,daytime,S0,0,0,0,0,0,0,0,0,0,0,0,0,0,0,0,0,0,0,285,4,1.0,1.0,0.0,0.0,0.01,0.06,0.0,255,14,0.05,0.07,0.0,0.0,1.0,1.0,0.0,0.0,neptune
9435,tcp,other,RSTR,1,0,0,0,0,0,0,0,0,0,0,0,0,0,0,0,0,0,2,2,0.0,0.0,1.0,1.0,1.0,0.0,0.0,255,2,0.01,0.74,1.0,0.0,0.0,0.0,1.0,1.0,portsweep
0,udp,private,SF,1,0,0,0,0,0,0,0,0,0,0,0,0,0,0,0,0,0,123,103,0.0,0.0,0.0,0.0,0.84,0.03,0.0,255,153,0.6,0.05,1.0,0.0,0.0,0.0,0.0,0.0,satan
0,tcp,smtp,SF,883,328,0,0,0,0,0,1,0,0,0,0,0,0,0,0,0,0,1,2,0.0,0.0,0.0,0.0,1.0,0.0,1.0,88,63,0.64,0.07,0.01,0.03,0.0,0.0,0.0,0.0,normal
0,tcp,telnet,RSTO,126,179,0,0,0,1,1,0,0,0,0,0,0,0,0,0,0,0,1,1,0.0,0.0,1.0,1.0,1.0,0.0,0.0,33,33,1.0,0.0,0.03,0.0,0.06,0.06,0.94,0.94,guess_passwd
0,tcp,private,REJ,0,0,0,0,0,0,0,0,0,0,0,0,0,0,0,0,0,0,1,1,0.0,0.0,1.0,1.0,1.0,0.0,0.0,31,2,0.03,1.0,0.03,1.0,0.0,0.0,0.97,1.0,ipsweep
0,tcp,private,RSTR,0,0,0,0,0,0,0,0,0,0,0,0,0,0,0,0,0,0,1,1,0.0,0.0,1.0,1.0,1.0,0.0,0.0,255,1,0.0,0.97,0.97,0.0,0.0,0.0,0.96,1.0,portsweep
0,tcp,private,REJ,0,0,0,0,0,0,0,0,0,0,0,0,0,0,0,0,0,0,146,16,0.0,0.0,1.0,1.0,0.11,0.06,0.0,71,16,0.23,0.08,0.01,0.0,0.0,0.0,1.0,1.0,neptune
0,tcp,private,REJ,0,0,0,0,0,0,0,0,0,0,0,0,0,0,0,0,0,0,504,1,0.06,0.0,0.93,1.0,0.0,1.0,0.0,255,1,0.0,1.0,0.0,0.0,0.08,0.0,0.91,1.0,satan
0,tcp,private,REJ,0,0,0,0,0,0,0,0,0,0,0,0,0,0,0,0,0,0,142,1,0.04,0.0,0.87,1.0,0.01,0.99,0.0,255,1,0.0,0.56,0.0,0.0,0.02,0.0,0.49,1.0,satan
0,icmp,eco_i,SF,8,0,0,0,0,0,0,0,0,0,0,0,0,0,0,0,0,0,1,36,0.0,0.0,0.0,0.0,1.0,0.0,1.0,1,41,1.0,0.0,1.0,0.51,0.0,0.0,0.0,0.0,ipsweep
0,tcp,netbios_dgm,REJ,0,0,0,0,0,0,0,0,0,0,0,0,0,0,0,0,0,0,509,1,0.02,0.0,0.97,1.0,0.0,1.0,0.0,255,1,0.0,1.0,0.0,0.0,0.02,0.0,0.97,1.0,satan
0,icmp,eco_i,SF,8,0,0,0,0,0,0,0,0,0,0,0,0,0,0,0,0,0,1,5,0.0,0.0,0.0,0.0,1.0,0.0,1.0,3,255,1.0,0.0,1.0,0.25,0.0,0.0,0.0,0.0,nmap
0,icmp,eco_i,SF,8,0,0,0,0,0,0,0,0,0,0,0,0,0,0,0,0,0,1,18,0.0,0.0,0.0,0.0,1.0,0.0,1.0,2,129,1.0,0.0,1.0,0.5,0.0,0.0,0.0,0.0,ipsweep
0,icmp,eco_i,SF,8,0,0,0,0,0,0,0,0,0,0,0,0,0,0,0,0,0,1,25,0.0,0.0,0.0,0.0,1.0,0.0,1.0,3,139,1.0,0.0,1.0,0.25,0.0,0.0,0.0,0.0,nmap
0,icmp,eco_i,SF,8,0,0,0,0,0,0,0,0,0,0,0,0,0,0,0,0,0,1,15,0.0,0.0,0.0,0.0,1.0,0.0,1.0,1,49,1.0,0.0,1.0,0.53,0.0,0.0,0.0,0.0,ipsweep
0,udp,private,SF,1,0,0,0,0,0,0,0,0,0,0,0,0,0,0,0,0,0,17,3,0.0,0.0,0.0,0.0,0.18,0.29,0.0,255,23,0.09,0.68,0.41,0.0,0.0,0.0,0.59,0.0,satan
0,tcp,private,REJ,0,0,0,0,0,0,0,0,0,0,0,0,0,0,0,0,0,0,71,1,0.1,0.0,0.9,1.0,0.01,1.0,0.0,255,1,0.0,0.55,0.0,0.0,0.03,0.0,0.26,1.0,satan
0,udp,domain_u,SF,45,70,0,0,0,0,0,0,0,0,0,0,0,0,0,0,0,0,120,120,0.0,0.0,0.0,0.0,1.0,0.0,0.0,255,254,1.0,0.01,0.0,0.0,0.0,0.0,0.0,0.0,normal
0,icmp,eco_i,SF,8,0,0,0,0,0,0,0,0,0,0,0,0,0,0,0,0,0,1,23,0.0,0.0,0.0,0.0,1.0,0.0,1.0,2,24,1.0,0.0,1.0,0.5,0.0,0.0,0.0,0.0,ipsweep
0,tcp,hostnames,RSTR,0,0,0,0,0,0,0,0,0,0,0,0,0,0,0,0,0,0,1,1,0.0,0.0,1.0,1.0,1.0,0.0,0.0,255,1,0.0,1.0,1.0,0.0,0.0,0.0,1.0,1.0,portsweep
0,tcp,smtp,SF,1562,325,0,0,0,0,0,1,0,0,0,0,0,0,0,0,0,0,1,4,0.0,0.0,0.0,0.0,1.0,0.0,1.0,180,245,0.96,0.01,0.01,0.01,0.0,0.0,0.0,0.0,normal
0,icmp,eco_i,SF,18,0,0,0,0,0,0,0,0,0,0,0,0,0,0,0,0,0,1,1,0.0,0.0,0.0,0.0,1.0,0.0,0.0,2,190,1.0,0.0,1.0,0.25,0.0,0.0,0.0,0.0,ipsweep
0,icmp,eco_i,SF,8,0,0,0,0,0,0,0,0,0,0,0,0,0,0,0,0,0,1,20,0.0,0.0,0.0,0.0,1.0,0.0,1.0,2,72,1.0,0.0,1.0,0.5,0.0,0.0,0.0,0.0,ipsweep
3,tcp,private,REJ,0,0,0,0,0,0,0,0,0,0,0,0,0,0,0,0,0,0,234,1,0.04,0.0,0.94,1.0,0.0,1.0,0.0,255,1,0.0,0.94,0.0,0.0,0.04,0.0,0.87,1.0,satan
0,tcp,uucp_path,REJ,0,0,0,0,0,0,0,0,0,0,0,0,0,0,0,0,0,0,207,3,0.0,0.0,1.0,1.0,0.01,0.07,0.0,255,3,0.01,0.07,0.0,0.0,0.0,0.0,1.0,1.0,neptune
31648,tcp,private,RSTR,1,0,0,0,0,0,0,0,0,0,0,0,0,0,0,0,0,0,1,1,0.0,0.0,1.0,1.0,1.0,0.0,0.0,255,1,0.0,0.82,1.0,0.0,0.0,0.0,1.0,1.0,portsweep
0,tcp,private,REJ,0,0,0,0,0,0,0,0,0,0,0,0,0,0,0,0,0,0,93,1,0.01,0.0,0.9,1.0,0.01,1.0,0.0,255,1,0.0,0.38,0.0,0.0,0.0,0.0,0.34,1.0,satan
0,tcp,private,REJ,0,0,0,0,0,0,0,0,0,0,0,0,0,0,0,0,0,0,1,1,0.0,0.0,1.0,1.0,1.0,0.0,0.0,255,1,0.0,0.73,0.71,0.0,0.0,0.0,0.71,1.0,portsweep
0,icmp,eco_i,SF,8,0,0,0,0,0,0,0,0,0,0,0,0,0,0,0,0,0,1,44,0.0,0.0,0.0,0.0,1.0,0.0,1.0,1,165,1.0,0.0,1.0,0.5,0.0,0.0,0.0,0.0,ipsweep
0,tcp,finger,SF,7,365,0,0,0,0,0,0,0,0,0,0,0,0,0,0,0,0,1,1,0.0,0.0,0.0,0.0,1.0,0.0,0.0,27,8,0.04,0.11,0.04,0.25,0.0,0.0,0.0,0.0,normal
0,tcp,private,REJ,0,0,0,0,0,0,0,0,0,0,0,0,0,0,0,0,0,0,1,1,0.0,0.0,1.0,1.0,1.0,0.0,0.0,14,2,0.07,1.0,0.07,1.0,0.0,0.0,0.93,1.0,ipsweep
0,tcp,efs,REJ,0,0,0,0,0,0,0,0,0,0,0,0,0,0,0,0,0,0,112,1,0.07,0.0,0.91,1.0,0.01,1.0,0.0,255,1,0.0,0.69,0.0,0.0,0.03,0.0,0.41,1.0,satan
0,tcp,other,SF,35195,0,0,0,0,0,0,1,0,0,0,0,0,0,0,0,0,0,19,1,0.05,0.0,0.0,0.0,0.05,0.32,0.0,237,1,0.0,0.05,0.37,0.0,0.02,0.0,0.0,0.0,normal
0,tcp,http,S0,0,0,0,0,0,0,0,0,0,0,0,0,0,0,0,0,0,0,75,20,1.0,1.0,0.0,0.0,0.27,0.05,0.0,255,46,0.18,0.03,0.02,0.0,1.0,1.0,0.0,0.0,neptune
0,tcp,private,S0,0,0,0,0,0,0,0,0,0,0,0,0,0,0,0,0,0,0,116,15,1.0,1.0,0.0,0.0,0.13,0.06,0.0,255,15,0.06,0.05,0.0,0.0,1.0,1.0,0.0,0.0,neptune
0,tcp,csnet_ns,S0,0,0,0,0,0,0,0,0,0,0,0,0,0,0,0,0,0,0,103,2,1.0,1.0,0.0,0.0,0.02,0.07,0.0,255,2,0.01,0.07,0.0,0.0,1.0,1.0,0.0,0.0,neptune
0,icmp,ecr_i,SF,1032,0,0,0,0,0,0,0,0,0,0,0,0,0,0,0,0,0,249,249,0.0,0.0,0.0,0.0,1.0,0.0,0.0,255,249,0.98,0.01,0.98,0.0,0.0,0.0,0.0,0.0,smurf
0,icmp,eco_i,SF,8,0,0,0,0,0,0,0,0,0,0,0,0,0,0,0,0,0,1,29,0.0,0.0,0.0,0.0,1.0,0.0,1.0,1,101,1.0,0.0,1.0,0.26,0.0,0.0,0.0,0.0,nmap
0,tcp,http,SF,372,884,0,0,0,0,0,1,0,0,0,0,0,0,0,0,0,0,9,9,0.0,0.0,0.0,0.0,1.0,0.0,0.0,72,231,1.0,0.0,0.01,0.19,0.0,0.0,0.08,0.71,normal
0,udp,domain_u,SF,46,113,0,0,0,0,0,0,0,0,0,0,0,0,0,0,0,0,27,27,0.0,0.0,0.0,0.0,1.0,0.0,0.0,255,162,0.64,0.01,0.0,0.0,0.0,0.0,0.0,0.0,normal
0,tcp,private,RSTR,0,0,0,0,0,0,0,0,0,0,0,0,0,0,0,0,0,0,1,1,0.0,0.0,1.0,1.0,1.0,0.0,0.0,238,1,0.0,0.32,0.29,0.0,0.0,0.0,0.3,1.0,portsweep
0,tcp,private,S0,0,0,0,0,0,0,0,0,0,0,0,0,0,0,0,0,0,0,216,5,1.0,1.0,0.0,0.0,0.02,0.06,0.0,255,13,0.05,0.06,0.0,0.0,1.0,1.0,0.0,0.0,neptune
811,tcp,other,RSTR,1,0,0,0,0,0,0,0,0,0,0,0,0,0,0,0,0,0,2,2,0.0,0.0,1.0,1.0,1.0,0.0,0.0,255,2,0.01,0.73,1.0,0.0,0.0,0.0,1.0,1.0,portsweep
0,tcp,http,SF,237,1748,0,0,0,0,0,1,0,0,0,0,0,0,0,0,0,0,11,11,0.0,0.0,0.0,0.0,1.0,0.0,0.0,66,255,1.0,0.0,0.02,0.02,0.0,0.0,0.0,0.0,normal
0,udp,private,SF,1,0,0,0,0,0,0,0,0,0,0,0,0,0,0,0,0,0,67,21,0.0,0.0,0.0,0.0,0.31,0.07,0.0,255,44,0.17,0.22,1.0,0.0,0.0,0.0,0.0,0.0,satan
0,icmp,eco_i,SF,8,0,0,0,0,0,0,0,0,0,0,0,0,0,0,0,0,0,1,12,0.0,0.0,0.0,0.0,1.0,0.0,1.0,2,22,1.0,0.0,1.0,0.5,0.0,0.0,0.0,0.0,ipsweep
0,icmp,eco_i,SF,8,0,0,0,0,0,0,0,0,0,0,0,0,0,0,0,0,0,1,24,0.0,0.0,0.0,0.0,1.0,0.0,1.0,1,129,1.0,0.0,1.0,0.51,0.0,0.0,0.0,0.0,ipsweep
42448,tcp,ftp_data,RSTR,1,0,0,0,0,0,0,0,0,0,0,0,0,0,0,0,0,0,1,1,0.0,0.0,1.0,1.0,1.0,0.0,0.0,159,86,0.52,0.14,0.25,0.02,0.0,0.0,0.25,0.01,portsweep
0,tcp,other,REJ,0,0,0,0,0,0,0,0,0,0,0,0,0,0,0,0,0,0,510,1,0.05,0.0,0.95,1.0,0.0,1.0,0.0,255,1,0.0,1.0,0.0,0.0,0.04,0.0,0.96,1.0,satan
0,tcp,ftp_data,SF,334,0,0,0,0,0,0,1,0,0,0,0,0,0,0,0,0,0,1,1,0.0,0.0,0.0,0.0,1.0,0.0,0.0,1,45,1.0,0.0,1.0,0.09,0.0,0.0,0.0,0.0,warezclient
0,icmp,eco_i,SF,8,0,0,0,0,0,0,0,0,0,0,0,0,0,0,0,0,0,1,41,0.0,0.0,0.0,0.0,1.0,0.0,1.0,1,66,1.0,0.0,1.0,0.52,0.0,0.0,0.0,0.0,ipsweep
0,tcp,http,SF,308,1193,0,0,0,0,0,1,0,0,0,0,0,0,0,0,0,0,10,10,0.0,0.0,0.0,0.0,1.0,0.0,0.0,10,10,1.0,0.0,0.1,0.0,0.0,0.0,0.0,0.0,normal
0,tcp,finger,SF,6,0,0,0,0,0,0,0,0,0,0,0,0,0,0,0,0,0,1,1,0.0,0.0,0.0,0.0,1.0,0.0,0.0,44,10,0.07,0.05,0.02,0.2,0.0,0.0,0.0,0.0,normal
0,tcp,courier,S0,0,0,0,0,0,0,0,0,0,0,0,0,0,0,0,0,0,0,146,16,1.0,1.0,0.0,0.0,0.11,0.06,0.0,255,12,0.05,0.06,0.0,0.0,1.0,1.0,0.0,0.0,neptune
0,icmp,eco_i,SF,8,0,0,0,0,0,0,0,0,0,0,0,0,0,0,0,0,0,1,13,0.0,0.0,0.0,0.0,1.0,0.0,1.0,2,142,1.0,0.0,1.0,0.5,0.0,0.0,0.0,0.0,ipsweep
0,tcp,private,REJ,0,0,0,0,0,0,0,0,0,0,0,0,0,0,0,0,0,0,350,1,0.03,0.0,0.96,1.0,0.0,1.0,0.0,255,1,0.0,1.0,0.0,0.0,0.03,0.0,0.97,1.0,satan
25,tcp,ftp,SF,350,1072,0,0,0,6,0,1,0,0,0,0,0,0,0,0,0,1,1,1,0.0,0.0,0.0,0.0,1.0,0.0,0.0,255,59,0.23,0.02,0.01,0.0,0.0,0.0,0.03,0.1,normal
0,tcp,private,REJ,0,0,0,0,0,0,0,0,0,0,0,0,0,0,0,0,0,0,2,1,0.0,0.0,1.0,1.0,0.5,1.0,0.0,255,1,0.0,0.86,0.84,0.0,0.0,0.0,0.84,1.0,portsweep
0,tcp,netbios_dgm,S0,0,0,0,0,0,0,0,0,0,0,0,0,0,0,0,0,0,0,203,9,1.0,1.0,0.0,0.0,0.04,0.07,0.0,255,9,0.04,0.07,0.0,0.0,1.0,1.0,0.0,0.0,neptune
0,udp,private,SF,1,0,0,0,0,0,0,0,0,0,0,0,0,0,0,0,0,0,23,7,0.0,0.0,0.0,0.0,0.3,0.13,0.0,255,7,0.03,0.64,0.41,0.0,0.05,0.0,0.54,0.0,satan
0,udp,domain_u,SF,39,39,0,0,0,0,0,0,0,0,0,0,0,0,0,0,0,0,133,133,0.0,0.0,0.0,0.0,1.0,0.0,0.0,255,255,1.0,0.0,0.0,0.0,0.0,0.0,0.0,0.0,normal
0,tcp,private,REJ,0,0,0,0,0,0,0,0,0,0,0,0,0,0,0,0,0,0,78,1,0.09,0.0,0.91,1.0,0.01,1.0,0.0,255,1,0.0,0.58,0.0,0.0,0.03,0.0,0.29,1.0,satan
0,tcp,private,S0,0,0,0,0,0,0,0,0,0,0,0,0,0,0,0,0,0,0,149,17,1.0,1.0,0.0,0.0,0.11,0.05,0.0,255,9,0.04,0.07,0.0,0.0,1.0,1.0,0.0,0.0,neptune
0,tcp,other,REJ,0,0,0,0,0,0,0,0,0,0,0,0,0,0,0,0,0,0,404,1,0.07,0.0,0.9,1.0,0.0,1.0,0.0,255,1,0.0,1.0,0.0,0.0,0.08,0.0,0.91,1.0,satan
0,tcp,telnet,S0,0,0,0,0,0,0,0,0,0,0,0,0,0,0,0,0,0,0,25,5,1.0,1.0,0.0,0.0,0.2,0.16,0.0,255,64,0.25,0.02,0.02,0.0,1.0,1.0,0.0,0.0,neptune
2022,udp,other,SF,147,105,0,0,0,0,0,0,0,0,0,0,0,0,0,0,0,0,1,1,0.0,0.0,0.0,0.0,1.0,0.0,0.0,255,2,0.01,0.53,0.91,0.0,0.0,0.0,0.0,0.0,normal
0,tcp,http,SF,293,185,0,0,0,0,0,1,0,0,0,0,0,0,0,0,0,0,8,8,0.0,0.0,0.0,0.0,1.0,0.0,0.0,8,255,1.0,0.0,0.12,0.01,0.0,0.0,0.0,0.0,normal
0,tcp,private,RSTR,0,0,0,0,0,0,0,0,0,0,0,0,0,0,0,0,0,0,1,1,0.0,0.0,1.0,1.0,1.0,0.0,0.0,255,1,0.0,0.28,0.27,0.0,0.0,0.0,0.27,1.0,portsweep
0,tcp,private,REJ,0,0,0,0,0,0,0,0,0,0,0,0,0,0,0,0,0,0,2,1,0.0,0.0,1.0,1.0,0.5,1.0,0.0,255,1,0.0,0.95,0.95,0.0,0.0,0.0,0.95,1.0,portsweep
0,tcp,bgp,S0,0,0,0,0,0,0,0,0,0,0,0,0,0,0,0,0,0,0,265,5,1.0,1.0,0.0,0.0,0.02,0.05,0.0,255,5,0.02,0.05,0.0,0.0,1.0,1.0,0.0,0.0,neptune
0,udp,private,SF,1,0,0,0,0,0,0,0,0,0,0,0,0,0,0,0,0,0,14,7,0.0,0.0,0.0,0.0,0.5,0.14,0.0,255,35,0.14,0.54,0.49,0.0,0.16,0.0,0.36,0.0,satan
0,tcp,http,S0,0,0,0,0,0,0,0,0,0,0,0,0,0,0,0,0,0,0,9,4,1.0,1.0,0.0,0.0,0.44,0.33,0.0,249,64,0.26,0.02,0.0,0.0,1.0,1.0,0.0,0.0,neptune
0,tcp,http,SF,257,1806,0,0,0,0,0,1,0,0,0,0,0,0,0,0,0,0,9,9,0.0,0.0,0.0,0.0,1.0,0.0,0.0,223,255,1.0,0.0,0.0,0.01,0.0,0.0,0.0,0.0,normal
0,icmp,eco_i,SF,8,0,0,0,0,0,0,0,0,0,0,0,0,0,0,0,0,0,1,14,0.0,0.0,0.0,0.0,1.0,0.0,1.0,1,13,1.0,0.0,1.0,0.54,0.0,0.0,0.0,0.0,ipsweep
0,icmp,eco_i,SF,8,0,0,0,0,0,0,0,0,0,0,0,0,0,0,0,0,0,1,36,0.0,0.0,0.0,0.0,1.0,0.0,1.0,1,61,1.0,0.0,1.0,0.51,0.0,0.0,0.0,0.0,ipsweep
0,tcp,smtp,SF,810,327,0,0,0,0,0,1,0,0,0,0,0,0,0,0,0,0,1,1,0.0,0.0,0.0,0.0,1.0,0.0,0.0,156,106,0.67,0.03,0.01,0.02,0.0,0.0,0.0,0.0,normal
2630,udp,other,SF,145,105,0,0,0,0,0,0,0,0,0,0,0,0,0,0,0,0,1,1,0.0,0.0,0.0,0.0,1.0,0.0,0.0,255,1,0.0,0.86,0.98,0.0,0.0,0.0,0.0,0.0,normal
0,tcp,exec,RSTO,0,0,0,0,0,0,0,0,0,0,0,0,0,0,0,0,0,0,2,1,0.0,0.0,1.0,1.0,0.5,1.0,0.0,255,1,0.0,0.8,0.78,0.0,0.0,0.0,0.78,1.0,portsweep
0,udp,private,SF,215,0,0,0,0,0,0,0,0,0,0,0,0,0,0,0,0,0,1,1,0.0,0.0,0.0,0.0,1.0,0.0,0.0,161,137,0.85,0.01,0.85,0.0,0.0,0.0,0.0,0.0,nmap
0,tcp,other,REJ,0,0,0,0,0,0,0,0,0,0,0,0,0,0,0,0,0,0,511,1,0.15,0.0,0.85,1.0,0.0,1.0,0.0,255,1,0.0,1.0,0.0,0.0,0.17,0.0,0.83,1.0,satan
0,icmp,eco_i,SF,8,0,0,0,0,0,0,0,0,0,0,0,0,0,0,0,0,0,1,33,0.0,0.0,0.0,0.0,1.0,0.0,1.0,1,127,1.0,0.0,1.0,0.5,0.0,0.0,0.0,0.0,ipsweep
0,udp,other,SF,1,0,0,0,0,0,0,0,0,0,0,0,0,0,0,0,0,0,152,2,0.0,0.0,0.0,0.0,0.01,0.05,0.0,255,2,0.01,0.05,1.0,0.0,0.0,0.0,0.0,0.0,satan
0,icmp,eco_i,SF,18,0,0,0,0,0,0,0,0,0,0,0,0,0,0,0,0,0,1,1,0.0,0.0,0.0,0.0,1.0,0.0,0.0,3,55,1.0,0.0,1.0,0.25,0.0,0.0,0.0,0.0,ipsweep
0,tcp,other,REJ,0,0,0,0,0,0,0,0,0,0,0,0,0,0,0,0,0,0,509,1,0.08,0.0,0.92,1.0,0.0,1.0,0.0,255,1,0.0,1.0,0.0,0.0,0.11,0.0,0.89,1.0,satan
40403,tcp,private,RSTR,1,0,0,0,0,0,0,0,0,0,0,0,0,0,0,0,0,0,2,2,0.0,0.0,1.0,1.0,1.0,0.0,0.0,255,2,0.01,0.42,0.84,0.0,0.0,0.0,0.84,1.0,portsweep
0,tcp,private,REJ,0,0,0,0,0,0,0,0,0,0,0,0,0,0,0,0,0,0,463,1,0.05,0.0,0.94,1.0,0.0,1.0,0.0,255,1,0.0,1.0,0.0,0.0,0.08,0.0,0.92,1.0,satan
0,icmp,eco_i,SF,8,0,0,0,0,0,0,0,0,0,0,0,0,0,0,0,0,0,1,37,0.0,0.0,0.0,0.0,1.0,0.0,1.0,2,146,1.0,0.0,1.0,0.5,0.0,0.0,0.0,0.0,ipsweep
26,tcp,ftp,SF,116,451,0,0,0,2,0,1,0,0,0,0,1,0,1,0,0,1,1,1,0.0,0.0,0.0,0.0,1.0,0.0,0.0,1,1,1.0,0.0,1.0,0.0,0.0,0.0,0.0,0.0,ftp_write
0,tcp,private,REJ,0,0,0,0,0,0,0,0,0,0,0,0,0,0,0,0,0,0,1,1,0.0,0.0,1.0,1.0,1.0,0.0,0.0,8,2,0.12,1.0,0.12,1.0,0.0,0.0,1.0,1.0,ipsweep
0,udp,domain_u,SF,45,77,0,0,0,0,0,0,0,0,0,0,0,0,0,0,0,0,142,144,0.0,0.0,0.0,0.0,1.0,0.0,0.02,255,230,0.9,0.01,0.0,0.0,0.0,0.0,0.0,0.0,normal
0,icmp,eco_i,SF,8,0,0,0,0,0,0,0,0,0,0,0,0,0,0,0,0,0,1,51,0.0,0.0,0.0,0.0,1.0,0.0,1.0,4,188,1.0,0.0,1.0,0.25,0.0,0.0,0.0,0.0,nmap
0,tcp,http,SF,218,4950,0,0,0,0,0,1,0,0,0,0,0,0,0,0,0,0,1,1,0.0,0.0,0.0,0.0,1.0,0.0,0.0,1,255,1.0,0.0,1.0,0.08,0.0,0.0,0.0,0.0,normal
1,tcp,smtp,SF,705,326,0,0,0,0,0,1,0,0,0,0,0,0,0,0,0,0,1,2,0.0,0.0,0.0,0.0,1.0,0.0,1.0,175,143,0.39,0.04,0.01,0.01,0.02,0.01,0.0,0.0,normal
0,tcp,ctf,RSTR,0,0,0,0,0,0,0,0,0,0,0,0,0,0,0,0,0,0,1,1,0.0,0.0,1.0,1.0,1.0,0.0,0.0,255,1,0.0,0.33,0.33,0.0,0.0,0.0,0.33,1.0,portsweep
1,tcp,ftp,SF,1264,2451,0,0,0,28,0,1,0,0,0,0,0,0,0,0,0,1,1,1,0.0,0.0,0.0,0.0,1.0,0.0,0.0,255,138,0.54,0.02,0.0,0.0,0.0,0.0,0.0,0.0,warezclient
0,tcp,telnet,S0,0,0,0,0,0,0,0,0,0,0,0,0,0,0,0,0,0,0,46,8,1.0,1.0,0.0,0.0,0.17,0.09,0.0,255,68,0.27,0.02,0.02,0.0,1.0,1.0,0.0,0.0,neptune
0,udp,domain_u,SF,46,132,0,0,0,0,0,0,0,0,0,0,0,0,0,0,0,0,243,319,0.0,0.0,0.0,0.0,1.0,0.01,0.01,255,248,0.97,0.01,0.0,0.0,0.0,0.0,0.0,0.0,normal
0,tcp,nnsp,S0,0,0,0,0,0,0,0,0,0,0,0,0,0,0,0,0,0,0,120,12,1.0,1.0,0.0,0.0,0.1,0.06,0.0,255,12,0.05,0.07,0.0,0.0,1.0,1.0,0.0,0.0,neptune
0,tcp,private,SH,0,0,0,0,0,0,0,0,0,0,0,0,0,0,0,0,0,0,1,1,1.0,1.0,0.0,0.0,1.0,0.0,0.0,184,1,0.01,0.95,0.96,0.0,0.96,1.0,0.0,0.0,nmap
0,icmp,eco_i,SF,8,0,0,0,0,0,0,0,0,0,0,0,0,0,0,0,0,0,1,22,0.0,0.0,0.0,0.0,1.0,0.0,1.0,2,62,1.0,0.0,1.0,0.5,0.0,0.0,0.0,0.0,ipsweep
0,icmp,eco_i,SF,8,0,0,0,0,0,0,0,0,0,0,0,0,0,0,0,0,0,1,46,0.0,0.0,0.0,0.0,1.0,0.0,1.0,4,240,1.0,0.0,1.0,0.25,0.0,0.0,0.0,0.0,nmap
0,tcp,systat,REJ,0,0,0,0,0,0,0,0,0,0,0,0,0,0,0,0,0,0,263,17,0.0,0.0,1.0,1.0,0.06,0.06,0.0,255,17,0.07,0.06,0.0,0.0,0.0,0.0,1.0,1.0,neptune
0,tcp,smtp,RSTO,0,0,0,0,0,0,0,0,0,0,0,0,0,0,0,0,0,0,2,1,0.0,0.0,1.0,1.0,0.5,1.0,0.0,255,1,0.0,1.0,1.0,0.0,0.0,0.0,1.0,1.0,portsweep
0,icmp,eco_i,SF,8,0,0,0,0,0,0,0,0,0,0,0,0,0,0,0,0,0,1,13,0.0,0.0,0.0,0.0,1.0,0.0,1.0,1,129,1.0,0.0,1.0,0.51,0.0,0.0,0.0,0.0,ipsweep
0,udp,private,SF,1,0,0,0,0,0,0,0,0,0,0,0,0,0,0,0,0,0,40,4,0.0,0.0,0.0,0.0,0.1,0.05,0.0,255,47,0.18,0.23,1.0,0.0,0.0,0.0,0.0,0.0,satan
0,tcp,private,RSTR,0,0,0,0,0,0,0,0,0,0,0,0,0,0,0,0,0,0,1,1,0.0,0.0,1.0,1.0,1.0,0.0,0.0,50,1,0.02,0.1,0.04,0.0,0.12,0.0,0.04,1.0,portsweep
0,tcp,other,REJ,0,0,0,0,0,0,0,0,0,0,0,0,0,0,0,0,0,0,344,1,0.06,0.0,0.9,1.0,0.0,1.0,0.0,255,1,0.0,1.0,0.0,0.0,0.08,0.0,0.9,1.0,satan
0,tcp,vmnet,S0,0,0,0,0,0,0,0,0,0,0,0,0,0,0,0,0,0,0,126,15,1.0,1.0,0.0,0.0,0.12,0.06,0.0,255,15,0.06,0.05,0.0,0.0,1.0,1.0,0.0,0.0,neptune
0,tcp,other,REJ,0,0,0,0,0,0,0,0,0,0,0,0,0,0,0,0,0,0,511,1,0.05,0.0,0.95,1.0,0.0,0.96,0.0,255,1,0.0,1.0,0.0,0.0,0.0,0.0,1.0,1.0,satan
9415,tcp,other,RSTR,1,0,0,0,0,0,0,0,0,0,0,0,0,0,0,0,0,0,2,2,0.0,0.0,1.0,1.0,1.0,0.0,0.0,255,2,0.01,0.74,1.0,0.0,0.0,0.0,1.0,1.0,portsweep
1,tcp,private,RSTOS0,0,0,0,0,0,0,0,0,0,0,0,0,0,0,0,0,0,0,147,2,0.71,0.5,0.29,0.5,0.01,0.37,0.0,255,2,0.01,0.22,0.58,0.0,0.41,0.5,0.17,0.5,portsweep
0,tcp,private,SH,0,0,0,0,0,0,0,0,0,0,0,0,0,0,0,0,0,0,1,1,1.0,1.0,0.0,0.0,1.0,0.0,0.0,179,1,0.01,0.94,0.96,0.0,0.96,1.0,0.0,0.0,nmap
0,udp,other,SF,1,0,0,0,0,0,0,0,0,0,0,0,0,0,0,0,0,0,28,2,0.0,0.0,0.0,0.0,0.07,0.29,0.0,255,2,0.01,0.22,0.67,0.0,0.0,0.0,0.28,0.0,satan
0,tcp,http,SF,294,421,0,0,0,0,0,1,0,0,0,0,0,0,0,0,0,0,4,4,0.0,0.0,0.0,0.0,1.0,0.0,0.0,14,255,1.0,0.0,0.07,0.04,0.0,0.02,0.0,0.0,normal
0,tcp,other,REJ,0,0,0,0,0,0,0,0,0,0,0,0,0,0,0,0,0,0,511,1,0.11,0.0,0.86,1.0,0.0,1.0,0.0,255,1,0.0,1.0,0.0,0.0,0.15,0.0,0.84,1.0,satan
0,tcp,nntp,RSTO,0,0,0,0,0,0,0,0,0,0,0,0,0,0,0,0,0,0,203,2,0.0,0.0,1.0,1.0,0.01,0.07,0.0,255,2,0.01,0.08,0.0,0.0,0.0,0.0,1.0,1.0,neptune
0,udp,domain_u,SF,42,42,0,0,0,0,0,0,0,0,0,0,0,0,0,0,0,0,4,6,0.0,0.0,0.0,0.0,1.0,0.0,0.33,255,249,0.98,0.01,0.0,0.0,0.0,0.0,0.0,0.0,normal
0,icmp,eco_i,SF,8,0,0,0,0,0,0,0,0,0,0,0,0,0,0,0,0,0,1,45,0.0,0.0,0.0,0.0,1.0,0.0,1.0,2,96,1.0,0.0,1.0,0.5,0.0,0.0,0.0,0.0,ipsweep
0,udp,private,SF,28,0,0,3,0,0,0,0,0,0,0,0,0,0,0,0,0,0,25,25,0.0,0.0,0.0,0.0,1.0,0.0,0.0,97,25,0.26,0.04,0.26,0.0,0.0,0.0,0.0,0.0,teardrop
0,tcp,other,REJ,0,0,0,0,0,0,0,0,0,0,0,0,0,0,0,0,0,0,510,1,0.16,0.0,0.84,1.0,0.0,1.0,0.0,255,1,0.0,1.0,0.0,0.0,0.19,0.0,0.81,1.0,satan
0,udp,private,SF,1,0,0,0,0,0,0,0,0,0,0,0,0,0,0,0,0,0,16,3,0.0,0.0,0.0,0.0,0.19,0.12,0.0,255,6,0.02,0.93,0.07,0.0,0.13,0.0,0.8,0.0,satan
0,tcp,private,REJ,0,0,0,0,0,0,0,0,0,0,0,0,0,0,0,0,0,0,390,1,0.06,0.0,0.93,1.0,0.0,1.0,0.0,255,1,0.0,1.0,0.0,0.0,0.09,0.0,0.91,1.0,satan
0,icmp,eco_i,SF,8,0,0,0,0,0,0,0,0,0,0,0,0,0,0,0,0,0,1,33,0.0,0.0,0.0,0.0,1.0,0.0,1.0,2,208,1.0,0.0,1.0,0.5,0.0,0.0,0.0,0.0,ipsweep
0,icmp,eco_i,SF,8,0,0,0,0,0,0,0,0,0,0,0,0,0,0,0,0,0,1,2,0.0,0.0,0.0,0.0,1.0,0.0,1.0,2,80,1.0,0.0,1.0,0.26,0.0,0.0,0.0,0.0,nmap
0,tcp,private,RSTR,0,0,0,0,0,0,0,0,0,0,0,0,0,0,0,0,0,0,1,1,0.0,0.0,1.0,1.0,1.0,0.0,0.0,255,1,0.0,0.5,1.0,0.0,0.0,0.0,1.0,1.0,portsweep
0,tcp,http,SF,240,265,0,0,0,0,0,1,0,0,0,0,0,0,0,0,0,0,14,14,0.0,0.0,0.0,0.0,1.0,0.0,0.0,124,124,1.0,0.0,0.01,0.0,0.0,0.0,0.0,0.0,normal
0,tcp,private,REJ,0,0,0,0,0,0,0,0,0,0,0,0,0,0,0,0,0,0,123,10,0.0,0.0,1.0,1.0,0.08,0.07,0.0,255,10,0.04,0.09,0.0,0.0,0.0,0.0,1.0,1.0,neptune
0,tcp,http,SF,217,501,0,0,0,0,0,1,0,0,0,0,0,0,0,0,0,0,5,21,0.0,0.0,0.0,0.0,1.0,0.0,0.14,20,255,1.0,0.0,0.05,0.02,0.0,0.0,0.0,0.0,normal
0,tcp,other,REJ,0,0,0,0,0,0,0,0,0,0,0,0,0,0,0,0,0,0,486,1,0.07,0.0,0.92,1.0,0.0,1.0,0.0,255,1,0.0,1.0,0.0,0.0,0.04,0.0,0.96,1.0,satan
0,tcp,http,SF,244,390,0,0,0,0,0,1,0,0,0,0,0,0,0,0,0,0,2,2,0.0,0.0,0.0,0.0,1.0,0.0,0.0,255,255,1.0,0.0,0.0,0.0,0.0,0.0,0.0,0.0,normal
0,icmp,eco_i,SF,8,0,0,0,0,0,0,0,0,0,0,0,0,0,0,0,0,0,1,1,0.0,0.0,0.0,0.0,1.0,0.0,0.0,2,22,1.0,0.0,1.0,0.5,0.0,0.0,0.0,0.0,ipsweep
0,tcp,mtp,REJ,0,0,0,0,0,0,0,0,0,0,0,0,0,0,0,0,0,0,1,1,0.0,0.0,1.0,1.0,1.0,0.0,0.0,38,1,0.03,1.0,0.03,0.0,0.0,0.0,0.95,1.0,ipsweep
0,icmp,eco_i,SF,8,0,0,0,0,0,0,0,0,0,0,0,0,0,0,0,0,0,1,45,0.0,0.0,0.0,0.0,1.0,0.0,1.0,2,138,1.0,0.0,1.0,0.5,0.0,0.0,0.0,0.0,ipsweep
0,tcp,private,RSTR,0,0,0,0,0,0,0,0,0,0,0,0,0,0,0,0,0,0,1,1,0.0,0.0,1.0,1.0,1.0,0.0,0.0,255,1,0.0,0.33,0.32,0.0,0.0,0.0,0.32,1.0,portsweep
0,udp,private,SF,215,0,0,0,0,0,0,0,0,0,0,0,0,0,0,0,0,0,1,1,0.0,0.0,0.0,0.0,1.0,0.0,0.0,245,205,0.84,0.01,0.84,0.0,0.0,0.0,0.0,0.0,nmap
0,tcp,private,REJ,0,0,0,0,0,0,0,0,0,0,0,0,0,0,0,0,0,0,208,1,0.09,0.0,0.9,1.0,0.0,1.0,0.0,255,1,0.0,0.91,0.0,0.0,0.07,0.0,0.75,1.0,satan
0,icmp,eco_i,SF,8,0,0,0,0,0,0,0,0,0,0,0,0,0,0,0,0,0,1,41,0.0,0.0,0.0,0.0,1.0,0.0,1.0,2,144,1.0,0.0,1.0,0.5,0.0,0.0,0.0,0.0,ipsweep
0,tcp,klogin,REJ,0,0,0,0,0,0,0,0,0,0,0,0,0,0,0,0,0,0,103,10,0.0,0.0,1.0,1.0,0.1,0.06,0.0,255,10,0.04,0.07,0.0,0.0,0.0,0.0,1.0,1.0,neptune
0,tcp,private,REJ,0,0,0,0,0,0,0,0,0,0,0,0,0,0,0,0,0,0,67,1,0.0,0.0,0.93,1.0,0.01,1.0,0.0,192,1,0.01,0.41,0.01,0.0,0.0,0.0,0.34,1.0,satan
0,icmp,eco_i,SF,8,0,0,0,0,0,0,0,0,0,0,0,0,0,0,0,0,0,1,35,0.0,0.0,0.0,0.0,1.0,0.0,1.0,2,212,1.0,0.0,1.0,0.5,0.0,0.0,0.0,0.0,ipsweep
0,tcp,hostnames,S0,0,0,0,0,0,0,0,0,0,0,0,0,0,0,0,0,0,0,293,6,1.0,1.0,0.0,0.0,0.02,0.06,0.0,255,6,0.02,0.07,0.0,0.0,1.0,1.0,0.0,0.0,neptune
0,udp,private,SF,1,0,0,0,0,0,0,0,0,0,0,0,0,0,0,0,0,0,156,146,0.0,0.0,0.0,0.0,0.94,0.01,0.0,255,208,0.82,0.03,1.0,0.0,0.0,0.0,0.0,0.0,satan
0,udp,private,SF,28,0,0,3,0,0,0,0,0,0,0,0,0,0,0,0,0,0,62,62,0.0,0.0,0.0,0.0,1.0,0.0,0.0,255,29,0.11,0.01,0.11,0.0,0.0,0.0,0.0,0.0,teardrop
0,icmp,eco_i,SF,8,0,0,0,0,0,0,0,0,0,0,0,0,0,0,0,0,0,1,42,0.0,0.0,0.0,0.0,1.0,0.0,1.0,1,17,1.0,0.0,1.0,0.53,0.0,0.0,0.0,0.0,ipsweep
0,tcp,private,S0,0,0,0,0,0,0,0,0,0,0,0,0,0,0,0,0,0,0,275,9,1.0,1.0,0.0,0.0,0.03,0.06,0.0,255,12,0.05,0.07,0.0,0.0,1.0,1.0,0.0,0.0,neptune
0,tcp,other,REJ,0,0,0,0,0,0,0,0,0,0,0,0,0,0,0,0,0,0,510,1,0.13,0.0,0.87,1.0,0.0,1.0,0.0,255,1,0.0,1.0,0.0,0.0,0.19,0.0,0.81,1.0,satan
0,tcp,http,SF,223,1295,0,0,0,0,0,1,0,0,0,0,0,0,0,0,0,0,1,40,0.0,0.0,0.0,0.0,1.0,0.0,0.05,54,54,1.0,0.0,0.02,0.0,0.0,0.0,0.0,0.0,normal
0,udp,other,SF,1,0,0,0,0,0,0,0,0,0,0,0,0,0,0,0,0,0,2,2,0.0,0.0,0.0,0.0,1.0,0.0,0.0,255,2,0.01,0.2,1.0,0.0,0.0,0.0,0.0,0.0,satan
0,tcp,private,REJ,0,0,0,0,0,0,0,0,0,0,0,0,0,0,0,0,0,0,180,1,0.11,0.0,0.88,1.0,0.01,1.0,0.0,255,1,0.0,0.85,0.0,0.0,0.07,0.0,0.64,1.0,satan
0,icmp,eco_i,SF,8,0,0,0,0,0,0,0,0,0,0,0,0,0,0,0,0,0,1,23,0.0,0.0,0.0,0.0,1.0,0.0,1.0,2,36,1.0,0.0,1.0,0.5,0.0,0.0,0.0,0.0,ipsweep
0,tcp,whois,REJ,0,0,0,0,0,0,0,0,0,0,0,0,0,0,0,0,0,0,66,1,0.02,0.0,0.92,1.0,0.02,1.0,0.0,255,1,0.0,0.29,0.0,0.0,0.0,0.0,0.25,1.0,satan
0,tcp,daytime,S0,0,0,0,0,0,0,0,0,0,0,0,0,0,0,0,0,0,0,287,1,1.0,1.0,0.0,0.0,0.0,0.06,0.0,255,1,0.0,0.07,0.0,0.0,1.0,1.0,0.0,0.0,neptune
1,tcp,smtp,SF,1280,331,0,0,0,0,0,1,0,0,0,0,0,0,0,0,0,0,1,3,0.0,0.0,0.0,0.0,1.0,0.0,1.0,72,54,0.5,0.04,0.01,0.04,0.0,0.0,0.0,0.0,normal
0,tcp,systat,REJ,0,0,0,0,0,0,0,0,0,0,0,0,0,0,0,0,0,0,160,1,0.12,0.0,0.88,1.0,0.01,0.58,0.0,255,1,0.0,0.36,0.63,0.0,0.08,0.0,0.55,1.0,portsweep
0,icmp,eco_i,SF,18,0,0,0,0,0,0,0,0,0,0,0,0,0,0,0,0,0,1,1,0.0,0.0,0.0,0.0,1.0,0.0,0.0,1,210,1.0,0.0,1.0,1.0,0.0,0.0,0.0,0.0,ipsweep
0,icmp,eco_i,SF,8,0,0,0,0,0,0,0,0,0,0,0,0,0,0,0,0,0,1,38,0.0,0.0,0.0,0.0,1.0,0.0,1.0,1,159,1.0,0.0,1.0,0.5,0.0,0.0,0.0,0.0,ipsweep
4169,tcp,other,RSTR,1,0,0,0,0,0,0,0,0,0,0,0,0,0,0,0,0,0,2,2,0.0,0.0,1.0,1.0,1.0,0.0,0.0,255,2,0.01,0.73,1.0,0.0,0.0,0.0,1.0,1.0,portsweep
39930,tcp,private,RSTR,0,400291060,0,0,0,0,0,0,0,0,0,0,0,0,0,0,0,0,2,2,0.0,0.0,1.0,1.0,1.0,0.0,0.0,255,2,0.01,0.5,1.0,0.0,0.0,0.0,1.0,1.0,portsweep
0,icmp,eco_i,SF,8,0,0,0,0,0,0,0,0,0,0,0,0,0,0,0,0,0,1,24,0.0,0.0,0.0,0.0,1.0,0.0,1.0,2,54,1.0,0.0,1.0,0.5,0.0,0.0,0.0,0.0,ipsweep
0,icmp,eco_i,SF,8,0,0,0,0,0,0,0,0,0,0,0,0,0,0,0,0,0,1,5,0.0,0.0,0.0,0.0,1.0,0.0,1.0,2,160,1.0,0.0,1.0,0.5,0.0,0.0,0.0,0.0,ipsweep
0,tcp,private,REJ,0,0,0,0,0,0,0,0,0,0,0,0,0,0,0,0,0,0,401,1,0.06,0.0,0.93,1.0,0.0,1.0,0.0,255,1,0.0,1.0,0.0,0.0,0.09,0.0,0.91,1.0,satan
0,udp,other,SF,1,0,0,0,0,0,0,0,0,0,0,0,0,0,0,0,0,0,16,1,0.0,0.0,0.0,0.0,0.06,0.56,0.0,255,1,0.0,0.2,1.0,0.0,0.0,0.0,0.0,0.0,satan
0,udp,private,SF,1,0,0,0,0,0,0,0,0,0,0,0,0,0,0,0,0,0,43,10,0.0,0.0,0.0,0.0,0.23,0.09,0.0,255,10,0.04,0.21,0.99,0.0,0.0,0.0,0.01,0.0,satan
0,icmp,eco_i,SF,8,0,0,0,0,0,0,0,0,0,0,0,0,0,0,0,0,0,1,52,0.0,0.0,0.0,0.0,1.0,0.0,1.0,2,129,1.0,0.0,1.0,0.5,0.0,0.0,0.0,0.0,ipsweep
0,icmp,eco_i,SF,8,0,0,0,0,0,0,0,0,0,0,0,0,0,0,0,0,0,1,24,0.0,0.0,0.0,0.0,1.0,0.0,1.0,2,38,1.0,0.0,1.0,0.5,0.0,0.0,0.0,0.0,ipsweep
0,tcp,http,SF,187,16118,0,0,0,0,0,1,0,0,0,0,0,0,0,0,0,0,1,1,0.0,0.0,0.0,0.0,1.0,0.0,0.0,49,255,1.0,0.0,0.02,0.03,0.0,0.0,0.0,0.0,normal
0,tcp,http,SF,54540,8314,0,0,0,2,0,1,1,0,0,0,0,0,0,0,0,0,5,5,0.0,0.0,0.0,0.0,1.0,0.0,0.0,62,62,1.0,0.0,0.02,0.0,0.0,0.0,0.03,0.03,back
0,icmp,eco_i,SF,8,0,0,0,0,0,0,0,0,0,0,0,0,0,0,0,0,0,1,21,0.0,0.0,0.0,0.0,1.0,0.0,1.0,1,99,1.0,0.0,1.0,0.51,0.0,0.0,0.0,0.0,ipsweep
0,udp,private,SF,207,0,0,0,0,0,0,0,0,0,0,0,0,0,0,0,0,0,2,2,0.0,0.0,0.0,0.0,1.0,0.0,0.0,248,208,0.84,0.01,0.84,0.0,0.0,0.0,0.0,0.0,nmap
0,tcp,time,SH,0,0,0,0,0,0,0,0,0,0,0,0,0,0,0,0,0,0,1,1,1.0,1.0,0.0,0.0,1.0,0.0,0.0,255,1,0.0,1.0,1.0,0.0,1.0,1.0,0.0,0.0,nmap
0,tcp,smtp,SF,991,330,0,0,0,0,0,1,0,0,0,0,0,0,0,0,0,0,1,2,0.0,0.0,0.0,0.0,1.0,0.0,1.0,24,41,1.0,0.0,0.04,0.05,0.0,0.0,0.0,0.0,normal
0,icmp,eco_i,SF,8,0,0,0,0,0,0,0,0,0,0,0,0,0,0,0,0,0,1,31,0.0,0.0,0.0,0.0,1.0,0.0,1.0,2,54,1.0,0.0,1.0,0.52,0.0,0.0,0.0,0.0,ipsweep
0,icmp,eco_i,SF,8,0,0,0,0,0,0,0,0,0,0,0,0,0,0,0,0,0,1,41,0.0,0.0,0.0,0.0,1.0,0.0,1.0,4,8,1.0,0.0,1.0,0.25,0.0,0.0,0.0,0.0,nmap
0,tcp,http,SF,328,1197,0,0,0,0,0,1,0,0,0,0,0,0,0,0,0,0,2,2,0.0,0.0,0.0,0.0,1.0,0.0,0.0,90,255,1.0,0.0,0.01,0.01,0.0,0.0,0.0,0.0,normal
0,icmp,eco_i,SF,8,0,0,0,0,0,0,0,0,0,0,0,0,0,0,0,0,0,1,17,0.0,0.0,0.0,0.0,1.0,0.0,1.0,2,170,1.0,0.0,1.0,0.25,0.0,0.0,0.0,0.0,nmap
0,icmp,eco_i,SF,8,0,0,0,0,0,0,0,0,0,0,0,0,0,0,0,0,0,1,33,0.0,0.0,0.0,0.0,1.0,0.0,1.0,1,85,1.0,0.0,1.0,0.51,0.0,0.0,0.0,0.0,ipsweep
0,tcp,smtp,SF,3580,387,0,0,0,0,0,1,0,0,0,0,0,0,0,0,0,0,1,1,0.0,0.0,0.0,0.0,1.0,0.0,0.0,255,45,0.18,0.08,0.0,0.0,0.68,0.0,0.01,0.0,normal
0,tcp,private,REJ,0,0,0,0,0,0,0,0,0,0,0,0,0,0,0,0,0,0,27,1,0.0,0.0,0.93,1.0,0.04,1.0,0.0,255,1,0.0,0.15,0.0,0.0,0.0,0.0,0.11,1.0,satan
0,icmp,eco_i,SF,18,0,0,0,0,0,0,0,0,0,0,0,0,0,0,0,0,0,1,1,0.0,0.0,0.0,0.0,1.0,0.0,0.0,1,32,1.0,0.0,1.0,1.0,0.0,0.0,0.0,0.0,ipsweep
31925,tcp,private,RSTR,1,0,0,0,0,0,0,0,0,0,0,0,0,0,0,0,0,0,2,2,0.0,0.0,1.0,1.0,1.0,0.0,0.0,255,2,0.01,0.82,1.0,0.0,0.0,0.0,1.0,1.0,portsweep
0,tcp,private,REJ,0,0,0,0,0,0,0,0,0,0,0,0,0,0,0,0,0,0,511,1,0.07,0.0,0.91,1.0,0.0,1.0,0.0,255,1,0.0,1.0,0.0,0.0,0.09,0.0,0.88,1.0,satan
0,tcp,telnet,S0,0,0,0,0,0,0,0,0,0,0,0,0,0,0,0,0,0,0,27,5,1.0,1.0,0.0,0.0,0.19,0.15,0.0,109,28,0.25,0.04,0.04,0.07,0.98,0.89,0.0,0.0,neptune
0,tcp,other,REJ,0,0,0,0,0,0,0,0,0,0,0,0,0,0,0,0,0,0,511,1,0.05,0.0,0.95,1.0,0.0,1.0,0.0,255,1,0.0,1.0,0.0,0.0,0.06,0.0,0.94,1.0,satan
0,tcp,private,S0,0,0,0,0,0,0,0,0,0,0,0,0,0,0,0,0,0,0,107,18,1.0,1.0,0.0,0.0,0.17,0.06,0.0,255,2,0.01,0.06,0.0,0.0,1.0,1.0,0.0,0.0,neptune
0,tcp,discard,SH,0,0,0,0,0,0,0,0,0,0,0,0,0,0,0,0,0,0,1,1,1.0,1.0,0.0,0.0,1.0,0.0,0.0,255,1,0.0,1.0,1.0,0.0,1.0,1.0,0.0,0.0,nmap
0,tcp,private,REJ,0,0,0,0,0,0,0,0,0,0,0,0,0,0,0,0,0,0,199,1,0.1,0.0,0.89,1.0,0.01,1.0,0.0,255,1,0.0,0.9,0.0,0.0,0.07,0.0,0.71,1.0,satan
0,tcp,private,RSTR,0,0,0,0,0,0,0,0,0,0,0,0,0,0,0,0,0,0,1,1,0.0,0.0,1.0,1.0,1.0,0.0,0.0,255,1,0.0,0.63,0.62,0.0,0.0,0.0,0.62,1.0,portsweep
0,tcp,private,REJ,0,0,0,0,0,0,0,0,0,0,0,0,0,0,0,0,0,0,511,1,0.07,0.0,0.92,1.0,0.0,1.0,0.0,255,1,0.0,1.0,0.01,0.0,0.1,0.0,0.88,1.0,satan
0,tcp,private,S0,0,0,0,0,0,0,0,0,0,0,0,0,0,0,0,0,0,0,2,1,0.5,1.0,0.5,0.0,0.5,1.0,0.0,255,1,0.0,1.0,1.0,0.0,0.07,1.0,0.93,0.0,portsweep
610,tcp,other,RSTR,1,0,0,0,0,0,0,0,0,0,0,0,0,0,0,0,0,0,2,2,0.0,0.0,1.0,1.0,1.0,0.0,0.0,255,2,0.01,0.73,1.0,0.0,0.0,0.0,1.0,1.0,portsweep
0,tcp,private,REJ,0,0,0,0,0,0,0,0,0,0,0,0,0,0,0,0,0,0,498,1,0.06,0.0,0.93,1.0,0.0,1.0,0.0,255,1,0.0,1.0,0.0,0.0,0.08,0.0,0.92,1.0,satan
0,tcp,name,SH,0,0,0,0,0,0,0,0,0,0,0,0,0,0,0,0,0,0,1,1,1.0,1.0,0.0,0.0,1.0,0.0,0.0,255,1,0.0,1.0,1.0,0.0,1.0,1.0,0.0,0.0,nmap
0,icmp,eco_i,SF,8,0,0,0,0,0,0,0,0,0,0,0,0,0,0,0,0,0,1,5,0.0,0.0,0.0,0.0,1.0,0.0,1.0,2,28,1.0,0.0,1.0,0.54,0.0,0.0,0.0,0.0,ipsweep
0,icmp,eco_i,SF,8,0,0,0,0,0,0,0,0,0,0,0,0,0,0,0,0,0,1,41,0.0,0.0,0.0,0.0,1.0,0.0,1.0,2,84,1.0,0.0,1.0,0.5,0.0,0.0,0.0,0.0,ipsweep
0,tcp,private,REJ,0,0,0,0,0,0,0,0,0,0,0,0,0,0,0,0,0,0,2,1,0.0,0.0,1.0,1.0,0.5,1.0,0.0,255,1,0.0,0.83,0.82,0.0,0.0,0.0,0.82,1.0,portsweep
0,tcp,private,REJ,0,0,0,0,0,0,0,0,0,0,0,0,0,0,0,0,0,0,279,1,0.03,0.0,0.95,1.0,0.0,1.0,0.0,255,1,0.0,0.97,0.0,0.0,0.04,0.0,0.92,1.0,satan
0,icmp,ecr_i,SF,520,0,0,0,0,0,0,0,0,0,0,0,0,0,0,0,0,0,403,403,0.0,0.0,0.0,0.0,1.0,0.0,0.0,255,255,1.0,0.0,1.0,0.0,0.0,0.0,0.0,0.0,smurf
0,icmp,eco_i,SF,8,0,0,0,0,0,0,0,0,0,0,0,0,0,0,0,0,0,1,18,0.0,0.0,0.0,0.0,1.0,0.0,1.0,1,255,1.0,0.0,1.0,0.5,0.0,0.0,0.0,0.0,ipsweep
0,tcp,name,REJ,0,0,0,0,0,0,0,0,0,0,0,0,0,0,0,0,0,0,234,10,0.0,0.0,1.0,1.0,0.04,0.07,0.0,255,24,0.09,0.07,0.0,0.0,0.0,0.0,1.0,1.0,neptune
0,tcp,other,S0,0,0,0,0,0,0,0,0,0,0,0,0,0,0,0,0,0,0,511,1,0.33,1.0,0.67,0.0,0.0,1.0,0.0,255,1,0.0,1.0,0.0,0.0,0.17,1.0,0.83,0.0,satan
0,tcp,private,REJ,0,0,0,0,0,0,0,0,0,0,0,0,0,0,0,0,0,0,291,16,0.0,0.0,1.0,1.0,0.05,0.06,0.0,255,31,0.12,0.07,0.0,0.0,0.0,0.0,1.0,1.0,neptune
0,tcp,private,RSTR,0,0,0,0,0,0,0,0,0,0,0,0,0,0,0,0,0,0,1,1,0.0,0.0,1.0,1.0,1.0,0.0,0.0,205,1,0.0,0.77,0.77,0.0,0.03,0.0,0.63,1.0,portsweep
0,tcp,other,REJ,0,0,0,0,0,0,0,0,0,0,0,0,0,0,0,0,0,0,510,1,0.14,0.0,0.86,1.0,0.0,1.0,0.0,255,1,0.0,1.0,0.01,0.0,0.11,0.0,0.89,1.0,satan
0,tcp,uucp,S0,0,0,0,0,0,0,0,0,0,0,0,0,0,0,0,0,0,0,135,11,1.0,1.0,0.0,0.0,0.08,0.06,0.0,255,16,0.06,0.06,0.0,0.0,1.0,1.0,0.0,0.0,neptune
12275,udp,other,SF,145,105,0,0,0,0,0,0,0,0,0,0,0,0,0,0,0,0,1,1,0.0,0.0,0.0,0.0,1.0,0.0,0.0,255,1,0.0,0.66,0.93,0.0,0.0,0.0,0.0,0.0,normal
0,icmp,eco_i,SF,8,0,0,0,0,0,0,0,0,0,0,0,0,0,0,0,0,0,1,7,0.0,0.0,0.0,0.0,1.0,0.0,1.0,2,80,1.0,0.0,1.0,0.5,0.0,0.0,0.0,0.0,ipsweep
0,tcp,http,SF,227,1383,0,0,0,0,0,1,0,0,0,0,0,0,0,0,0,0,11,11,0.0,0.0,0.0,0.0,1.0,0.0,0.0,58,255,1.0,0.0,0.02,0.02,0.0,0.0,0.0,0.0,normal
0,tcp,other,REJ,0,0,0,0,0,0,0,0,0,0,0,0,0,0,0,0,0,0,415,1,0.07,0.0,0.9,1.0,0.0,1.0,0.0,255,1,0.0,1.0,0.0,0.0,0.08,0.0,0.91,1.0,satan
0,tcp,auth,REJ,0,0,0,0,0,0,0,0,0,0,0,0,0,0,0,0,0,0,120,1,0.0,0.0,1.0,1.0,0.01,0.08,0.0,255,1,0.0,0.08,0.0,0.0,0.0,0.0,1.0,1.0,neptune
30619,tcp,courier,RSTR,1,0,0,0,0,0,0,0,0,0,0,0,0,0,0,0,0,0,2,2,0.0,0.0,1.0,1.0,1.0,0.0,0.0,255,2,0.01,0.72,1.0,0.0,0.0,0.0,1.0,1.0,portsweep
0,icmp,eco_i,SF,8,0,0,0,0,0,0,0,0,0,0,0,0,0,0,0,0,0,1,42,0.0,0.0,0.0,0.0,1.0,0.0,1.0,2,6,1.0,0.0,1.0,0.5,0.0,0.0,0.0,0.0,ipsweep
0,udp,private,SF,1,0,0,0,0,0,0,0,0,0,0,0,0,0,0,0,0,0,28,1,0.0,0.0,0.0,0.0,0.04,0.21,0.0,255,1,0.0,0.83,0.2,0.0,0.1,0.0,0.7,0.0,satan
0,tcp,rje,REJ,0,0,0,0,0,0,0,0,0,0,0,0,0,0,0,0,0,0,1,1,0.0,0.0,1.0,1.0,1.0,0.0,0.0,58,2,0.02,1.0,0.02,1.0,0.0,0.0,0.97,1.0,ipsweep
0,tcp,http,SF,340,6731,0,0,0,0,0,1,0,0,0,0,0,0,0,0,0,0,4,5,0.0,0.0,0.0,0.0,1.0,0.0,0.4,34,255,1.0,0.0,0.03,0.02,0.0,0.0,0.0,0.0,normal
0,icmp,eco_i,SF,8,0,0,0,0,0,0,0,0,0,0,0,0,0,0,0,0,0,1,30,0.0,0.0,0.0,0.0,1.0,0.0,1.0,2,86,1.0,0.0,1.0,0.5,0.0,0.0,0.0,0.0,ipsweep
5350,tcp,other,RSTR,1,0,0,0,0,0,0,0,0,0,0,0,0,0,0,0,0,0,2,2,0.0,0.0,1.0,1.0,1.0,0.0,0.0,255,2,0.01,0.74,1.0,0.0,0.0,0.0,1.0,1.0,portsweep
0,icmp,eco_i,SF,8,0,0,0,0,0,0,0,0,0,0,0,0,0,0,0,0,0,1,6,0.0,0.0,0.0,0.0,1.0,0.0,1.0,2,54,1.0,0.0,1.0,0.26,0.0,0.0,0.0,0.0,nmap
0,udp,domain_u,SF,45,72,0,0,0,0,0,0,0,0,0,0,0,0,0,0,0,0,221,221,0.0,0.0,0.0,0.0,1.0,0.01,0.01,255,254,1.0,0.01,0.0,0.0,0.0,0.0,0.0,0.0,normal
0,tcp,klogin,S0,0,0,0,0,0,0,0,0,0,0,0,0,0,0,0,0,0,0,115,18,1.0,1.0,0.0,0.0,0.16,0.07,0.0,255,7,0.03,0.08,0.0,0.0,1.0,1.0,0.0,0.0,neptune
0,tcp,ftp_data,S0,0,0,0,0,0,0,0,0,0,0,0,0,0,0,0,0,0,0,59,11,1.0,1.0,0.0,0.0,0.19,0.07,0.0,255,51,0.2,0.02,0.01,0.0,1.0,1.0,0.0,0.0,neptune
0,tcp,private,RSTR,0,0,0,0,0,0,0,0,0,0,0,0,0,0,0,0,0,0,1,1,0.0,0.0,1.0,1.0,1.0,0.0,0.0,110,1,0.01,0.15,0.11,0.0,0.0,0.0,0.1,1.0,portsweep
18078,tcp,other,RSTR,1,0,0,0,0,0,0,0,0,0,0,0,0,0,0,0,0,0,2,2,0.0,0.0,1.0,1.0,1.0,0.0,0.0,255,2,0.01,0.73,1.0,0.0,0.0,0.0,1.0,1.0,portsweep
0,icmp,eco_i,SF,30,0,0,0,0,0,0,0,0,0,0,0,0,0,0,0,0,0,8,1,0.0,0.0,0.0,0.0,0.12,0.38,0.0,255,6,0.02,0.01,0.16,0.0,0.0,0.0,0.0,0.0,normal
22476,tcp,private,RSTR,1,0,0,0,0,0,0,0,0,0,0,0,0,0,0,0,0,0,2,2,0.0,0.0,1.0,1.0,1.0,0.0,0.0,255,2,0.01,0.73,1.0,0.0,0.0,0.0,1.0,1.0,portsweep
0,tcp,other,REJ,0,0,0,0,0,0,0,0,0,0,0,0,0,0,0,0,0,0,391,1,0.07,0.0,0.9,1.0,0.0,1.0,0.0,255,1,0.0,1.0,0.0,0.0,0.09,0.0,0.9,1.0,satan
0,icmp,eco_i,SF,8,0,0,0,0,0,0,0,0,0,0,0,0,0,0,0,0,0,1,11,0.0,0.0,0.0,0.0,1.0,0.0,1.0,2,210,1.0,0.0,1.0,0.25,0.0,0.0,0.0,0.0,nmap
0,tcp,ftp,RSTO,0,0,0,0,0,0,0,0,0,0,0,0,0,0,0,0,0,0,132,8,0.0,0.0,1.0,1.0,0.06,0.07,0.0,255,2,0.01,0.07,0.0,0.0,0.0,0.0,1.0,1.0,neptune
0,tcp,http,SF,227,369,0,0,0,0,0,1,0,0,0,0,0,0,0,0,0,0,7,11,0.0,0.0,0.0,0.0,1.0,0.0,0.18,163,255,1.0,0.0,0.01,0.04,0.0,0.0,0.01,0.01,normal
0,tcp,private,RSTR,0,0,0,0,0,0,0,0,0,0,0,0,0,0,0,0,0,0,1,1,0.0,0.0,1.0,1.0,1.0,0.0,0.0,255,1,0.0,0.41,0.4,0.0,0.0,0.0,0.4,1.0,portsweep
2,tcp,telnet,RSTO,0,15,0,0,0,0,0,0,0,0,0,0,0,0,0,0,0,0,1,1,0.0,0.0,1.0,1.0,1.0,0.0,0.0,4,7,0.25,1.0,0.25,0.43,0.0,0.0,1.0,0.29,ipsweep
0,udp,private,SF,1,0,0,0,0,0,0,0,0,0,0,0,0,0,0,0,0,0,30,4,0.0,0.0,0.0,0.0,0.13,0.1,0.0,255,47,0.18,0.22,1.0,0.0,0.0,0.0,0.0,0.0,satan
0,icmp,eco_i,SF,8,0,0,0,0,0,0,0,0,0,0,0,0,0,0,0,0,0,1,17,0.0,0.0,0.0,0.0,1.0,0.0,1.0,2,174,1.0,0.0,1.0,0.5,0.0,0.0,0.0,0.0,ipsweep
41909,tcp,whois,RSTR,1,0,0,0,0,0,0,0,0,0,0,0,0,0,0,0,0,0,1,1,0.0,0.0,1.0,1.0,1.0,0.0,0.0,205,1,0.0,0.21,0.41,0.0,0.0,0.0,0.41,1.0,portsweep
0,tcp,ftp_data,SF,6062,0,0,0,0,0,0,0,0,0,0,0,0,0,0,0,0,0,24,24,0.0,0.0,0.0,0.0,1.0,0.0,0.0,195,76,0.39,0.03,0.39,0.0,0.0,0.0,0.0,0.0,normal
0,tcp,http,SF,231,258,0,0,0,0,0,1,0,0,0,0,0,0,0,0,0,0,2,15,0.0,0.0,0.0,0.0,1.0,0.0,0.13,255,249,0.98,0.01,0.0,0.0,0.0,0.0,0.0,0.0,normal
0,tcp,ftp,SF,1151,2445,0,0,0,28,0,1,0,0,0,0,0,0,0,0,0,1,1,1,0.0,0.0,0.0,0.0,1.0,0.0,0.0,255,110,0.43,0.02,0.0,0.0,0.0,0.0,0.0,0.0,warezclient
0,icmp,eco_i,SF,8,0,0,0,0,0,0,0,0,0,0,0,0,0,0,0,0,0,1,14,0.0,0.0,0.0,0.0,1.0,0.0,1.0,1,80,1.0,0.0,1.0,0.26,0.0,0.0,0.0,0.0,nmap
0,icmp,eco_i,SF,8,0,0,0,0,0,0,0,0,0,0,0,0,0,0,0,0,0,1,39,0.0,0.0,0.0,0.0,1.0,0.0,1.0,2,122,1.0,0.0,1.0,0.25,0.0,0.0,0.0,0.0,nmap
0,tcp,domain,SF,0,0,0,0,0,0,0,0,0,0,0,0,0,0,0,0,0,0,1,1,0.0,0.0,0.0,0.0,1.0,0.0,0.0,34,2,0.03,1.0,0.03,1.0,0.0,0.0,0.91,0.0,ipsweep
0,icmp,eco_i,SF,8,0,0,0,0,0,0,0,0,0,0,0,0,0,0,0,0,0,1,23,0.0,0.0,0.0,0.0,1.0,0.0,1.0,2,2,1.0,0.0,1.0,0.0,0.0,0.0,0.0,0.0,ipsweep
0,icmp,eco_i,SF,8,0,0,0,0,0,0,0,0,0,0,0,0,0,0,0,0,0,1,46,0.0,0.0,0.0,0.0,1.0,0.0,1.0,3,243,1.0,0.0,1.0,0.25,0.0,0.0,0.0,0.0,nmap
1011,tcp,other,RSTR,1,0,0,0,0,0,0,0,0,0,0,0,0,0,0,0,0,0,2,2,0.0,0.0,1.0,1.0,1.0,0.0,0.0,255,2,0.01,0.73,1.0,0.0,0.0,0.0,1.0,1.0,portsweep
0,icmp,eco_i,SF,8,0,0,0,0,0,0,0,0,0,0,0,0,0,0,0,0,0,1,3,0.0,0.0,0.0,0.0,1.0,0.0,1.0,1,62,1.0,0.0,1.0,0.52,0.0,0.0,0.0,0.0,ipsweep
0,tcp,private,REJ,0,0,0,0,0,0,0,0,0,0,0,0,0,0,0,0,0,0,83,1,0.08,0.0,0.92,1.0,0.01,1.0,0.0,255,1,0.0,0.6,0.0,0.0,0.03,0.0,0.31,1.0,satan
0,icmp,eco_i,SF,8,0,0,0,0,0,0,0,0,0,0,0,0,0,0,0,0,0,1,30,0.0,0.0,0.0,0.0,1.0,0.0,1.0,2,84,1.0,0.0,1.0,0.5,0.0,0.0,0.0,0.0,ipsweep
8,tcp,ftp,SF,6,54,0,0,0,0,0,0,0,0,0,0,0,0,0,0,0,0,79,1,0.0,0.0,0.92,0.0,0.01,1.0,0.0,204,3,0.01,0.43,0.0,0.0,0.0,0.0,0.37,0.0,satan
0,icmp,eco_i,SF,8,0,0,0,0,0,0,0,0,0,0,0,0,0,0,0,0,0,1,6,0.0,0.0,0.0,0.0,1.0,0.0,1.0,2,34,1.0,0.0,1.0,0.5,0.0,0.0,0.0,0.0,ipsweep
0,icmp,eco_i,SF,18,0,0,0,0,0,0,0,0,0,0,0,0,0,0,0,0,0,1,1,0.0,0.0,0.0,0.0,1.0,0.0,0.0,1,251,1.0,0.0,1.0,1.0,0.0,0.0,0.0,0.0,ipsweep
0,tcp,private,REJ,0,0,0,0,0,0,0,0,0,0,0,0,0,0,0,0,0,0,217,1,0.06,0.0,0.88,1.0,0.0,1.0,0.0,255,1,0.0,0.86,0.0,0.0,0.05,0.0,0.75,1.0,satan
0,icmp,eco_i,SF,18,0,0,0,0,0,0,0,0,0,0,0,0,0,0,0,0,0,1,1,0.0,0.0,0.0,0.0,1.0,0.0,0.0,4,140,1.0,0.0,1.0,0.25,0.0,0.0,0.0,0.0,ipsweep
0,udp,private,SF,1,0,0,0,0,0,0,0,0,0,0,0,0,0,0,0,0,0,11,3,0.0,0.0,0.0,0.0,0.27,0.36,0.0,255,3,0.01,0.7,0.39,0.0,0.0,0.0,0.61,0.0,satan
0,icmp,eco_i,SF,8,0,0,0,0,0,0,0,0,0,0,0,0,0,0,0,0,0,1,11,0.0,0.0,0.0,0.0,1.0,0.0,1.0,2,22,1.0,0.0,1.0,0.5,0.0,0.0,0.0,0.0,ipsweep
0,tcp,private,REJ,0,0,0,0,0,0,0,0,0,0,0,0,0,0,0,0,0,0,1,1,0.0,0.0,1.0,1.0,1.0,0.0,0.0,64,2,0.02,1.0,0.02,1.0,0.0,0.0,0.89,1.0,ipsweep
0,tcp,ftp_data,S0,0,0,0,0,0,0,0,0,0,0,0,0,0,0,0,0,0,0,76,18,1.0,1.0,0.0,0.0,0.24,0.05,0.0,255,58,0.23,0.04,0.01,0.0,1.0,1.0,0.0,0.0,neptune
0,tcp,http,SF,293,3433,0,0,0,0,0,1,0,0,0,0,0,0,0,0,0,0,13,13,0.0,0.0,0.0,0.0,1.0,0.0,0.0,255,255,1.0,0.0,0.0,0.0,0.0,0.0,0.0,0.0,normal
0,icmp,eco_i,SF,8,0,0,0,0,0,0,0,0,0,0,0,0,0,0,0,0,0,1,40,0.0,0.0,0.0,0.0,1.0,0.0,1.0,1,89,1.0,0.0,1.0,0.51,0.0,0.0,0.0,0.0,ipsweep
0,tcp,ftp_data,SF,1376,0,0,0,0,0,0,1,0,0,0,0,0,0,0,0,0,0,4,4,0.0,0.0,0.0,0.0,1.0,0.0,0.0,255,40,0.16,0.02,0.16,0.0,0.0,0.0,0.73,0.0,normal
0,tcp,discard,RSTR,0,0,0,0,0,0,0,0,0,0,0,0,0,0,0,0,0,0,1,1,0.0,0.0,1.0,1.0,1.0,0.0,0.0,107,1,0.01,0.12,0.08,0.0,0.0,0.0,0.07,1.0,portsweep
0,icmp,eco_i,SF,18,0,0,0,0,0,0,0,0,0,0,0,0,0,0,0,0,0,1,1,0.0,0.0,0.0,0.0,1.0,0.0,0.0,4,196,1.0,0.0,1.0,0.25,0.0,0.0,0.0,0.0,ipsweep
0,udp,domain_u,SF,43,130,0,0,0,0,0,0,0,0,0,0,0,0,0,0,0,0,218,295,0.0,0.0,0.0,0.0,1.0,0.01,0.01,220,181,0.82,0.01,0.0,0.0,0.0,0.0,0.0,0.0,normal
0,tcp,private,S0,0,0,0,0,0,0,0,0,0,0,0,0,0,0,0,0,0,0,243,12,1.0,1.0,0.0,0.0,0.05,0.07,0.0,255,16,0.06,0.07,0.0,0.0,1.0,1.0,0.0,0.0,neptune
0,udp,private,SF,1,0,0,0,0,0,0,0,0,0,0,0,0,0,0,0,0,0,5,1,0.0,0.0,0.0,0.0,0.2,0.4,0.0,255,1,0.0,0.76,0.27,0.0,0.03,0.0,0.71,0.0,satan
0,tcp,ftp,SF,1211,2447,0,0,0,28,0,1,0,0,0,0,0,0,0,0,0,1,1,1,0.0,0.0,0.0,0.0,1.0,0.0,0.0,255,137,0.54,0.02,0.0,0.0,0.0,0.0,0.0,0.0,warezclient
0,icmp,eco_i,SF,8,0,0,0,0,0,0,0,0,0,0,0,0,0,0,0,0,0,1,41,0.0,0.0,0.0,0.0,1.0,0.0,1.0,3,3,1.0,0.0,1.0,0.0,0.0,0.0,0.0,0.0,nmap
0,icmp,eco_i,SF,8,0,0,0,0,0,0,0,0,0,0,0,0,0,0,0,0,0,1,4,0.0,0.0,0.0,0.0,1.0,0.0,1.0,1,13,1.0,0.0,1.0,0.31,0.0,0.0,0.0,0.0,nmap
0,icmp,eco_i,SF,8,0,0,0,0,0,0,0,0,0,0,0,0,0,0,0,0,0,1,21,0.0,0.0,0.0,0.0,1.0,0.0,1.0,1,143,1.0,0.0,1.0,0.5,0.0,0.0,0.0,0.0,ipsweep
0,icmp,ecr_i,SF,1032,0,0,0,0,0,0,0,0,0,0,0,0,0,0,0,0,0,264,264,0.0,0.0,0.0,0.0,1.0,0.0,0.0,255,255,1.0,0.0,1.0,0.0,0.0,0.0,0.0,0.0,smurf
0,icmp,eco_i,SF,8,0,0,0,0,0,0,0,0,0,0,0,0,0,0,0,0,0,1,9,0.0,0.0,0.0,0.0,1.0,0.0,1.0,2,46,1.0,0.0,1.0,0.5,0.0,0.0,0.0,0.0,ipsweep
0,udp,private,SF,1,0,0,0,0,0,0,0,0,0,0,0,0,0,0,0,0,0,13,7,0.0,0.0,0.0,0.0,0.54,0.38,0.0,255,7,0.03,0.79,0.25,0.0,0.1,0.0,0.65,0.0,satan
0,tcp,http,SF,290,1745,0,0,0,0,0,1,0,0,0,0,0,0,0,0,0,0,10,10,0.0,0.0,0.0,0.0,1.0,0.0,0.0,74,255,1.0,0.0,0.01,0.01,0.0,0.0,0.0,0.0,normal
0,tcp,http,SF,213,1691,0,0,0,0,0,1,0,0,0,0,0,0,0,0,0,0,3,3,0.0,0.0,0.0,0.0,1.0,0.0,0.0,255,255,1.0,0.0,0.0,0.0,0.0,0.0,0.0,0.0,normal
0,icmp,eco_i,SF,8,0,0,0,0,0,0,0,0,0,0,0,0,0,0,0,0,0,1,45,0.0,0.0,0.0,0.0,1.0,0.0,1.0,4,160,1.0,0.0,1.0,0.25,0.0,0.0,0.0,0.0,nmap
0,tcp,other,REJ,0,0,0,0,0,0,0,0,0,0,0,0,0,0,0,0,0,0,511,1,0.18,0.0,0.82,1.0,0.0,1.0,0.0,255,1,0.0,1.0,0.0,0.0,0.05,0.0,0.95,1.0,satan
0,tcp,private,REJ,0,0,0,0,0,0,0,0,0,0,0,0,0,0,0,0,0,0,1,1,0.0,0.0,1.0,1.0,1.0,0.0,0.0,42,2,0.02,1.0,0.02,1.0,0.0,0.0,0.95,1.0,ipsweep
11,tcp,smtp,SF,1320,339,0,0,0,0,0,1,0,0,0,0,0,0,0,0,0,0,1,2,0.0,0.0,0.0,0.0,1.0,0.0,1.0,60,234,0.93,0.03,0.02,0.01,0.0,0.0,0.0,0.0,normal
0,tcp,private,RSTR,0,0,0,0,0,0,0,0,0,0,0,0,0,0,0,0,0,0,1,1,0.0,0.0,1.0,1.0,1.0,0.0,0.0,201,1,0.0,0.51,0.51,0.0,0.0,0.0,0.51,1.0,portsweep
1111,tcp,other,RSTR,1,0,0,0,0,0,0,0,0,0,0,0,0,0,0,0,0,0,2,2,0.0,0.0,1.0,1.0,1.0,0.0,0.0,255,2,0.01,0.73,1.0,0.0,0.0,0.0,1.0,1.0,portsweep
0,udp,private,SF,1,0,0,0,0,0,0,0,0,0,0,0,0,0,0,0,0,0,124,114,0.0,0.0,0.0,0.0,0.92,0.02,0.0,255,182,0.71,0.04,1.0,0.0,0.0,0.0,0.0,0.0,satan
0,tcp,other,REJ,0,0,0,0,0,0,0,0,0,0,0,0,0,0,0,0,0,0,333,1,0.09,0.0,0.9,1.0,0.0,1.0,0.0,255,1,0.0,1.0,0.0,0.0,0.09,0.0,0.9,1.0,satan
0,icmp,eco_i,SF,8,0,0,0,0,0,0,0,0,0,0,0,0,0,0,0,0,0,1,31,0.0,0.0,0.0,0.0,1.0,0.0,1.0,2,129,1.0,0.0,1.0,0.5,0.0,0.0,0.0,0.0,ipsweep
0,tcp,private,REJ,0,0,0,0,0,0,0,0,0,0,0,0,0,0,0,0,0,0,64,1,0.11,0.0,0.89,1.0,0.02,1.0,0.0,255,1,0.0,0.53,0.0,0.0,0.03,0.0,0.24,1.0,satan
0,icmp,eco_i,SF,8,0,0,0,0,0,0,0,0,0,0,0,0,0,0,0,0,0,1,8,0.0,0.0,0.0,0.0,1.0,0.0,1.0,1,155,1.0,0.0,1.0,0.5,0.0,0.0,0.0,0.0,ipsweep
0,tcp,private,SH,0,0,0,0,0,0,0,0,0,0,0,0,0,0,0,0,0,0,1,1,1.0,1.0,0.0,0.0,1.0,0.0,0.0,85,1,0.01,0.88,0.91,0.0,0.91,1.0,0.0,0.0,nmap
0,tcp,other,REJ,0,0,0,0,0,0,0,0,0,0,0,0,0,0,0,0,0,0,475,1,0.07,0.0,0.92,1.0,0.0,1.0,0.0,255,1,0.0,1.0,0.0,0.0,0.04,0.0,0.96,1.0,satan
0,icmp,eco_i,SF,8,0,0,0,0,0,0,0,0,0,0,0,0,0,0,0,0,0,1,19,0.0,0.0,0.0,0.0,1.0,0.0,1.0,1,177,1.0,0.0,1.0,0.25,0.0,0.0,0.0,0.0,nmap
0,icmp,eco_i,SF,8,0,0,0,0,0,0,0,0,0,0,0,0,0,0,0,0,0,1,48,0.0,0.0,0.0,0.0,1.0,0.0,1.0,1,67,1.0,0.0,1.0,0.51,0.0,0.0,0.0,0.0,ipsweep
8,tcp,other,RSTR,0,0,0,0,0,0,0,0,0,0,0,0,0,0,0,0,0,0,1,1,0.0,0.0,1.0,1.0,1.0,0.0,0.0,255,1,0.0,1.0,1.0,0.0,0.0,0.0,1.0,1.0,portsweep
0,tcp,http,SF,212,5790,0,0,0,0,0,1,0,0,0,0,0,0,0,0,0,0,4,4,0.25,0.25,0.0,0.0,1.0,0.0,0.0,255,255,1.0,0.0,0.0,0.0,0.0,0.0,0.0,0.0,normal
0,tcp,ftp_data,SF,245,0,0,0,0,0,0,1,0,0,0,1,0,0,0,0,0,0,1,1,0.0,0.0,0.0,0.0,1.0,0.0,0.0,114,71,0.31,0.05,0.31,0.03,0.0,0.0,0.0,0.0,normal
0,icmp,eco_i,SF,8,0,0,0,0,0,0,0,0,0,0,0,0,0,0,0,0,0,1,47,0.0,0.0,0.0,0.0,1.0,0.0,1.0,2,140,1.0,0.0,1.0,0.5,0.0,0.0,0.0,0.0,ipsweep
0,icmp,eco_i,SF,18,0,0,0,0,0,0,0,0,0,0,0,0,0,0,0,0,0,1,1,0.0,0.0,0.0,0.0,1.0,0.0,0.0,1,234,1.0,0.0,1.0,1.0,0.0,0.0,0.0,0.0,ipsweep
6,tcp,smtp,SF,0,82,0,0,0,0,0,1,0,0,0,0,0,0,0,0,0,0,1,1,0.0,0.0,0.0,0.0,1.0,0.0,0.0,6,107,0.17,1.0,0.17,0.03,0.0,0.0,0.5,0.06,ipsweep
0,tcp,http,REJ,0,0,0,0,0,0,0,0,0,0,0,0,0,0,0,0,0,0,2,2,0.0,0.0,1.0,1.0,1.0,0.0,0.0,2,255,1.0,0.0,0.5,0.11,0.0,0.0,1.0,0.53,normal
0,icmp,eco_i,SF,8,0,0,0,0,0,0,0,0,0,0,0,0,0,0,0,0,0,1,7,0.0,0.0,0.0,0.0,1.0,0.0,1.0,2,190,1.0,0.0,1.0,0.25,0.0,0.0,0.0,0.0,nmap
0,udp,other,SF,147,0,0,0,0,0,0,0,0,0,0,0,0,0,0,0,0,0,5,1,0.0,0.0,0.0,0.0,0.2,0.6,0.0,255,1,0.0,0.49,0.96,0.0,0.0,0.0,0.0,0.0,normal
0,icmp,eco_i,SF,18,0,0,0,0,0,0,0,0,0,0,0,0,0,0,0,0,0,1,1,0.0,0.0,0.0,0.0,1.0,0.0,0.0,4,96,1.0,0.0,1.0,0.25,0.0,0.0,0.0,0.0,ipsweep
0,icmp,eco_i,SF,18,0,0,0,0,0,0,0,0,0,0,0,0,0,0,0,0,0,1,1,0.0,0.0,0.0,0.0,1.0,0.0,0.0,1,102,1.0,0.0,1.0,1.0,0.0,0.0,0.0,0.0,ipsweep
0,udp,private,SF,1,74,0,0,0,0,0,0,0,0,0,0,0,0,0,0,0,0,25,4,0.0,0.0,0.0,0.0,0.16,0.16,0.0,255,4,0.02,0.79,0.23,0.0,0.16,0.0,0.62,0.0,satan
0,tcp,other,REJ,0,0,0,0,0,0,0,0,0,0,0,0,0,0,0,0,0,0,511,1,0.1,0.0,0.87,1.0,0.0,1.0,0.0,255,1,0.0,1.0,0.0,0.0,0.09,0.0,0.86,1.0,satan
0,tcp,http,S0,0,0,0,0,0,0,0,0,0,0,0,0,0,0,0,0,0,0,1,1,1.0,1.0,0.0,0.0,1.0,0.0,0.0,20,255,1.0,0.0,0.05,0.18,0.05,0.0,0.95,0.98,normal
0,tcp,private,REJ,0,0,0,0,0,0,0,0,0,0,0,0,0,0,0,0,0,0,19,1,0.0,0.0,0.95,1.0,0.05,1.0,0.0,137,1,0.01,0.24,0.01,0.0,0.0,0.0,0.15,1.0,satan
0,icmp,eco_i,SF,18,0,0,0,0,0,0,0,0,0,0,0,0,0,0,0,0,0,1,1,0.0,0.0,0.0,0.0,1.0,0.0,0.0,1,222,1.0,0.0,1.0,1.0,0.0,0.0,0.0,0.0,ipsweep
0,udp,private,SF,1,0,0,0,0,0,0,0,0,0,0,0,0,0,0,0,0,0,154,144,0.0,0.0,0.0,0.0,0.94,0.01,0.0,255,207,0.81,0.03,1.0,0.0,0.0,0.0,0.0,0.0,satan
0,tcp,private,SH,0,0,0,0,0,0,0,0,0,0,0,0,0,0,0,0,0,0,1,1,1.0,1.0,0.0,0.0,1.0,0.0,0.0,175,1,0.01,0.94,0.95,0.0,0.95,1.0,0.0,0.0,nmap
0,tcp,http,SF,297,753,0,0,0,0,0,1,0,0,0,0,0,0,0,0,0,0,11,11,0.0,0.0,0.0,0.0,1.0,0.0,0.0,255,255,1.0,0.0,0.0,0.0,0.0,0.0,0.0,0.0,normal
0,tcp,private,REJ,0,0,0,0,0,0,0,0,0,0,0,0,0,0,0,0,0,0,1,1,0.0,0.0,1.0,1.0,1.0,0.0,0.0,255,1,0.0,0.84,0.82,0.0,0.0,0.0,0.82,1.0,portsweep
0,tcp,private,S0,0,0,0,0,0,0,0,0,0,0,0,0,0,0,0,0,0,0,107,14,1.0,1.0,0.0,0.0,0.13,0.06,0.0,255,10,0.04,0.06,0.0,0.0,1.0,1.0,0.0,0.0,neptune
36204,tcp,private,RSTR,1,0,0,0,0,0,0,0,0,0,0,0,0,0,0,0,0,0,2,2,0.0,0.0,1.0,1.0,1.0,0.0,0.0,255,2,0.01,0.5,1.0,0.0,0.0,0.0,1.0,1.0,portsweep
12,tcp,private,RSTR,0,0,0,0,0,0,0,0,0,0,0,0,0,0,0,0,0,0,1,1,0.0,0.0,1.0,1.0,1.0,0.0,0.0,255,1,0.0,1.0,1.0,0.0,0.0,0.0,1.0,1.0,portsweep
0,tcp,other,REJ,0,0,0,0,0,0,0,0,0,0,0,0,0,0,0,0,0,0,511,1,0.04,0.0,0.96,1.0,0.0,0.96,0.0,255,1,0.0,1.0,0.0,0.0,0.0,0.0,1.0,1.0,satan
0,icmp,eco_i,SF,8,0,0,0,0,0,0,0,0,0,0,0,0,0,0,0,0,0,1,18,0.0,0.0,0.0,0.0,1.0,0.0,1.0,1,65,1.0,0.0,1.0,0.51,0.0,0.0,0.0,0.0,ipsweep
0,tcp,http,SF,226,1372,0,0,0,0,0,1,0,0,0,0,0,0,0,0,0,0,8,11,0.0,0.0,0.0,0.0,1.0,0.0,0.27,58,255,1.0,0.0,0.02,0.03,0.0,0.0,0.0,0.0,normal
0,icmp,eco_i,SF,8,0,0,0,0,0,0,0,0,0,0,0,0,0,0,0,0,0,1,44,0.0,0.0,0.0,0.0,1.0,0.0,1.0,3,235,1.0,0.0,1.0,0.25,0.0,0.0,0.0,0.0,nmap
